Customer_ID,Age,Annual_Income,Credit_Score,Account_Tenure_Years,Monthly_Spend,Support_Calls,Late_Payments,Login_Frequency,Churn
C01502,31,25450,654,0.7,184.24,3,2,26.6,0
C02587,35,73781,719,0.2,87.99,1,0,18.9,0
C02654,35,39669,640,5.9,387.84,2,2,7.1,0
C01056,60,74832,695,8.1,221.46,1,0,18.8,0
C00706,43,41365,668,9.7,195.86,1,3,22.5,0
C00107,52,48496,689,6.6,288.61,0,2,10.9,0
C00590,54,62302,566,12.2,201.51,0,3,10.6,0
C02469,22,72952,710,6.0,167.21,2,1,15.4,0
C02414,45,51651,695,4.5,252.98,1,2,11.9,0
C01601,33,52521,740,4.2,84.63,1,0,17.9,0
C02465,39,43369,653,5.6,216.11,2,1,5.3,0
C00229,42,51406,682,3.6,53.26,1,3,12.0,0
C00916,39,21112,659,0.2,85.89,5,0,25.9,0
C00795,38,71705,597,4.0,213.55,0,2,23.2,0
C03022,26,77152,700,4.5,209.49,1,0,18.9,0
C03544,51,47563,611,10.3,135.16,4,1,25.1,0
C01074,42,64852,708,9.7,222.15,3,2,13.9,0
C03352,58,58080,615,2.1,233.14,1,0,16.8,0
C01745,29,70048,642,4.0,319.53,1,1,16.5,0
C01085,29,78418,725,6.0,143.64,1,0,30.5,0
C00927,42,32842,689,7.7,148.57,1,0,33.0,0
C03050,49,60286,645,6.6,230.43,3,2,19.3,0
C01118,44,52452,695,4.8,170.74,0,1,1.0,0
C00643,55,57311,712,0.2,219.76,1,1,21.9,0
C04768,21,48768,688,7.0,251.19,2,1,20.5,0
C00502,47,61337,683,6.0,120.3,5,2,24.1,0
C04067,55,61202,643,5.8,193.18,0,2,18.2,0
C00334,54,39837,704,8.3,171.83,3,0,17.8,0
C04685,41,55282,665,5.8,104.46,2,0,17.0,0
C00487,34,72673,743,4.9,105.82,1,1,9.0,0
C01963,26,54168,786,5.1,246.32,2,1,16.6,0
C00394,44,56131,664,4.3,197.12,1,0,13.1,0
C04843,24,45907,655,5.4,154.57,2,0,9.0,0
C04867,39,55283,765,5.9,73.35,1,0,14.9,0
C01756,33,25162,613,3.0,135.41,3,2,3.0,0
C02516,53,64399,661,4.8,332.91,2,1,18.1,0
C03586,29,79292,721,5.1,106.12,1,0,17.2,0
C04316,32,49183,624,1.2,161.43,1,0,24.2,0
C04967,30,47939,608,0.7,29.54,2,2,18.8,0
C02100,30,55318,749,0.8,250.36,5,0,14.3,0
C03600,45,54104,670,3.4,240.27,1,0,13.1,0
C04122,58,39835,688,4.2,247.15,4,0,21.9,0
C00030,38,55547,724,4.5,31.98,1,1,15.3,0
C00066,34,80602,595,6.6,261.9,2,1,20.8,0
C00839,21,43892,731,4.7,190.58,3,3,19.3,0
C03907,49,86056,613,8.3,206.27,5,3,23.4,0
C03774,26,44599,629,4.8,196.29,1,0,16.5,0
C04636,51,70587,634,8.3,349.55,4,2,25.0,0
C03162,56,56521,778,0.6,241.26,1,0,21.6,0
C02660,27,42752,547,0.2,345.55,1,0,24.1,0
C04616,38,44673,600,9.9,159.18,2,1,18.5,0
C04629,51,72718,735,2.4,257.49,0,0,13.6,0
C02452,56,73827,677,1.9,191.03,2,2,19.5,0
C02847,55,60084,750,4.7,55.94,2,1,13.3,0
C01145,34,54256,627,5.1,246.88,1,1,23.4,0
C03079,29,52594,712,5.0,201.24,2,1,15.8,0
C01104,27,63527,808,4.3,138.19,1,3,17.8,0
C00169,34,27148,572,7.7,172.47,2,4,18.1,0
C01671,51,71904,588,3.3,73.64,0,0,22.0,0
C02571,53,40991,693,8.0,105.73,2,1,18.9,0
C02378,26,46213,686,9.4,156.99,4,1,19.5,0
C04396,41,43144,755,8.0,185.06,2,1,9.5,0
C04258,24,79231,728,8.4,141.52,3,0,5.0,0
C03863,30,73972,603,6.2,236.84,0,0,17.5,0
C00024,58,55242,735,7.0,183.11,2,1,21.0,0
C02634,43,44717,689,3.2,87.05,3,1,19.4,1
C03341,42,63040,652,8.0,246.62,4,0,7.7,0
C02216,36,49621,689,4.6,196.66,1,0,13.3,0
C03683,29,74290,713,8.1,134.09,1,1,17.6,0
C04725,32,52872,742,2.3,310.05,2,1,7.6,0
C01908,27,33032,690,3.5,241.1,0,0,17.2,0
C00085,46,72224,658,9.2,143.44,2,0,21.5,0
C00228,44,62278,638,6.4,126.15,0,0,23.9,0
C00297,54,42527,537,9.2,228.48,0,3,13.8,0
C01002,50,69679,731,6.3,122.07,5,2,17.1,0
C02139,42,50572,720,6.1,238.43,3,1,21.0,0
C00712,41,51048,558,3.5,156.06,2,0,11.9,1
C02802,38,70818,674,7.7,215.13,1,1,28.3,0
C02528,58,18000,530,6.5,153.36,2,0,6.7,0
C03753,59,43770,652,3.3,224.69,2,0,16.8,0
C03322,27,79780,744,4.2,253.69,0,1,20.0,0
C03182,28,18000,669,5.2,160.44,1,2,11.8,0
C04184,55,45186,549,4.0,203.06,0,2,19.7,1
C01616,27,70953,769,5.1,38.67,2,1,20.3,0
C03025,35,50543,701,10.3,154.84,2,1,14.6,1
C01414,52,60922,597,8.1,269.66,1,3,14.1,0
C00764,58,46775,769,2.4,107.85,3,0,18.7,0
C00656,42,47166,669,0.2,178.14,3,0,17.4,0
C04798,25,19875,620,0.7,184.31,2,0,11.0,0
C03850,29,26924,696,3.0,213.47,3,0,21.4,0
C04154,60,73989,676,2.2,66.83,4,2,18.0,0
C00469,28,60360,603,6.8,176.87,2,1,19.4,0
C00158,43,58071,680,7.4,251.11,1,1,21.0,0
C01296,41,43636,681,7.0,137.24,0,1,12.7,0
C00498,35,50599,694,4.4,223.19,1,0,27.5,0
C04741,31,45713,701,3.3,173.41,2,0,15.3,0
C02941,49,36222,565,6.6,96.42,5,1,13.1,0
C03457,51,52568,624,2.9,182.6,2,2,31.0,0
C00374,35,67648,777,1.6,218.63,1,0,16.3,0
C00080,47,65236,784,4.7,219.05,3,0,14.5,0
C01554,45,36200,687,5.3,237.08,0,0,24.5,0
C01670,50,45869,619,6.2,154.77,0,1,17.7,0
C02132,60,18425,788,3.2,275.62,6,0,10.2,0
C04440,33,57436,756,4.5,65.25,1,1,3.5,0
C00466,59,83319,662,4.3,231.26,6,0,16.7,0
C00249,52,75987,737,3.3,90.75,4,3,27.3,0
C00932,48,50812,647,8.2,109.62,3,3,13.1,0
C01336,60,27214,711,2.6,186.11,2,2,30.5,0
C04525,53,58138,696,8.9,127.72,2,1,23.1,0
C01339,52,82373,657,4.1,86.4,4,0,15.4,0
C01407,34,34693,597,6.1,140.32,1,1,18.8,0
C01091,41,69063,703,7.3,282.6,1,1,25.4,0
C04210,45,75624,698,1.4,150.72,2,0,20.4,0
C00743,46,49640,726,4.0,218.11,1,1,19.9,0
C02324,47,79013,548,6.5,264.03,0,2,6.3,0
C03602,45,46995,695,2.4,215.79,3,0,13.3,0
C02124,45,61689,663,7.7,70.63,1,2,27.9,0
C02095,27,70868,626,6.7,216.32,2,0,11.5,0
C00241,26,28653,697,7.2,245.0,1,3,23.1,0
C02352,51,67693,681,5.2,109.44,3,1,17.0,0
C01371,56,54058,674,1.6,306.93,3,0,19.1,0
C01058,51,37143,579,5.5,194.96,4,2,22.8,0
C04817,55,71970,682,9.1,78.64,4,1,18.8,0
C00200,59,52654,766,4.0,108.31,3,0,8.1,0
C02281,51,50177,669,6.3,164.82,5,2,24.5,0
C04750,35,73831,665,10.5,179.55,1,0,24.5,0
C02221,58,74565,626,0.2,121.37,1,1,9.5,0
C04772,51,49429,677,5.9,135.65,3,1,6.3,0
C02820,49,53425,661,4.5,157.21,4,1,24.7,1
C03151,49,52177,701,6.3,131.17,0,0,28.2,0
C04257,34,35124,603,3.7,189.55,3,4,16.6,0
C03108,35,45507,735,6.9,148.58,2,0,20.5,0
C01974,34,75373,712,2.1,44.95,3,2,18.8,0
C01376,59,73480,709,10.8,141.37,4,0,17.0,0
C03969,44,31039,600,5.0,201.59,2,4,23.7,0
C04063,46,45284,638,6.7,347.31,1,0,18.0,0
C04446,37,49383,648,3.3,124.24,1,1,18.9,0
C03558,34,64101,727,4.8,193.19,1,1,17.5,0
C00965,58,22072,735,7.9,217.63,0,3,17.7,0
C00180,41,52673,680,5.3,69.0,2,0,22.0,0
C03699,32,69300,643,10.7,269.73,3,1,21.9,0
C03822,21,71971,567,8.6,221.19,3,0,21.8,0
C04879,47,74786,719,5.1,197.66,5,0,20.1,0
C03900,57,72825,702,0.6,209.26,2,1,17.8,0
C04488,31,57848,642,6.0,352.61,3,2,11.7,0
C03239,56,40095,642,2.6,107.77,1,0,18.3,0
C02975,21,69144,722,10.9,175.93,3,0,15.5,0
C03581,56,56335,780,12.1,149.92,2,2,28.4,0
C02888,23,80314,739,0.8,307.32,2,3,18.7,0
C02576,34,71403,709,4.7,190.02,0,4,15.0,0
C01420,40,38612,678,1.6,276.23,1,1,22.7,0
C03908,59,46306,756,2.5,124.32,1,1,23.3,0
C04674,55,33859,700,2.9,105.55,1,0,13.8,0
C04903,45,62986,649,9.3,124.03,1,2,14.9,0
C01861,50,58894,671,9.7,241.97,0,1,25.3,0
C00009,29,48842,657,2.2,130.83,5,2,20.2,0
C02895,31,57821,739,12.7,186.79,2,1,16.4,1
C02848,36,91412,662,5.6,168.2,2,3,15.9,0
C03665,41,50896,742,7.5,211.25,4,1,13.4,0
C00145,60,42501,613,4.0,179.63,2,0,9.5,0
C02105,55,69924,722,3.9,150.52,5,1,13.4,0
C03144,43,40112,684,4.9,253.42,2,0,11.8,0
C00842,47,71099,733,7.9,143.65,0,2,26.6,0
C01129,43,45874,550,3.6,97.62,2,0,16.8,0
C00152,32,59303,604,2.6,244.47,1,2,14.2,0
C03592,32,63157,593,7.7,37.24,1,0,27.4,0
C01053,41,51528,784,7.3,192.01,1,1,18.6,0
C01591,50,87983,579,0.7,332.07,5,1,22.8,0
C03009,46,44119,663,8.9,203.53,0,1,24.1,0
C02030,34,62689,661,7.7,239.89,0,1,26.8,0
C03419,24,45887,824,5.8,206.25,3,1,33.5,0
C01808,40,27452,727,1.6,240.67,1,1,27.5,0
C02697,26,47729,694,7.5,159.49,0,0,13.0,0
C03040,28,66938,801,7.2,299.64,0,3,21.7,0
C00473,38,39704,721,4.5,270.77,1,2,4.6,0
C03290,28,27123,612,4.7,180.65,2,0,19.2,0
C04075,33,70979,679,11.5,219.59,2,0,14.8,0
C03497,25,64948,664,8.6,60.08,1,1,13.7,0
C00280,24,49439,793,10.6,247.1,1,1,16.3,0
C01742,50,49486,636,3.1,122.34,2,0,22.3,1
C04625,36,58354,632,3.5,171.29,2,0,18.9,0
C02887,58,59556,662,6.7,240.42,0,1,24.1,0
C01942,31,64165,631,2.5,298.25,1,1,28.6,0
C00101,54,50322,701,2.5,253.56,4,1,12.9,0
C02805,27,53544,629,5.7,77.87,2,0,17.0,0
C03571,52,70389,682,4.4,91.55,5,1,23.2,0
C03685,60,52873,564,4.6,285.33,2,0,18.6,0
C03662,39,91690,672,4.7,114.56,2,0,35.0,0
C00531,44,43236,801,6.1,89.59,1,3,15.7,0
C01887,47,77928,691,4.8,164.05,2,0,12.9,0
C00682,26,61193,772,3.9,106.72,2,0,22.6,0
C03795,56,72037,659,5.6,285.83,1,1,19.4,1
C03945,26,53946,690,7.1,165.85,0,1,15.6,0
C04667,33,72502,712,3.5,177.52,1,1,22.1,0
C02019,49,69793,580,1.8,225.93,3,1,34.8,1
C01097,54,52690,662,0.2,274.53,1,2,13.4,0
C00830,22,38020,659,4.1,189.5,0,0,30.4,0
C02806,59,76395,655,5.7,160.54,3,0,9.0,0
C03830,27,53213,781,0.2,163.44,1,1,22.8,1
C04382,25,18000,645,1.5,136.07,3,2,15.2,0
C03892,58,34566,764,9.7,299.88,1,1,22.3,0
C00765,35,55618,680,7.1,180.65,2,1,18.5,0
C02768,60,48445,705,4.9,129.62,4,1,27.3,0
C04329,22,37484,621,3.6,180.35,5,0,14.6,0
C03296,52,71985,667,4.1,199.89,1,0,16.0,0
C02195,47,77793,681,10.3,254.6,5,2,13.0,0
C02358,29,69610,549,6.5,312.07,2,0,23.1,0
C03426,60,91717,588,1.3,322.43,2,0,12.4,0
C03980,27,77291,714,2.5,159.86,1,3,20.7,0
C00912,28,47134,806,1.4,204.07,2,0,19.1,0
C03146,43,57555,715,5.1,86.06,1,1,21.6,1
C01000,41,50066,734,7.7,169.27,0,0,21.9,0
C03654,41,54339,786,7.1,68.66,4,1,23.6,0
C02484,33,70849,689,3.5,233.31,0,0,16.0,0
C04077,60,71079,735,7.0,160.95,6,0,17.2,0
C02371,22,83213,722,6.2,267.27,1,3,32.8,0
C04839,55,31576,532,9.0,135.09,5,2,18.7,0
C00034,43,50799,640,3.5,247.59,1,1,20.0,0
C03790,33,51435,659,5.2,175.74,3,2,14.3,0
C01021,23,75437,625,3.3,230.49,0,1,16.2,0
C01648,47,37226,555,5.0,131.0,1,0,12.7,0
C00734,51,60700,809,2.0,181.8,1,1,12.4,0
C04583,27,51066,595,8.3,97.18,3,1,25.8,0
C03275,30,57285,735,6.4,209.73,4,3,17.6,0
C01621,31,42638,743,5.9,286.64,1,1,12.4,0
C03136,21,62356,734,9.3,279.34,3,0,23.8,0
C02690,60,50151,711,9.4,65.84,5,0,22.7,0
C02708,33,75315,734,6.8,275.04,0,1,20.3,0
C00298,38,28354,711,2.3,130.63,4,3,9.0,0
C02340,24,31649,691,7.9,100.67,3,2,21.2,0
C00654,53,63870,804,4.9,238.26,1,2,21.3,0
C03775,38,77277,657,1.2,307.79,1,3,13.7,0
C01256,24,41627,595,0.9,260.22,4,2,19.2,0
C04521,60,76665,725,6.0,245.45,1,1,20.4,0
C00231,39,78487,666,8.1,338.47,2,0,23.9,0
C03277,23,55251,709,2.2,178.03,5,0,16.9,0
C03231,54,30313,687,6.2,159.47,5,1,19.8,0
C00692,52,70985,727,6.4,158.78,3,2,17.4,0
C02755,60,58785,600,1.8,268.09,3,2,26.8,0
C04864,49,50801,690,6.2,141.57,1,1,22.6,0
C00970,22,55983,659,2.7,68.49,2,2,13.9,0
C00634,36,70720,850,5.5,229.2,1,0,14.3,1
C04093,35,51486,622,0.4,130.87,5,0,18.5,0
C04078,45,64126,624,4.2,104.54,0,0,22.7,0
C01322,31,61692,689,8.5,109.52,3,1,20.7,0
C01832,59,51408,612,5.8,213.75,2,0,22.9,0
C02179,46,82593,673,5.3,228.98,0,2,14.0,0
C01418,38,79641,600,7.7,96.56,3,1,15.9,0
C01783,21,44974,600,8.3,99.65,4,1,16.4,0
C04716,41,58318,689,8.6,156.12,0,0,23.0,0
C04702,23,63496,521,7.7,272.49,2,1,21.0,0
C04119,29,73923,656,4.3,170.04,3,1,14.0,0
C01653,23,61544,649,3.3,244.28,0,5,19.6,0
C01484,25,43667,632,1.4,214.18,2,3,9.1,0
C02276,37,41403,622,7.6,98.29,4,0,15.7,0
C00878,50,66682,727,8.1,47.29,0,0,23.9,0
C03526,29,57644,515,3.3,130.52,2,1,23.2,0
C02017,37,71295,689,0.2,110.51,2,0,13.3,0
C00427,55,38896,678,9.7,140.84,2,0,21.3,0
C00627,34,31434,583,3.2,235.64,2,4,16.1,0
C01590,22,57425,803,0.2,236.87,3,3,17.6,0
C02224,37,43195,757,5.5,41.69,6,1,13.9,0
C02218,60,44580,643,2.2,131.65,5,2,23.5,0
C04484,23,58078,612,6.7,31.65,5,0,12.3,0
C01486,55,66329,581,7.3,199.64,4,0,9.5,0
C01740,29,60765,618,9.8,165.09,1,0,17.3,0
C02481,47,72940,655,0.2,234.24,2,1,1.0,0
C02585,35,72428,702,0.2,283.03,2,2,23.2,0
C02894,57,71971,584,1.7,144.73,2,2,21.1,0
C00150,23,42659,589,0.2,249.97,3,1,12.5,0
C00677,44,65315,643,0.2,302.68,2,0,15.8,0
C01262,57,63954,720,6.0,213.08,5,2,12.2,0
C04918,31,73532,725,6.9,228.81,2,0,15.7,0
C00013,50,27364,635,4.9,154.42,2,1,18.6,0
C01834,23,40623,668,2.6,197.74,2,1,33.0,0
C03249,26,64884,678,5.4,171.77,1,1,21.9,0
C01492,40,62046,775,9.2,158.54,2,0,19.7,0
C02728,22,40653,626,4.9,361.44,2,2,14.6,0
C03687,25,68378,651,0.8,257.03,3,1,23.4,0
C01425,31,55263,781,3.7,186.83,3,1,12.4,0
C04606,39,81413,688,2.6,195.25,4,2,8.1,0
C04596,22,72253,720,5.0,186.4,4,2,27.1,0
C00732,37,57657,669,6.1,78.76,4,0,24.5,0
C01232,50,64163,657,2.9,129.38,1,0,23.4,0
C01635,37,71615,628,8.1,159.2,2,0,23.8,0
C03937,41,65916,753,3.6,181.49,0,2,9.6,0
C01211,45,51507,601,1.9,133.62,3,0,14.6,0
C03269,26,32374,721,5.2,157.1,2,1,14.8,0
C01935,26,84171,741,4.4,273.44,3,3,22.2,0
C00554,33,49988,697,6.6,189.18,4,0,20.6,0
C00492,55,76324,704,6.8,298.7,1,0,13.4,1
C02963,59,38721,752,2.9,213.99,2,2,21.4,0
C02330,26,65725,697,8.3,317.08,4,0,17.3,0
C02196,53,45797,655,6.0,225.85,1,1,17.9,0
C03065,49,61035,642,4.0,132.6,4,1,14.8,0
C00658,46,70790,774,5.1,115.79,5,1,25.7,0
C02375,48,47935,649,0.5,214.66,2,1,22.1,0
C02226,45,48308,561,2.0,352.36,1,1,17.6,1
C04265,44,72858,674,5.8,246.48,1,2,18.1,0
C01171,46,72874,671,1.1,272.7,1,1,12.4,1
C00133,24,73995,774,6.7,151.69,3,3,21.5,0
C00472,53,82464,688,8.5,206.95,3,0,22.7,0
C03226,51,60792,647,2.7,237.44,1,3,31.1,0
C01406,27,43870,712,6.4,174.58,3,0,5.3,0
C02877,47,45177,738,3.9,188.77,1,2,24.0,0
C04505,21,80648,623,4.2,176.04,2,0,18.7,0
C04693,60,104408,665,11.5,102.68,6,1,17.7,0
C02827,35,45710,643,10.7,314.5,2,2,23.4,0
C00288,43,48065,612,0.2,148.95,2,2,14.7,0
C01870,51,54211,693,9.9,284.95,3,2,16.3,0
C03115,35,79372,640,1.9,72.3,1,4,20.5,0
C03626,50,35018,653,8.4,227.98,0,0,17.8,0
C02313,41,40195,822,8.5,136.19,0,1,14.0,0
C04924,48,64718,732,1.2,242.32,2,0,21.2,1
C01619,25,57721,633,5.1,103.97,2,3,7.2,0
C00995,42,84734,611,9.5,130.26,1,0,17.9,0
C01804,31,76985,850,0.2,175.04,4,0,21.9,0
C02643,29,33456,557,2.7,169.02,3,2,29.8,0
C04803,29,68597,636,7.5,315.93,2,0,17.3,0
C03536,23,77476,671,5.7,227.58,1,0,14.0,0
C04832,25,51201,615,4.5,172.58,1,1,17.7,0
C03912,59,66013,644,6.0,164.9,1,2,15.7,0
C02108,26,60375,647,5.6,235.87,1,0,18.7,0
C03045,28,51182,710,3.4,174.39,2,1,13.4,0
C00417,59,43249,608,0.2,215.42,2,1,8.9,0
C00978,43,40323,763,7.6,174.44,5,0,14.1,0
C02418,31,62626,716,4.8,354.33,0,2,14.7,0
C00506,39,66323,795,3.7,167.86,0,1,19.8,0
C04153,57,39880,748,4.5,218.85,1,1,1.0,0
C04256,34,81025,793,8.4,220.95,2,2,18.6,0
C03942,33,32423,624,7.0,304.46,1,3,13.6,0
C00415,21,32970,603,2.7,52.51,2,3,26.8,0
C04149,55,45841,750,7.5,106.79,2,1,23.9,0
C01184,38,64462,778,5.9,243.67,1,1,23.8,0
C00486,30,68045,565,3.1,214.15,2,0,8.7,0
C00894,60,30579,785,2.9,211.04,1,1,20.5,0
C00806,52,54329,668,1.6,137.32,2,0,3.6,0
C00556,41,65315,767,5.4,290.57,0,2,22.2,0
C03826,57,24573,743,5.9,147.09,3,0,17.6,0
C01198,60,45289,552,3.5,257.82,4,1,14.4,0
C04254,34,69245,663,4.9,101.41,0,4,5.9,0
C04059,29,57446,706,9.7,152.49,0,1,27.6,0
C01294,21,47889,719,10.2,177.34,2,0,20.6,0
C02222,27,66929,747,6.0,148.36,1,4,10.8,0
C03505,21,20902,739,4.7,203.32,3,0,22.1,0
C03655,47,50131,744,5.1,156.37,0,1,16.5,0
C04759,39,47134,660,6.2,169.99,1,2,15.2,0
C03007,44,81366,699,4.7,107.93,3,0,20.4,0
C02094,28,65358,708,2.1,92.92,2,2,21.9,0
C02188,31,37333,680,6.3,196.1,2,0,11.0,0
C03037,53,55248,672,10.9,177.08,6,1,19.3,0
C03919,23,47148,577,11.9,322.19,4,2,23.3,0
C01273,58,61829,778,7.0,232.64,2,1,21.8,0
C00291,53,40834,755,10.8,214.09,0,1,25.2,0
C04828,42,61903,769,2.7,143.0,0,1,13.0,0
C00253,28,60898,645,0.2,210.46,4,0,23.4,0
C03246,53,49724,637,5.8,184.89,3,3,18.7,0
C00351,42,63405,640,3.7,169.11,1,0,19.7,1
C01188,44,53091,753,2.2,124.53,1,1,26.8,0
C01962,60,58672,570,7.1,279.3,2,1,15.8,0
C00423,51,55969,741,4.9,109.52,4,2,12.2,0
C00091,38,42020,850,3.4,98.59,5,0,18.3,0
C03730,46,58664,628,6.1,229.46,0,1,12.5,0
C02237,30,45652,682,5.7,187.22,3,1,13.3,0
C00671,59,44999,718,8.1,330.0,2,0,13.9,0
C03041,36,83632,688,9.1,272.49,2,1,22.5,0
C00027,37,59916,636,5.1,207.45,0,1,12.3,0
C00430,49,21358,730,2.1,47.44,1,3,15.5,1
C00684,59,60546,632,4.9,189.56,1,0,23.3,0
C04464,47,89917,662,7.0,224.72,0,1,19.0,0
C03946,50,34009,583,6.7,200.95,0,3,20.6,0
C03524,27,77895,816,6.0,188.12,1,1,14.1,0
C01542,30,61599,523,1.9,138.68,3,2,20.9,0
C02032,28,47251,653,4.0,81.79,1,0,14.6,1
C02233,58,40907,584,3.7,305.2,0,1,18.3,0
C04121,50,72551,693,5.3,100.16,3,1,27.0,0
C03236,43,83431,819,4.1,173.56,1,1,18.5,0
C00255,47,67858,644,8.1,108.84,2,0,22.8,0
C01030,34,64161,566,2.5,197.4,4,2,13.7,0
C04393,21,75747,584,10.7,246.15,5,0,21.4,0
C03801,57,42204,728,3.9,199.32,2,1,11.9,0
C04311,41,48192,711,7.0,83.99,1,1,13.4,0
C02510,25,85975,801,4.5,214.63,4,2,28.8,0
C02293,30,67199,645,4.3,165.85,1,1,25.5,0
C01324,56,66256,680,4.7,89.33,2,1,22.1,0
C01551,32,70175,565,5.7,250.2,0,0,30.9,0
C04648,24,46798,647,4.7,176.95,0,0,9.2,0
C00316,47,30746,613,2.8,222.25,5,1,24.8,0
C01243,59,94397,654,7.9,263.83,3,1,26.6,0
C02451,54,64220,671,5.9,249.39,2,0,11.3,0
C01579,25,41689,761,8.0,118.48,2,0,20.9,0
C04626,36,69417,529,5.9,183.24,2,1,13.5,0
C03117,46,61711,630,4.6,172.5,3,2,13.0,0
C00070,39,46202,671,7.4,302.93,3,2,9.6,0
C00860,53,62739,716,5.7,110.57,2,1,17.0,0
C02754,47,51706,617,2.8,213.1,2,3,18.4,0
C01633,24,49065,646,0.2,179.55,1,1,23.5,0
C01651,28,63255,662,0.2,75.77,1,0,29.5,0
C03861,42,28573,654,1.9,156.49,3,2,21.4,0
C03107,55,63408,699,3.5,320.31,1,1,21.5,1
C01075,39,44089,642,4.5,197.89,2,1,26.7,1
C04002,54,54877,629,7.0,144.06,2,1,15.8,0
C00788,48,68046,685,6.7,182.3,0,1,22.9,0
C02606,51,57223,667,2.4,161.62,0,1,15.1,0
C03631,39,85832,849,3.7,157.93,0,1,25.6,0
C02122,59,57683,595,6.8,287.27,3,3,16.8,0
C01875,37,44262,736,3.9,69.16,2,0,16.4,0
C00812,56,79665,628,2.3,166.66,0,0,14.9,0
C00388,54,40065,719,7.1,106.21,2,2,15.3,0
C02883,43,62898,627,1.4,140.66,1,0,14.8,0
C01176,34,45586,772,6.4,276.75,4,1,17.8,0
C03198,53,81246,691,7.6,223.49,4,2,21.4,0
C02624,57,73299,845,10.2,77.46,4,3,3.5,0
C01352,36,39168,761,13.0,203.5,1,0,16.8,0
C00411,27,54085,692,7.2,151.96,2,2,18.7,0
C04213,37,71074,693,6.0,191.39,3,0,21.5,0
C00110,49,49299,691,8.4,188.31,2,2,27.9,0
C04996,29,48638,714,3.0,160.02,1,0,20.1,0
C03430,33,71658,655,3.1,242.58,2,0,28.5,0
C02810,28,36165,707,5.6,78.21,3,0,9.3,0
C02595,33,55083,768,7.6,164.34,5,1,12.2,0
C02837,59,40078,639,4.0,108.22,4,1,20.4,0
C02373,23,63709,661,8.4,315.12,6,0,21.4,0
C01236,34,63423,729,7.2,138.77,4,2,18.7,0
C02147,28,58601,713,5.4,33.29,4,1,12.3,0
C04976,53,52762,711,5.4,158.66,1,1,17.1,0
C00600,46,49397,706,2.6,282.88,1,0,18.6,0
C01435,33,47670,645,9.2,157.37,2,1,21.3,0
C04997,50,62873,801,5.1,194.32,3,1,27.4,0
C00539,42,35180,705,5.2,195.47,1,0,20.0,0
C00722,58,45705,601,5.4,166.57,3,1,27.9,0
C04411,25,39894,749,4.4,72.84,2,0,19.8,0
C01873,45,40785,725,0.2,205.98,2,1,18.8,0
C02846,39,41539,737,3.8,205.53,2,1,8.2,0
C02054,58,47497,606,12.2,237.43,1,0,20.7,0
C02908,58,42596,642,3.3,155.64,1,1,9.8,1
C02255,32,66893,643,1.2,165.82,0,2,6.7,0
C03913,28,72203,595,11.3,222.26,1,0,22.6,0
C00178,27,58172,703,0.2,257.75,1,0,11.9,0
C02891,26,66936,630,0.2,146.5,5,2,14.1,0
C03674,21,48448,697,0.3,105.97,3,1,20.2,0
C00081,58,53950,648,4.3,120.29,5,1,13.8,0
C02562,35,61370,570,6.4,171.05,4,1,19.1,0
C01724,50,62555,745,1.9,20.0,2,3,14.7,0
C01618,41,45574,754,2.3,172.47,1,1,22.9,0
C01655,27,63474,782,1.7,329.44,1,0,16.7,0
C02329,22,51445,665,3.8,245.82,1,1,22.0,0
C04614,41,55402,661,12.1,243.01,0,1,23.6,0
C00222,39,50929,631,2.0,277.93,1,0,24.4,0
C00094,36,64469,666,4.9,163.31,1,1,3.9,0
C02610,54,54732,681,7.0,109.65,2,1,7.2,1
C03383,59,49132,774,6.7,124.49,1,2,16.3,0
C04416,38,35575,707,8.9,243.9,1,0,17.3,0
C01398,47,82757,736,1.1,182.11,2,1,19.3,0
C04687,58,52139,695,5.6,211.27,2,0,18.4,0
C01293,38,44905,641,8.2,238.26,2,2,25.7,0
C02165,59,56464,587,4.2,185.27,0,1,20.2,0
C02940,27,72190,633,8.8,326.99,0,1,13.6,0
C03669,38,61582,632,0.2,83.72,1,0,6.0,0
C00813,48,41852,694,8.9,131.98,4,0,15.8,0
C01259,42,62835,638,3.5,221.6,2,1,31.0,0
C00890,31,50779,674,0.2,182.75,1,1,13.8,0
C01452,22,81863,771,4.5,293.35,2,1,10.3,0
C03317,46,46064,705,11.7,215.14,3,0,15.9,0
C02560,44,31140,685,5.8,252.57,3,1,14.6,0
C03575,59,53562,758,5.9,47.75,2,0,32.5,0
C02681,25,62198,639,2.4,181.38,2,0,21.6,0
C04652,60,54323,686,8.4,259.96,1,3,19.4,0
C04812,30,44209,704,4.4,164.8,2,0,24.1,0
C04680,23,62746,686,12.1,118.65,5,0,15.9,0
C02965,50,66658,643,5.5,122.2,0,0,19.7,0
C02673,55,44383,837,6.3,77.7,0,0,27.6,0
C00562,22,70905,624,5.4,222.3,2,1,17.8,0
C02779,36,70162,657,2.5,163.25,0,0,18.2,0
C02949,42,59310,718,10.9,282.53,1,2,25.4,0
C02818,55,62974,580,5.1,212.0,1,1,28.7,0
C02759,35,30232,804,0.2,243.45,1,2,12.5,0
C01757,34,63109,658,4.1,73.91,2,1,24.5,0
C00725,52,70963,632,8.0,283.73,1,0,30.5,0
C00220,57,56782,755,11.7,225.32,3,0,21.1,0
C04140,41,49514,725,2.1,142.82,3,1,17.3,0
C03958,50,34276,657,5.4,169.93,1,1,18.8,0
C01589,55,44131,734,6.6,97.07,0,3,13.6,0
C03348,26,71874,684,6.4,139.01,3,0,23.1,0
C03971,40,75405,542,3.5,214.33,2,2,16.9,0
C04708,42,57021,646,6.2,178.46,4,1,27.6,0
C00044,35,54966,668,4.8,278.19,1,0,10.1,0
C03002,47,54490,629,9.4,147.71,1,0,19.0,0
C00211,31,59022,602,7.0,184.71,2,2,15.4,0
C00678,24,63192,624,4.1,218.75,1,1,18.0,0
C00355,59,51106,719,9.4,212.4,1,0,23.5,0
C01434,43,59446,624,9.2,174.17,1,1,16.7,0
C00950,32,64016,653,1.8,161.76,0,1,14.9,0
C02844,40,81562,653,8.6,159.73,2,5,25.4,0
C00578,41,43567,645,11.9,230.07,5,1,13.5,0
C03929,47,45090,655,4.4,308.43,2,0,18.4,0
C00545,54,64611,690,6.0,250.88,2,1,25.1,0
C00368,33,46993,730,5.2,281.42,1,3,25.2,0
C01613,47,63831,672,4.7,148.13,3,4,19.5,0
C03551,38,58358,795,9.4,177.85,1,2,19.6,0
C03717,34,56089,616,4.8,292.94,2,0,18.5,0
C03780,38,50531,702,3.7,179.55,5,1,26.6,0
C00136,33,69520,746,8.4,268.7,0,1,11.4,0
C04481,39,34770,670,5.8,225.67,2,1,13.4,0
C01438,47,73537,790,0.7,233.55,2,2,21.7,0
C00048,56,43570,551,5.8,155.66,1,1,12.8,0
C01361,24,42524,628,2.9,84.03,1,2,30.0,1
C00735,29,40194,696,2.6,142.79,1,1,20.0,0
C01535,53,59911,712,3.8,177.69,2,1,18.4,0
C02005,52,43470,712,5.4,84.45,2,2,18.7,0
C03796,32,54503,584,6.1,218.1,1,0,4.8,0
C02520,60,56888,663,1.1,205.38,2,1,12.3,0
C01973,48,60506,730,4.3,319.5,0,1,30.8,0
C00997,42,55960,782,5.1,178.2,3,2,17.7,0
C00062,50,60382,624,0.6,181.41,2,2,14.2,0
C01109,58,68903,775,11.1,123.77,1,2,9.8,0
C02406,54,51982,658,7.4,176.82,2,1,16.1,1
C00096,32,61116,652,7.6,158.69,4,1,27.7,1
C00479,47,44856,655,3.3,149.39,3,3,27.7,0
C04360,59,48213,681,8.5,114.64,1,0,5.8,0
C04113,27,48202,681,2.1,129.34,5,0,16.8,0
C03708,51,51935,708,8.6,157.69,1,0,17.7,0
C01102,39,70734,833,3.8,96.69,3,0,14.2,0
C02747,29,59914,651,5.0,219.22,3,0,17.7,0
C02171,21,18000,723,0.6,108.99,1,1,12.7,0
C00323,45,67386,697,5.8,216.57,3,1,14.9,0
C04255,34,43220,638,3.7,135.3,2,2,14.8,0
C03143,39,52189,657,2.7,287.16,1,2,22.5,0
C03538,26,65566,613,6.0,53.18,1,1,11.7,0
C04926,24,64093,615,0.8,160.28,1,0,6.3,0
C02925,37,66253,708,7.5,104.04,3,1,14.9,0
C01150,55,92391,668,5.3,271.41,3,1,22.4,0
C03618,37,62485,701,5.4,287.5,1,2,27.5,0
C00292,31,51473,649,2.8,189.93,1,0,18.1,0
C03750,57,52916,641,6.2,241.07,2,1,19.5,0
C03587,39,76599,735,6.1,128.4,5,2,18.9,0
C00534,32,89495,714,1.7,249.36,3,1,6.2,0
C03608,48,84840,759,5.0,170.18,1,1,19.8,0
C02649,58,62639,734,5.6,217.7,0,2,18.2,0
C04811,29,80115,642,4.8,245.11,0,2,17.1,0
C01984,51,32588,589,5.9,68.24,0,1,14.7,0
C02933,27,51238,744,8.1,205.02,4,2,20.4,0
C01537,27,49637,529,5.8,86.17,3,1,27.3,0
C04535,22,79144,744,11.1,250.52,1,2,14.1,0
C04173,41,71563,650,9.6,182.69,0,5,19.8,0
C03361,60,40577,662,4.8,265.37,2,0,20.2,0
C03666,39,51786,678,6.0,218.97,2,0,11.7,0
C04006,59,59734,620,4.5,150.12,2,3,19.2,0
C03627,51,66932,658,8.7,32.13,0,1,19.1,0
C00587,48,36557,718,7.0,104.14,5,0,17.0,0
C03257,27,63983,609,4.0,139.91,4,1,21.2,0
C02299,29,52180,548,10.4,144.76,1,1,21.6,0
C03989,37,60109,677,2.7,247.47,1,1,14.1,0
C00585,37,53502,717,7.6,312.48,0,0,21.7,0
C02424,54,56435,596,7.0,160.13,1,3,12.1,0
C01392,42,52929,651,0.2,230.12,3,4,11.6,0
C04526,39,76376,704,6.5,242.62,0,0,18.7,0
C04921,60,48390,590,0.2,128.56,3,1,17.5,0
C04801,45,35313,650,4.5,148.3,0,1,22.4,0
C03241,29,77989,578,4.3,51.95,1,2,13.6,0
C04282,56,51796,674,2.3,143.2,4,1,22.9,0
C03339,55,54161,752,1.9,225.47,0,0,20.4,0
C03221,48,59764,625,6.7,150.91,2,0,16.5,0
C02112,47,61936,670,10.6,20.0,0,1,24.3,1
C01175,21,59924,753,3.2,245.15,2,1,22.3,0
C04863,56,44043,652,4.7,156.9,2,0,17.8,0
C03812,38,55185,658,4.3,139.68,2,3,27.7,0
C01868,51,58689,663,4.4,207.59,2,3,17.4,0
C02615,25,39274,704,2.3,187.17,3,3,23.3,0
C03867,41,56173,636,1.8,231.67,1,1,21.7,0
C04886,29,92410,701,4.1,241.2,2,0,23.2,0
C03779,60,55358,832,3.4,130.75,3,2,25.4,0
C03847,51,56552,596,6.5,103.51,0,1,6.6,0
C02417,45,64994,686,5.1,122.26,2,0,21.4,0
C00071,52,55165,735,4.3,184.86,4,1,11.4,0
C04881,36,65095,706,6.4,128.1,3,1,20.9,0
C01127,55,60449,542,0.2,133.23,0,1,10.0,0
C04025,39,65667,648,8.1,166.76,0,2,12.9,0
C03251,34,58731,717,4.1,112.73,1,0,24.1,0
C03902,59,51476,656,6.7,163.53,4,1,16.0,0
C01096,24,60280,619,6.0,67.01,1,5,13.7,0
C04546,51,60051,601,9.0,158.16,4,0,1.8,0
C01213,39,41396,724,4.5,98.89,2,2,21.0,0
C03922,45,39936,675,6.7,70.07,2,1,11.3,0
C01426,53,39604,782,5.5,201.69,0,1,20.3,0
C03067,54,31884,715,2.9,185.5,1,0,14.9,0
C04520,38,59504,704,4.1,243.5,2,1,17.7,0
C02101,57,18000,752,7.4,152.43,2,0,18.2,0
C00808,25,69492,772,6.4,191.64,3,1,22.5,0
C04744,34,46412,591,6.0,93.62,0,2,16.9,0
C03751,44,67726,677,5.3,83.31,1,0,8.4,0
C01363,35,53517,705,4.4,137.12,3,3,22.6,0
C02318,38,79095,757,7.1,112.66,2,0,15.9,0
C04582,59,57955,850,6.9,155.13,4,1,20.8,0
C04742,39,65652,608,6.1,256.69,5,0,23.5,0
C01026,23,50452,644,3.7,269.75,0,0,12.3,0
C03110,30,57462,615,5.8,101.13,1,0,14.6,0
C02111,32,60396,632,3.3,184.12,1,0,15.8,0
C01042,55,58983,655,8.7,97.7,1,3,21.5,0
C01877,30,32565,581,7.6,276.53,2,0,24.1,0
C00882,55,55962,697,3.0,105.9,1,0,17.7,0
C04300,24,59949,700,12.4,145.61,4,1,15.8,1
C01193,27,58560,698,1.9,165.53,3,1,12.8,0
C04588,33,48915,727,2.5,92.64,2,3,13.4,1
C04511,32,49932,691,7.2,213.63,2,0,18.2,0
C03671,26,35296,716,4.5,182.36,1,3,15.4,1
C00625,45,67886,794,3.6,165.9,2,1,12.5,0
C02797,55,66829,672,4.3,262.88,1,3,15.5,0
C04292,58,70121,756,8.3,72.91,6,0,17.8,0
C04969,22,28747,601,5.7,187.12,1,1,27.5,0
C00234,51,61810,628,4.3,218.52,2,0,26.6,0
C04567,49,48984,665,8.0,155.5,2,1,11.7,0
C01663,28,77031,692,4.0,182.19,4,0,15.7,0
C00416,48,64493,607,1.8,196.24,0,1,18.8,0
C04247,31,36521,759,2.9,73.74,0,1,20.6,0
C02174,51,63863,702,4.4,221.61,2,1,19.8,0
C01457,60,32165,580,7.2,195.71,2,1,14.3,0
C00747,42,56294,719,5.0,156.11,4,1,10.0,0
C00018,26,37167,624,13.1,184.75,1,2,9.1,0
C01201,56,76346,671,4.5,89.54,3,0,22.5,0
C01700,59,27384,722,4.0,281.0,2,0,18.9,0
C03254,35,27295,809,6.3,151.17,3,0,15.0,0
C00597,44,41653,733,2.6,165.82,1,0,30.5,0
C03227,44,55424,591,1.4,108.35,3,0,24.1,0
C04406,56,83310,632,9.8,85.67,5,0,21.5,0
C04720,27,66605,637,4.0,163.37,3,1,13.9,0
C01506,30,90758,747,11.0,50.79,1,1,19.8,0
C01413,31,48877,650,6.8,267.31,3,1,7.0,0
C01966,50,52973,709,8.6,213.28,0,2,25.0,0
C00372,47,66698,607,3.0,181.93,1,0,25.2,0
C01341,42,50059,795,2.7,184.12,1,2,13.3,0
C00599,46,58013,643,2.5,143.43,3,2,14.6,0
C00239,33,32717,628,8.9,173.42,4,1,30.9,0
C03401,53,69432,576,1.1,172.29,1,1,15.2,0
C02068,57,43770,660,3.2,207.18,1,3,18.8,0
C00811,22,45288,720,7.2,220.44,5,0,21.4,0
C01095,34,57656,740,5.4,191.92,4,2,17.2,0
C04325,59,62773,665,6.9,301.7,1,1,28.5,0
C04761,59,74349,663,7.8,154.61,1,0,21.6,0
C03677,35,69165,658,6.4,123.08,0,0,34.2,0
C03465,35,79367,654,8.9,255.92,0,2,27.1,0
C03104,38,39923,589,0.3,129.07,0,1,11.0,0
C02750,59,69054,717,5.1,85.7,1,0,25.2,0
C02296,53,53321,759,1.7,174.04,5,1,25.4,0
C04193,50,66220,730,0.7,73.08,4,0,8.9,0
C03709,40,81452,568,9.9,237.51,1,1,22.9,0
C03019,44,40371,850,0.2,259.8,2,1,19.2,0
C04253,60,50123,695,0.2,168.73,3,0,20.5,0
C00804,57,57788,693,8.7,268.41,6,1,23.2,0
C04191,38,50175,671,4.2,285.04,0,2,14.7,0
C03706,41,42978,755,2.2,115.67,2,1,21.4,0
C00752,26,51903,589,2.7,125.86,0,0,15.6,0
C04645,22,39307,695,8.7,198.43,6,0,18.0,0
C02532,53,63425,633,2.7,280.33,1,2,13.1,0
C00622,40,61529,604,4.8,233.31,0,1,28.5,0
C02298,40,53824,695,1.5,161.12,4,1,21.1,0
C03829,48,53160,672,8.1,39.64,2,0,15.5,0
C00567,30,48683,690,1.0,299.56,2,1,16.5,0
C01136,23,85818,701,9.1,210.61,1,1,8.5,0
C01205,47,76443,673,9.1,170.13,1,1,15.2,1
C01048,45,58622,728,5.6,234.61,2,0,20.7,0
C00052,28,22112,695,3.9,176.55,2,1,23.6,0
C03652,23,42358,761,9.1,129.38,2,0,14.5,0
C01045,49,36814,699,6.1,137.62,2,0,7.1,0
C02182,30,66806,693,11.4,134.1,3,1,18.8,0
C02689,46,46907,551,9.2,267.48,3,2,6.2,0
C00535,44,53654,605,5.6,85.35,3,0,24.9,0
C03185,46,25061,713,9.4,20.0,1,2,14.7,0
C03858,21,38806,495,4.1,155.77,3,2,16.1,0
C00444,40,50013,724,10.7,227.98,1,1,31.2,0
C03605,57,44012,582,4.2,301.87,4,0,20.5,0
C00196,24,53681,740,1.8,206.59,3,1,18.7,0
C01116,40,56701,757,5.6,85.41,4,2,11.1,0
C00766,52,54077,669,3.6,198.91,0,0,10.3,0
C01946,25,74214,850,3.2,94.81,1,0,28.3,0
C03248,24,76559,786,11.0,177.81,4,1,12.6,0
C03003,58,74439,730,2.0,253.43,1,0,26.5,1
C01433,27,35473,647,6.9,70.66,1,1,21.2,0
C04201,48,43206,682,0.3,132.41,0,0,16.7,0
C03096,51,60565,589,0.2,158.17,0,2,16.4,1
C02923,25,55080,791,3.8,167.24,2,1,7.0,0
C00645,51,73572,765,6.6,163.08,1,2,20.6,0
C01050,25,54373,663,0.2,195.9,1,2,13.6,0
C03746,60,67824,638,5.2,150.9,3,0,22.6,0
C04094,38,50227,784,0.6,125.51,1,0,12.4,0
C04404,58,74086,628,9.5,128.12,2,1,13.3,0
C00121,38,58020,634,0.7,339.4,1,0,19.2,0
C02053,35,58606,755,0.3,134.31,3,2,19.6,0
C04259,45,39752,717,1.9,125.09,2,2,16.4,0
C04889,34,52648,733,7.5,225.97,0,1,14.8,0
C04335,57,72323,773,4.1,141.3,1,2,24.1,0
C04692,23,46630,721,9.5,143.43,6,0,30.5,0
C00135,52,40133,756,4.4,201.28,3,1,12.3,0
C02461,34,66776,676,10.2,209.89,2,1,22.2,0
C01955,59,54273,621,9.4,155.39,0,1,17.5,0
C02464,44,53577,663,7.9,254.96,2,1,26.9,0
C00185,40,56352,752,6.8,94.38,1,0,28.4,0
C01393,60,50220,575,4.1,142.06,3,0,20.8,0
C02277,29,54237,537,7.6,147.83,2,2,14.4,0
C00512,50,56707,703,4.5,202.76,1,0,16.3,0
C04730,47,75791,698,0.7,192.58,2,1,18.9,0
C04055,21,73767,685,4.7,203.39,2,2,11.0,0
C03138,40,39177,787,2.9,178.86,1,2,16.3,0
C02670,59,63782,630,5.5,174.9,6,0,22.1,0
C04774,60,41870,606,4.1,140.13,2,0,28.1,0
C04862,54,27779,693,6.4,299.94,2,0,11.9,0
C02118,42,51588,680,3.9,174.79,3,0,20.2,0
C00252,40,57184,763,4.0,130.3,2,0,30.8,0
C03527,26,52002,752,5.8,183.8,1,0,18.4,0
C03560,39,63179,618,1.1,229.35,3,0,17.1,0
C04012,56,58981,779,5.4,110.04,0,2,20.5,0
C01508,40,48884,740,2.9,70.61,1,0,16.3,0
C00123,47,27856,769,5.8,155.4,0,1,23.0,0
C04260,22,54985,569,4.2,223.25,3,1,12.4,0
C03334,54,46012,666,6.2,166.39,1,0,17.6,0
C01872,29,46869,640,9.0,223.21,3,3,16.2,0
C03693,28,52953,829,6.5,232.14,2,1,17.9,0
C00568,30,56780,594,6.4,82.12,2,0,23.8,0
C01372,34,57750,592,5.9,182.06,2,0,21.5,0
C03186,58,77791,578,1.4,290.34,0,1,19.3,0
C03956,58,40639,755,0.5,105.85,2,1,20.1,0
C01057,38,64538,627,5.6,126.44,1,2,19.1,0
C00857,30,69091,720,11.3,70.46,2,1,12.5,0
C03839,59,59227,668,0.6,253.45,3,0,28.1,0
C02861,28,57019,643,2.1,131.59,1,1,11.9,0
C04770,22,32813,646,2.8,153.44,1,2,31.6,0
C00777,37,30077,617,7.2,147.92,1,2,6.6,0
C00721,26,41859,678,4.2,99.83,0,0,25.8,0
C02711,23,45291,769,5.8,149.54,2,1,18.2,0
C02655,55,41834,617,6.7,140.1,2,1,12.7,0
C04878,38,67456,725,5.2,81.23,4,1,7.9,0
C00603,50,68335,757,4.7,43.98,2,1,31.9,0
C03823,42,53812,520,0.2,80.56,1,1,10.9,0
C01245,56,65775,614,4.8,174.05,1,1,5.4,0
C04846,51,42236,735,2.5,209.64,1,2,18.4,0
C04842,25,78098,515,6.2,20.3,1,1,20.6,0
C00319,58,46870,779,3.4,166.67,3,1,22.0,0
C00829,55,26248,759,8.5,140.01,0,1,14.7,0
C03264,55,43046,675,0.2,157.69,2,1,1.0,0
C00275,37,57636,589,0.2,103.42,1,1,13.1,0
C02665,29,52180,841,0.2,179.39,0,1,15.5,0
C00550,48,43503,645,8.3,174.13,2,0,14.6,0
C03642,58,65672,629,7.4,272.67,4,3,14.3,0
C04054,53,88447,679,0.7,277.7,2,0,13.8,0
C04893,23,47725,653,5.3,162.8,3,2,23.0,0
C02935,53,73377,570,4.5,246.25,0,1,16.0,0
C00606,42,40986,742,5.2,177.66,1,1,8.4,0
C00897,41,80313,594,6.1,59.06,1,0,24.2,0
C00528,26,46240,726,0.2,194.42,2,0,13.7,0
C04608,40,84470,795,12.5,191.27,0,0,17.5,0
C02348,51,53557,555,4.8,116.64,1,1,26.4,1
C03440,54,78303,664,5.6,257.83,5,1,22.2,0
C04999,48,53358,587,1.6,292.11,5,1,16.0,0
C04827,28,33085,551,7.3,189.36,4,1,2.6,0
C03923,40,40868,645,6.0,194.54,1,0,16.3,0
C00299,32,70293,507,4.0,332.23,0,0,20.1,0
C02120,49,56772,662,8.5,124.48,4,1,8.1,0
C02537,34,29327,612,5.2,151.07,3,2,31.9,0
C04204,26,30085,655,2.1,296.49,1,0,19.3,1
C03255,30,50821,635,5.0,58.43,0,2,16.7,0
C03726,60,27294,640,7.7,234.1,3,0,17.9,0
C01261,31,52321,665,2.8,139.71,2,2,30.2,0
C01559,60,76447,763,5.0,202.02,2,1,19.3,0
C03270,60,51379,691,6.4,234.53,0,1,12.9,0
C04047,39,38580,692,5.7,133.78,1,0,23.4,0
C00757,50,50407,715,3.8,274.37,4,0,19.2,0
C01011,31,58545,732,3.4,162.53,0,0,14.9,0
C02795,23,67733,648,8.8,190.92,1,0,13.4,0
C02906,55,59443,552,4.6,141.22,1,3,20.6,0
C01871,22,64196,643,4.6,194.07,3,1,1.0,0
C02230,60,74814,641,0.2,271.48,3,0,10.2,0
C01174,28,51017,681,8.6,79.76,3,2,17.7,0
C01833,44,49326,562,0.7,327.25,1,1,24.2,1
C00377,50,65140,691,7.4,119.43,2,0,12.9,0
C03854,35,46595,759,7.4,254.6,0,2,18.2,0
C03617,23,57332,850,5.8,255.54,1,1,10.9,0
C00799,33,62277,691,3.4,147.93,0,0,12.3,0
C00379,36,55138,606,5.8,194.41,2,1,16.8,0
C01159,36,56052,761,4.7,232.18,2,3,17.3,0
C03820,56,37796,738,4.4,167.47,1,0,7.5,0
C02793,49,43956,717,1.5,109.73,1,2,14.9,0
C02241,29,35753,703,3.6,258.3,3,0,19.6,0
C04036,22,45074,604,5.5,139.22,2,1,21.5,0
C02663,26,51099,653,7.1,165.76,2,1,16.3,0
C04013,48,49369,721,1.6,130.5,1,1,15.9,0
C02958,40,55074,579,0.7,235.93,3,0,8.9,0
C03928,27,56894,756,7.9,258.86,5,0,16.9,0
C01039,38,68115,686,8.9,136.42,1,1,18.1,1
C03260,37,58403,642,7.0,188.58,0,2,18.9,1
C01345,28,47847,570,0.2,181.87,3,2,24.0,0
C02506,25,42553,753,2.0,154.78,1,2,14.9,0
C01722,50,39636,654,4.0,280.37,1,2,9.7,0
C04664,36,63419,825,5.4,165.65,2,1,20.8,0
C00176,39,44754,661,2.7,110.45,1,0,13.6,0
C04894,22,39505,771,6.8,68.08,0,0,6.8,0
C01910,58,43740,649,8.5,282.79,0,1,6.4,0
C00046,59,44473,666,3.0,107.29,0,1,21.5,0
C03410,39,50877,729,5.8,109.17,2,0,26.7,0
C04675,54,64109,708,3.2,215.83,3,1,22.8,0
C01076,27,55605,616,8.9,88.61,3,0,13.5,0
C02830,26,27312,776,8.5,182.29,2,1,14.9,0
C01505,44,44095,771,8.5,224.54,0,0,18.0,0
C02310,42,45867,799,1.2,250.81,0,1,9.6,0
C01437,38,59856,609,4.1,243.43,5,0,19.2,0
C02419,32,41944,725,3.3,147.76,3,0,3.3,0
C03987,33,51958,651,4.8,127.35,4,0,6.7,0
C03099,28,54023,665,4.7,187.0,0,1,19.1,0
C04589,45,48106,534,4.5,145.52,1,1,12.6,0
C00284,40,36034,604,3.3,223.68,1,2,17.8,0
C04919,54,54386,690,5.9,209.49,1,3,15.1,0
C00843,57,48908,634,6.1,135.02,1,2,20.1,0
C01514,34,42567,590,4.5,222.67,2,1,23.9,0
C01169,60,27209,687,1.7,233.34,1,0,25.5,0
C01593,36,44602,611,4.3,204.79,3,0,14.0,0
C03461,37,55789,757,9.4,224.45,2,0,19.3,0
C03166,37,44618,559,9.0,165.28,1,1,18.6,0
C02285,48,52659,621,6.1,146.47,3,3,13.4,1
C03576,48,29379,682,3.3,198.95,2,0,18.9,0
C04871,28,36771,677,5.1,172.88,2,0,12.5,0
C02306,24,58755,786,3.1,68.9,5,0,21.8,0
C00953,45,27126,600,0.2,41.61,3,0,23.8,1
C04943,54,33969,806,2.1,232.22,0,0,27.2,0
C03054,35,43472,552,7.1,40.21,3,1,4.2,0
C04560,46,65606,627,5.4,155.13,0,0,15.6,0
C02686,40,55179,674,8.2,94.78,3,0,13.1,0
C01490,41,58130,754,9.7,202.51,3,2,12.8,0
C00928,33,46242,777,6.6,179.17,2,1,18.0,0
C01210,59,60219,690,4.9,154.48,3,1,6.0,1
C03974,31,53570,790,3.7,168.94,2,1,20.4,0
C03546,46,68834,803,8.6,76.75,1,0,21.1,0
C04362,52,43615,573,4.3,241.07,4,2,28.7,0
C01922,42,52313,774,6.6,144.56,2,0,11.7,0
C00352,22,51137,617,0.6,143.88,2,2,28.4,1
C04899,51,63344,545,5.2,78.57,4,2,19.2,0
C03394,28,33600,630,4.3,71.41,2,1,12.8,1
C02722,47,38508,665,0.2,132.83,1,3,13.5,0
C04982,59,50037,703,7.8,177.91,0,2,13.9,0
C00719,30,45327,833,5.3,196.07,3,0,18.8,0
C02703,29,55032,693,7.2,89.03,0,0,27.7,0
C02723,25,70245,683,7.0,90.09,5,2,10.9,0
C04562,37,31304,748,5.9,158.25,2,1,14.4,0
C00309,33,71185,702,2.2,225.4,0,3,28.5,0
C01676,60,65990,542,6.7,159.3,4,1,12.8,0
C00834,26,49004,708,7.4,277.56,2,3,5.1,0
C00367,39,48692,612,3.3,189.21,2,2,16.9,0
C04507,32,69267,709,6.4,158.2,0,1,12.9,0
C02079,31,70589,664,4.7,52.2,4,0,15.9,0
C04039,33,64932,711,0.2,267.37,0,0,12.7,0
C04847,54,52102,764,10.4,206.39,3,0,13.6,0
C04480,42,40309,849,10.9,274.27,1,0,23.8,0
C01747,60,63644,589,8.0,131.12,3,1,19.9,0
C00020,39,43389,711,4.7,184.0,2,1,30.3,0
C01323,42,68913,645,8.1,190.35,3,0,19.9,0
C03568,27,55705,640,6.2,104.59,2,3,17.6,0
C02522,22,38361,662,2.6,193.01,2,1,24.3,0
C00219,38,48662,642,4.1,99.28,3,0,5.0,0
C01488,21,71488,657,7.0,261.99,3,0,17.4,0
C00439,24,54971,599,6.4,42.29,1,1,17.4,0
C04175,37,52896,686,4.3,125.31,5,0,26.0,0
C02751,30,56069,741,5.2,169.69,4,2,22.5,0
C03289,27,49958,806,7.6,234.12,5,1,16.9,0
C03434,34,72373,598,0.2,199.63,2,1,14.2,0
C02526,33,33797,756,0.2,90.22,1,0,10.0,0
C04651,36,35366,625,3.8,95.64,0,0,12.2,0
C03689,59,66041,656,2.6,113.59,1,3,15.6,0
C02764,22,34961,669,6.3,210.81,2,0,28.3,1
C00803,41,68085,772,4.6,202.72,1,0,5.8,1
C02998,34,54206,590,4.8,178.86,3,0,11.6,0
C02229,32,59132,769,4.8,272.15,1,1,10.0,0
C04786,35,70938,749,0.9,120.45,2,0,19.5,0
C02078,38,56124,725,5.3,195.5,1,2,10.9,0
C00583,25,42386,695,3.8,283.22,1,0,8.7,0
C00204,48,90890,548,5.4,81.15,1,0,8.3,0
C04347,22,60335,658,5.8,252.42,2,1,11.8,0
C03479,37,36108,804,4.6,104.08,5,1,20.8,0
C02930,47,68460,724,6.8,74.86,2,2,8.8,0
C03086,35,64152,651,6.2,250.45,0,0,18.1,0
C01019,22,62372,730,4.9,243.52,3,0,15.8,0
C01584,37,57946,728,5.6,159.31,5,1,12.2,0
C01033,50,72069,590,2.5,25.33,1,1,12.7,0
C01719,37,51616,796,4.6,134.86,0,2,19.6,0
C01282,50,64486,634,5.5,139.82,1,2,20.3,1
C02499,22,52582,700,1.8,188.37,1,0,15.5,0
C03351,27,89090,653,2.2,121.87,2,0,18.3,0
C00518,23,43956,604,0.4,147.39,4,0,10.0,0
C01748,36,39950,681,5.1,231.55,1,1,10.5,0
C04653,34,52440,747,7.7,154.22,2,1,19.3,0
C03733,37,18000,779,3.2,279.31,4,0,8.3,0
C00669,57,59309,731,6.7,121.02,1,2,16.4,0
C04060,44,69606,677,1.2,243.2,2,2,17.4,0
C03027,25,62105,761,5.7,180.58,1,0,18.5,0
C04933,56,34802,739,13.4,137.56,2,2,20.5,0
C03287,26,75561,671,4.2,218.31,1,1,16.7,0
C02651,56,71136,754,4.8,231.1,3,1,13.6,0
C04454,49,33098,624,7.3,89.98,2,1,23.4,0
C03193,47,60458,739,11.0,66.83,4,2,7.7,0
C02125,50,53461,745,9.2,201.48,0,0,16.2,0
C03376,41,35061,820,1.4,198.84,3,0,14.0,0
C03393,52,54480,710,6.5,231.65,4,3,17.5,0
C03486,22,44619,731,4.9,155.02,1,2,11.8,0
C00760,50,49857,655,8.1,138.54,3,0,12.1,1
C03380,36,62615,639,5.5,176.57,2,2,27.7,0
C04441,34,53111,696,8.3,96.0,2,1,19.6,0
C02527,39,69836,668,3.1,83.61,2,0,21.5,1
C04859,31,54329,689,8.0,252.21,1,0,9.0,0
C00908,27,42914,591,0.2,172.65,3,0,22.0,0
C02684,53,56221,777,3.7,303.85,2,0,18.0,0
C00215,50,39875,625,9.5,259.32,1,0,18.4,0
C03332,55,57559,587,4.5,146.84,2,0,15.5,0
C04459,25,42455,673,0.8,211.74,1,0,26.4,0
C00694,58,84583,786,6.5,98.81,3,1,23.8,0
C01504,33,54399,761,4.7,106.67,2,2,19.1,0
C02415,35,31061,691,4.4,201.56,2,0,15.1,0
C02119,42,62518,592,4.8,87.45,3,0,12.9,0
C03859,34,69861,593,0.2,103.47,1,0,23.3,0
C02463,39,47305,594,2.8,367.44,1,1,21.9,1
C03636,39,21957,732,9.2,216.04,0,0,14.5,0
C04106,39,38716,666,6.2,248.67,2,1,16.7,0
C04479,55,54547,668,5.0,178.0,5,0,19.3,0
C00197,34,40459,587,7.2,79.03,0,1,10.9,0
C04668,26,57791,646,4.0,76.27,2,0,25.8,0
C01544,43,41379,603,3.6,173.2,2,2,23.7,0
C01331,38,41404,723,0.2,107.21,5,0,19.9,1
C00880,46,59259,718,0.2,226.89,0,2,6.9,1
C04503,60,75738,635,4.3,309.01,3,0,16.0,0
C03502,46,41671,676,4.4,224.16,3,0,6.6,0
C03895,45,51337,618,8.3,195.05,3,1,13.8,0
C04991,46,71183,697,4.3,172.51,1,0,27.0,0
C00888,28,49038,794,9.8,300.61,1,4,19.8,0
C01346,60,78231,786,5.9,130.65,4,0,14.9,0
C00069,24,56856,747,4.4,204.62,3,1,12.9,0
C04211,27,48954,683,4.9,100.54,0,0,20.9,0
C01816,25,71786,683,8.8,125.08,1,0,23.0,0
C00569,46,69809,621,1.3,160.44,2,2,13.9,0
C02168,54,45010,790,2.2,174.87,0,1,20.3,0
C00097,30,50192,652,4.9,213.83,3,0,21.8,0
C04182,35,51239,664,4.9,126.4,1,4,6.9,0
C03354,50,61156,759,2.6,112.93,0,0,25.8,0
C00140,38,69915,648,12.1,196.46,1,2,21.6,0
C04955,36,57762,767,10.8,121.8,5,3,22.6,0
C02603,52,54955,627,5.5,250.84,3,0,18.4,0
C04024,32,76859,616,7.5,174.91,2,0,16.4,0
C04773,28,53724,643,6.3,77.92,3,0,12.4,0
C01607,26,60987,614,1.9,244.41,2,2,8.8,0
C01630,26,42631,650,4.0,262.7,0,1,20.4,0
C01540,45,45670,770,1.2,135.22,3,1,18.8,0
C01695,27,52808,716,7.3,198.58,3,1,28.2,0
C02060,37,79024,745,8.0,196.24,3,0,20.9,0
C00464,37,63158,502,2.3,302.2,0,1,18.9,0
C02331,23,42250,600,5.7,238.47,4,0,8.2,0
C03044,42,44168,651,3.4,286.58,2,1,24.3,0
C04735,54,52147,545,2.2,238.57,1,0,21.2,0
C00595,33,73896,647,10.4,224.91,3,0,17.5,0
C03815,36,46553,645,4.9,257.67,2,0,6.6,0
C00626,30,58116,730,5.9,190.27,2,1,23.9,0
C00451,59,69683,587,6.2,194.47,2,0,20.4,0
C01500,54,54241,803,4.7,125.36,1,0,16.1,0
C02457,54,55387,755,8.3,203.29,3,0,19.7,0
C04723,58,34492,625,6.8,265.08,2,1,20.5,0
C02985,49,32388,753,3.3,185.77,3,3,26.1,0
C01570,60,53304,666,7.9,72.9,3,0,14.3,0
C01035,23,47516,664,4.4,20.0,2,1,18.8,0
C03519,48,83615,791,1.7,160.18,2,1,19.8,0
C01558,51,88582,600,5.5,167.54,0,0,30.2,0
C03625,54,38742,704,5.3,284.26,2,2,6.1,0
C04665,33,40270,770,4.6,138.45,2,2,11.1,0
C00151,55,73568,679,4.5,126.44,1,2,16.7,0
C01421,58,61261,778,7.5,204.81,2,1,24.7,0
C02012,36,50983,722,1.9,175.57,1,0,14.7,0
C02687,30,55196,736,8.3,223.2,3,2,20.8,0
C01787,28,40585,818,7.4,205.17,2,1,9.3,0
C00089,51,52375,709,8.2,278.86,1,0,13.6,0
C00458,46,46944,644,0.2,243.92,2,0,16.9,1
C01306,47,45523,680,4.7,199.02,2,1,15.1,0
C02926,28,59607,627,7.2,85.79,1,2,2.2,0
C03271,27,54881,717,7.5,230.61,1,1,11.8,0
C03228,36,50441,729,8.8,194.65,1,3,20.9,0
C01989,29,83619,729,4.6,155.37,3,1,23.8,0
C03755,22,77357,650,6.8,214.1,1,2,17.3,0
C03647,46,49974,675,8.9,261.1,2,1,23.7,0
C00832,30,23351,658,0.2,113.06,3,1,16.0,0
C00240,46,57118,574,0.2,231.94,4,2,25.4,0
C04682,27,42978,690,6.8,260.52,0,1,18.8,0
C03023,36,60577,673,1.2,156.32,4,0,18.8,0
C03149,60,61917,633,4.7,233.95,0,2,7.8,0
C01947,27,38869,572,1.4,155.13,2,1,21.9,0
C02776,33,25341,681,6.1,109.17,3,0,10.9,0
C00193,45,64964,651,0.2,159.97,1,1,11.4,0
C04850,57,59054,560,2.1,136.78,3,0,17.2,0
C04940,34,52576,722,2.5,166.8,4,1,13.0,0
C00945,26,38894,655,4.5,204.7,3,2,1.8,0
C01269,59,43273,628,2.7,184.01,3,2,12.7,0
C04232,58,49033,690,5.0,282.31,3,1,23.7,0
C02308,27,33558,725,3.5,270.66,2,1,13.5,1
C04425,33,53434,712,1.7,254.51,2,0,20.4,0
C04712,52,58772,629,8.2,244.37,2,0,28.5,0
C02314,23,46805,716,5.9,152.32,2,0,24.5,0
C03215,43,60683,697,7.7,178.3,3,0,25.6,0
C02733,58,28888,709,0.2,162.59,6,0,17.3,0
C01927,35,37955,662,6.0,300.54,3,2,13.4,0
C04228,45,30306,779,0.2,190.7,1,1,12.2,0
C04677,43,30313,708,5.7,108.76,0,1,16.8,0
C00801,21,42343,696,5.7,197.31,3,1,21.5,0
C03672,24,38078,581,3.5,198.36,1,0,21.6,0
C04194,22,65523,690,3.4,325.93,4,1,13.1,0
C02969,49,75414,671,5.1,130.04,3,0,23.1,0
C04794,31,50655,718,8.2,330.09,2,2,10.5,0
C04369,58,58713,694,7.2,203.56,2,1,30.1,0
C02777,41,75308,614,4.3,194.76,3,1,12.6,0
C02971,45,64185,560,9.4,163.3,3,1,11.3,0
C03868,53,63254,692,5.8,150.89,2,1,21.5,0
C01744,21,86825,741,4.3,186.62,2,2,15.2,0
C03949,59,83715,696,1.9,284.14,0,0,21.3,1
C03803,53,82206,684,1.5,207.16,6,0,26.0,0
C02025,23,59469,726,6.7,121.48,2,0,3.1,0
C02275,28,18000,774,5.6,269.25,4,0,10.2,0
C00100,26,47693,791,4.1,181.47,1,0,21.8,0
C04922,55,61943,658,2.4,274.11,1,1,9.4,0
C03408,46,33181,662,5.6,164.22,2,0,17.8,0
C04246,32,61585,725,8.6,122.25,1,0,13.8,0
C04620,56,61580,759,6.2,127.98,3,0,25.4,0
C04917,25,48061,510,4.3,293.78,3,1,20.2,0
C00192,46,51791,726,4.3,216.34,3,2,17.8,0
C04697,24,41349,610,1.0,206.62,5,1,18.6,0
C01785,50,72437,710,3.9,184.35,2,2,18.8,0
C01533,58,66165,539,4.6,129.84,1,2,19.1,0
C02835,36,32112,656,3.1,102.94,2,1,16.0,0
C04445,50,39232,655,7.8,242.48,4,2,4.9,0
C04916,25,48904,697,7.3,172.68,7,0,13.0,0
C01599,54,40561,687,3.4,110.98,4,0,17.9,0
C01780,48,61282,626,12.3,187.6,4,3,10.8,0
C04901,34,74301,691,2.5,203.79,2,1,11.7,0
C02575,51,43349,663,0.9,262.15,1,0,18.0,0
C03399,21,76586,630,11.5,221.21,0,2,15.1,0
C03976,48,64613,621,2.5,145.77,1,0,35.0,0
C03771,37,54874,803,2.2,279.85,5,0,10.4,0
C00167,33,45955,763,2.6,247.75,1,2,22.7,0
C01752,56,30409,795,6.2,217.52,1,0,21.5,0
C01480,37,68325,728,6.5,203.72,4,2,20.2,0
C01025,53,31821,708,5.4,113.04,1,0,24.9,0
C01789,39,73440,713,2.5,84.78,2,0,23.8,0
C02265,25,61397,562,5.5,41.73,4,1,21.2,0
C02474,29,69592,809,9.0,280.46,0,1,22.2,0
C01823,33,72370,601,6.8,327.51,2,0,13.9,0
C01221,46,55143,663,3.9,164.64,0,2,17.6,0
C01667,51,45358,713,8.4,150.11,1,1,24.2,0
C02961,57,31221,772,1.6,104.64,1,2,2.6,0
C00153,57,26293,652,4.3,192.85,1,0,9.4,0
C02535,53,63799,590,7.7,355.41,1,1,25.0,0
C04689,21,49729,670,3.5,142.6,1,3,21.3,0
C01979,23,39942,598,3.0,261.84,4,1,20.5,0
C01470,23,51338,669,3.2,146.59,0,1,15.6,0
C02808,33,77175,751,5.3,172.34,1,1,28.2,0
C02513,59,64133,625,4.9,41.36,1,1,25.5,0
C02944,28,50987,735,7.1,254.93,2,0,8.6,0
C02981,49,44731,626,5.7,115.4,2,1,16.9,0
C04823,57,82937,751,1.9,96.22,2,1,20.1,0
C03018,29,52899,713,6.3,305.71,0,1,13.8,0
C01567,59,65304,654,2.1,274.56,3,0,14.6,0
C00032,30,58176,693,4.6,295.33,4,3,30.2,0
C00938,26,44966,625,2.8,222.03,0,2,24.1,0
C01216,25,61037,701,8.3,162.18,2,2,18.8,0
C01938,43,44620,688,5.9,171.92,2,2,24.8,1
C01130,46,26531,709,4.7,197.0,1,0,16.1,0
C00310,25,37036,660,3.2,153.34,2,1,11.8,0
C04902,47,49764,713,0.2,230.07,2,1,24.1,0
C02169,58,46738,770,6.8,146.34,1,1,21.1,0
C03114,58,34851,572,1.1,92.59,2,0,19.6,0
C00496,37,73977,717,4.2,249.04,3,1,21.1,0
C00206,31,26533,573,1.6,147.24,1,2,19.1,0
C02674,28,64810,709,0.6,20.0,2,1,18.5,0
C03358,56,71768,641,9.6,136.1,1,0,20.7,1
C03831,56,66154,799,5.5,105.49,2,2,11.8,1
C00306,26,49095,693,7.1,263.18,1,0,31.0,0
C03794,47,47040,690,8.1,163.44,1,1,20.8,0
C02202,21,43524,747,3.7,202.51,1,0,18.3,0
C01062,48,61716,577,4.0,176.48,2,0,24.7,0
C00844,22,39572,713,7.5,155.63,1,0,23.3,0
C03873,55,41200,657,4.9,242.63,2,0,31.0,0
C02252,43,53592,747,5.2,121.83,3,1,16.7,0
C00212,49,40742,651,2.1,247.41,2,2,14.7,0
C03998,54,53637,777,2.9,256.56,3,2,31.7,0
C00680,58,63349,573,5.4,292.06,2,3,15.8,0
C00566,30,49701,561,5.9,169.97,2,1,14.3,0
C03291,37,61784,690,3.7,221.37,1,1,6.2,0
C04355,40,47842,679,7.7,179.08,4,1,15.8,0
C00681,49,54360,768,5.4,159.74,6,0,35.0,1
C00181,58,75296,702,6.7,187.32,1,2,29.5,0
C04280,54,20239,500,9.5,132.03,2,2,13.6,0
C02496,29,47176,623,1.9,216.39,3,0,16.7,1
C02317,24,59517,666,3.7,120.09,0,0,11.7,0
C04274,33,54305,700,7.2,200.0,2,0,30.5,0
C00279,23,46219,658,5.2,178.9,1,3,17.2,0
C03684,43,51838,627,0.9,280.41,0,1,15.0,0
C04763,24,44600,622,8.0,201.18,2,1,12.5,0
C00433,54,42531,623,9.9,203.94,1,2,14.4,0
C00290,39,48958,612,0.3,174.72,2,0,7.4,0
C01028,32,63257,785,6.1,113.46,2,0,15.1,0
C00536,27,78178,695,4.0,73.67,2,1,24.1,0
C03632,42,41586,693,0.2,222.9,4,2,10.9,0
C00189,30,72103,747,6.2,333.42,0,0,22.8,0
C02175,30,38410,641,3.1,267.28,2,1,31.2,0
C03916,24,82697,717,7.6,249.49,2,1,19.5,0
C01863,54,60044,651,9.9,241.84,2,1,23.8,0
C00271,32,56724,771,2.3,193.27,2,2,24.6,0
C01729,38,38936,845,3.0,129.21,0,3,16.8,0
C04076,21,66292,651,10.8,138.81,3,1,11.4,1
C02158,46,63361,688,4.8,88.48,1,1,15.3,0
C03932,24,65274,744,6.1,207.22,2,0,22.5,0
C00112,52,67594,787,5.3,316.64,0,3,23.2,0
C02385,28,35265,656,8.3,225.44,4,1,24.4,0
C00221,26,49007,671,3.5,265.28,1,1,23.9,0
C00628,35,66560,694,8.8,176.83,5,1,10.6,0
C01182,58,41109,597,4.3,267.65,5,2,7.3,0
C03382,52,92925,621,5.2,125.38,3,3,23.3,0
C02423,25,87302,709,3.2,282.7,3,0,23.0,0
C00791,24,71460,650,5.9,96.4,6,2,29.3,0
C04276,51,71829,652,6.3,228.4,1,0,13.5,0
C00462,26,55301,581,7.2,22.45,2,1,16.5,0
C04403,36,18000,699,0.2,228.55,2,2,11.3,0
C00552,36,89965,588,4.4,191.43,1,0,15.5,0
C03130,52,53761,648,10.6,177.22,1,0,25.4,1
C01445,26,36767,668,4.1,169.18,1,0,13.6,0
C00199,34,76706,712,3.1,176.06,2,2,12.0,0
C02590,34,32931,567,1.4,175.3,2,0,24.3,0
C00403,33,66793,575,6.0,121.42,1,1,21.5,0
C03960,29,67554,675,10.0,124.47,0,1,11.8,0
C04190,57,52282,739,3.5,216.4,6,1,15.9,0
C04764,30,55597,615,6.0,197.68,3,2,1.0,0
C02096,52,59085,636,3.0,264.04,1,0,5.0,0
C02901,41,37203,612,2.3,155.85,1,1,13.7,0
C04463,44,55793,663,4.3,109.21,5,0,15.3,0
C00651,40,74927,665,3.6,242.89,2,2,17.7,0
C00709,40,45876,704,7.4,68.4,3,1,16.6,0
C01481,27,66851,680,5.9,185.99,0,0,15.1,0
C04415,40,54837,561,3.2,133.82,2,2,11.7,0
C03066,43,55185,715,6.5,110.12,3,0,11.3,0
C02396,47,39958,662,5.1,78.03,4,1,15.0,0
C01770,28,75697,827,4.3,104.41,1,0,22.1,0
C00315,30,44583,689,5.7,225.88,3,0,25.7,0
C03762,41,43385,733,0.2,60.13,3,2,3.4,0
C04910,45,39486,693,8.5,257.39,2,2,17.2,0
C00114,39,77352,707,3.0,34.83,4,1,20.5,0
C00961,27,65645,688,3.0,283.92,4,0,14.5,0
C02911,25,25960,521,10.0,136.0,2,1,16.5,0
C03406,35,71095,848,1.3,225.94,1,0,10.0,0
C01624,21,21771,616,0.2,149.04,2,2,14.6,0
C03323,52,53425,727,0.2,139.53,1,4,19.6,0
C05000,40,71337,590,3.7,206.71,4,3,23.7,0
C01819,26,44933,845,8.3,236.64,1,0,12.9,0
C03195,50,48825,697,3.1,246.93,1,1,16.9,0
C03008,38,39556,664,4.9,202.2,5,1,16.9,0
C03415,44,72988,694,1.4,214.61,2,2,14.6,0
C04529,38,76664,684,4.1,177.6,2,2,7.1,0
C01898,55,47728,634,6.2,182.69,1,1,28.1,0
C01919,39,22204,535,3.6,165.0,1,4,24.4,0
C01271,35,66537,639,6.3,300.36,6,1,16.9,0
C04177,33,76284,588,9.7,282.26,2,0,15.6,0
C04963,60,18000,632,6.3,308.08,2,3,20.0,0
C04884,27,72201,743,3.7,164.77,3,0,16.3,0
C04095,59,31624,808,2.1,322.27,2,1,17.1,0
C03160,55,36083,741,2.9,116.08,3,1,35.0,0
C01814,40,49458,630,2.5,211.02,6,0,12.6,0
C02427,27,34723,728,0.6,109.45,1,2,23.9,0
C03951,36,72520,712,8.3,172.66,0,2,21.6,0
C04429,51,36815,741,5.1,187.25,2,3,16.5,0
C02143,59,29400,684,4.4,225.66,1,4,25.6,0
C01627,44,52596,714,3.2,123.39,5,1,9.4,0
C00790,21,63187,659,2.6,145.26,0,1,19.6,0
C03787,28,53502,521,4.4,197.12,3,0,16.5,0
C01865,54,59894,685,4.4,64.62,2,1,10.8,0
C02866,22,39495,634,6.1,81.67,1,0,14.6,0
C00872,29,44950,510,4.7,139.74,6,0,15.5,0
C03272,37,48061,712,8.8,141.26,2,0,20.6,0
C03834,47,22666,773,5.2,27.76,0,0,21.2,0
C00074,26,29328,575,7.2,144.76,4,2,22.6,0
C01753,46,24387,832,6.8,184.45,5,0,20.3,0
C01422,60,79963,743,0.2,120.09,3,2,24.1,0
C04222,41,67176,659,5.8,199.73,4,0,18.9,0
C04694,55,61315,539,5.5,223.99,2,0,19.0,1
C04370,42,55663,675,2.4,111.55,2,0,30.4,0
C04576,51,73221,679,10.8,196.03,5,0,22.4,0
C03810,45,68898,708,11.7,155.28,4,1,16.2,0
C02245,49,71607,721,1.3,146.93,2,0,27.1,0
C03048,51,46831,667,1.7,20.0,0,1,15.3,0
C02446,56,32991,700,5.4,172.15,5,0,23.7,0
C00495,32,79640,674,5.2,200.22,0,1,12.7,0
C03131,35,61079,769,0.2,207.93,2,0,17.8,0
C04322,38,54285,724,6.9,203.93,1,0,21.7,0
C04398,31,54105,782,11.1,176.5,2,1,24.3,0
C01165,41,64677,833,4.7,130.9,7,0,24.0,0
C03735,33,55547,658,0.2,252.41,4,2,18.6,0
C01731,52,61149,676,3.5,143.23,2,0,25.5,0
C04813,42,75871,812,8.5,256.94,0,0,20.2,0
C02403,50,43937,608,3.9,179.36,0,1,28.9,0
C03404,60,54449,770,7.0,105.75,2,2,21.3,0
C00619,23,50649,703,2.6,208.03,3,0,10.8,0
C01698,26,49291,706,4.5,278.49,0,1,18.3,0
C03594,43,66361,680,8.1,208.07,2,1,13.9,0
C01958,42,78206,726,6.2,162.4,2,0,7.0,0
C01222,43,38492,716,0.2,207.73,0,0,14.7,0
C02074,34,28918,652,4.5,149.84,2,1,21.1,0
C03411,23,66694,688,7.0,20.0,4,2,22.5,0
C00870,22,67947,712,0.2,271.35,0,1,19.8,0
C02719,44,41422,738,3.5,249.32,0,1,12.7,0
C01043,37,56343,633,6.0,244.07,2,0,12.1,0
C01362,23,57386,662,3.4,323.93,3,3,14.8,0
C00357,27,68114,670,3.0,237.15,3,0,14.1,0
C01163,54,66798,656,9.7,124.83,4,0,13.2,0
C02766,42,66103,566,4.4,202.98,2,0,20.8,0
C03253,27,45823,733,5.5,101.87,2,3,14.4,0
C01439,33,43665,715,5.6,249.18,4,0,28.5,0
C03604,45,52626,699,1.9,237.93,4,1,12.3,1
C04941,50,65445,763,6.1,318.86,1,1,20.8,0
C04594,50,35606,698,0.2,316.57,0,1,19.3,1
C03640,45,34412,780,3.6,273.2,1,1,12.0,0
C01254,52,36598,585,2.1,229.08,4,1,21.4,0
C03366,50,61997,641,6.3,218.07,2,1,19.9,0
C00333,33,61982,675,7.0,31.64,5,1,12.2,0
C03695,36,80120,654,4.2,204.93,1,0,35.0,0
C03569,51,41986,789,5.1,241.97,1,1,23.9,0
C02729,44,85896,756,7.5,238.62,3,0,7.5,0
C03668,28,44482,620,7.3,191.98,1,0,13.2,0
C01631,43,18000,605,2.2,128.52,2,0,20.0,0
C01117,60,36159,649,6.1,127.26,2,0,27.5,0
C01850,27,61766,704,2.6,190.69,1,1,18.0,0
C03555,37,58377,686,1.0,166.24,0,0,19.9,0
C03154,52,50003,722,4.0,254.06,3,0,3.4,0
C03266,46,18000,643,8.7,163.56,2,2,18.2,0
C01666,36,63378,738,6.8,99.93,0,0,20.1,0
C00446,47,61324,646,4.2,276.12,1,0,19.4,0
C02246,54,59396,753,4.4,198.28,1,0,23.5,1
C00453,40,42058,665,4.4,304.47,1,0,7.2,1
C01552,55,51314,568,5.8,289.89,0,0,19.7,0
C04435,44,29409,666,6.4,220.29,0,0,22.5,0
C02955,32,50319,570,9.1,177.33,1,1,15.6,0
C00015,49,36109,705,3.9,115.01,1,1,12.8,0
C03629,54,56192,701,5.9,201.48,4,2,22.8,0
C00946,25,29101,628,6.6,264.1,0,1,6.8,0
C00248,37,49514,732,1.2,171.26,1,0,19.3,0
C04698,24,68636,734,7.8,148.68,2,0,24.1,0
C00361,54,80892,592,3.2,138.61,2,1,24.2,0
C04657,26,63547,588,5.0,168.88,3,0,19.3,0
C01615,23,58674,742,5.1,61.81,2,0,1.0,0
C02304,56,28772,711,0.2,155.84,3,1,20.8,0
C04142,55,59278,625,3.3,199.55,1,1,10.9,0
C03169,53,66565,715,3.0,159.9,1,0,28.1,0
C02479,24,33772,741,10.9,119.93,4,2,17.8,0
C04215,48,84503,608,5.7,354.76,1,0,21.0,0
C04181,47,62645,659,0.7,182.56,2,2,12.3,0
C04885,21,55969,729,3.1,185.95,1,0,4.0,0
C03164,33,62043,672,8.9,224.03,4,2,19.8,0
C00491,58,28496,642,6.7,118.37,0,0,7.4,0
C00863,25,39866,644,7.5,142.99,2,1,19.6,0
C01741,38,60993,720,7.4,257.94,0,0,11.5,0
C04100,34,54406,703,6.9,268.48,2,1,20.6,0
C04386,49,58085,526,8.5,226.26,4,1,1.0,0
C02448,46,42496,685,4.3,137.62,3,2,19.6,0
C04231,23,52940,683,4.4,205.9,0,0,20.5,0
C00507,42,50581,678,2.7,318.85,2,1,18.4,0
C02678,56,53757,736,9.2,60.26,3,0,26.5,0
C02996,46,35052,800,2.0,83.36,2,0,18.7,0
C01943,55,30565,707,0.8,221.53,3,2,27.6,0
C01223,59,28984,651,9.9,201.61,2,1,10.0,0
C01114,32,42605,645,4.3,298.52,1,0,19.4,0
C01906,30,37781,709,4.8,112.53,2,0,8.1,0
C03424,36,85267,549,8.3,147.41,0,3,18.9,0
C01878,56,56747,644,3.5,220.83,2,1,24.3,0
C04673,29,49598,731,3.3,212.79,4,0,7.9,0
C00434,26,60946,733,5.6,203.4,2,3,24.0,0
C02365,51,56008,633,6.5,108.48,3,0,17.5,0
C03155,23,80347,756,7.4,149.1,4,2,20.2,0
C02836,42,60743,619,3.2,161.09,1,1,13.2,0
C02093,53,38401,845,10.8,20.0,3,0,26.1,0
C03011,35,27160,745,6.3,258.68,2,0,20.1,0
C03163,27,58442,710,3.6,74.32,2,0,27.0,0
C02946,25,33661,666,8.1,231.65,4,2,17.8,0
C03917,23,51120,605,7.1,65.28,4,0,20.8,0
C02917,45,83854,620,4.6,257.39,3,0,30.5,0
C01103,57,43587,687,3.2,191.55,3,3,2.0,0
C01449,50,64412,721,8.8,222.4,2,0,14.9,1
C01721,24,37936,619,7.8,213.65,2,2,22.8,0
C04519,49,76867,625,2.8,205.71,1,2,21.9,0
C03843,43,56114,780,4.8,236.98,6,1,17.2,1
C00157,26,53682,740,6.7,209.44,0,1,9.3,0
C02979,32,65733,602,3.3,157.2,2,0,18.7,0
C01774,36,49203,645,9.8,142.48,3,0,7.4,0
C00616,46,57989,613,7.0,222.14,1,1,15.0,0
C00644,40,69541,652,6.8,221.45,2,2,22.6,0
C01936,27,59688,718,1.6,180.11,2,0,19.8,0
C04278,51,34047,611,3.8,155.27,2,1,18.7,0
C01069,34,60351,745,1.2,44.82,0,1,15.5,0
C04455,45,38998,756,8.4,135.24,2,0,17.3,0
C04155,30,68250,687,6.7,232.76,1,1,15.5,0
C04240,30,29171,639,7.1,123.91,3,1,20.9,0
C04869,57,47752,622,0.2,82.34,0,0,19.9,0
C00331,42,63339,850,3.2,222.19,1,1,15.0,0
C02058,50,66954,808,0.2,245.02,4,3,14.3,0
C02647,43,34897,695,2.9,259.65,1,0,26.1,1
C02192,37,39341,644,7.5,115.62,2,0,16.5,0
C00623,27,86151,724,1.6,175.74,1,0,20.6,0
C01596,27,52732,766,0.6,266.77,1,1,17.1,0
C02916,38,57064,624,4.2,69.49,2,1,21.0,0
C04822,48,64239,617,4.1,64.08,2,1,18.1,0
C03899,33,40219,706,2.8,20.0,1,2,22.6,0
C01920,42,69531,568,0.8,125.29,3,1,9.3,0
C04174,35,46148,685,6.4,184.37,2,2,18.4,0
C04478,35,70687,698,9.2,309.6,1,5,14.6,0
C00756,38,72452,561,2.3,146.61,0,1,15.1,1
C00519,40,55425,780,5.7,83.57,3,2,28.9,0
C03804,21,58617,623,7.9,154.08,2,1,5.1,0
C00033,24,66432,514,7.5,139.01,3,2,26.6,0
C02938,49,60690,813,4.8,159.45,2,1,20.6,0
C01158,55,76873,676,7.9,230.95,2,2,11.7,0
C00745,52,33669,722,1.2,197.8,0,2,8.7,0
C01498,52,65545,791,1.6,181.24,4,1,15.3,0
C03460,36,51404,622,3.5,149.13,2,1,17.1,0
C03756,33,42530,650,8.7,246.45,1,3,22.0,1
C02592,36,43433,631,13.5,258.89,0,0,11.6,0
C00784,25,33209,687,4.4,205.09,1,0,13.4,0
C03494,50,64166,819,3.7,176.27,2,2,8.6,0
C02950,41,64311,644,3.4,241.68,3,3,20.5,0
C00230,28,60482,590,3.3,190.12,3,1,11.3,0
C00858,23,69640,702,7.2,157.04,3,0,12.5,0
C02267,48,71641,594,5.0,45.32,1,2,23.9,0
C04275,22,77740,595,5.3,132.05,2,1,25.4,0
C00409,58,42672,653,6.2,180.57,3,0,11.1,0
C00171,25,54886,773,9.9,154.92,3,0,29.6,0
C00541,49,58158,675,3.9,78.29,0,1,8.5,0
C02211,48,41986,647,10.5,109.99,3,3,14.3,1
C02305,57,67996,662,5.6,248.72,2,3,18.5,0
C02568,46,80116,732,0.2,367.68,2,1,3.6,0
C00614,36,50263,777,6.1,174.04,0,3,16.8,0
C02102,47,73642,565,5.6,332.75,1,0,14.6,1
C01809,24,43142,615,5.7,147.69,2,0,21.8,0
C03439,58,66738,661,5.0,238.33,1,1,14.2,0
C01162,40,77021,586,7.9,186.87,4,1,15.0,0
C04226,28,62722,737,3.9,210.94,0,1,21.5,0
C03120,55,62637,641,5.2,189.57,5,1,12.4,0
C03653,37,69977,809,3.7,121.53,3,1,17.9,0
C01611,52,67987,819,9.9,222.05,3,1,24.4,0
C01933,54,47913,819,13.0,234.99,1,0,13.3,0
C03028,50,49203,702,1.9,349.44,1,0,28.3,0
C00565,56,90397,708,5.6,128.04,0,4,17.4,0
C03572,54,32332,668,5.2,315.45,3,2,5.7,0
C04248,28,64355,810,6.6,204.72,0,0,25.4,0
C02389,59,30783,650,9.8,210.13,2,1,17.8,1
C01472,48,45231,718,9.7,211.05,5,0,13.8,0
C02631,58,61231,801,4.9,193.52,2,0,10.3,0
C01836,26,18000,586,7.0,193.9,0,3,19.7,0
C04929,28,51925,615,7.3,168.1,1,0,11.6,0
C03476,29,80610,699,0.9,103.18,0,1,29.9,0
C01534,28,66628,638,0.2,190.45,1,2,6.3,0
C04328,38,51040,640,5.6,296.17,2,0,14.4,1
C02485,34,65254,572,10.3,141.17,3,2,15.2,0
C04208,58,38592,636,5.8,199.45,5,0,1.5,0
C01173,36,60223,684,3.6,127.0,2,1,14.1,0
C01428,57,36821,718,6.5,78.19,1,2,7.0,0
C00326,30,63651,642,4.4,109.68,1,4,21.5,0
C01052,35,71190,821,3.9,114.35,2,0,25.5,0
C03320,22,56988,646,5.2,173.36,0,0,20.5,0
C04722,54,57507,696,6.8,159.16,2,0,17.7,0
C03865,46,63500,712,3.7,171.83,2,1,10.1,0
C02604,43,70293,716,4.6,305.78,2,1,29.3,0
C01739,21,54566,626,3.0,101.28,2,0,13.3,0
C01197,49,53645,639,4.5,144.03,1,0,20.8,0
C00621,38,58847,710,10.6,263.03,0,1,19.0,0
C01375,56,69382,732,9.0,310.59,0,1,19.5,0
C02880,60,79418,597,9.1,132.01,0,2,18.8,0
C01190,21,35639,696,10.8,60.68,4,2,16.0,0
C00329,26,48587,674,3.5,197.06,2,1,14.6,0
C00649,59,82393,589,9.1,230.45,0,2,7.2,0
C00898,23,66732,639,0.5,263.33,2,0,18.4,0
C03883,44,70230,686,5.1,216.34,4,0,15.1,0
C01124,30,67763,630,10.5,261.79,2,0,20.2,0
C01892,30,47936,618,8.3,382.24,2,1,7.1,0
C04644,23,54368,568,2.7,182.89,1,1,18.3,0
C04792,60,55620,690,3.3,293.98,3,1,13.3,0
C04530,43,26994,623,2.6,213.63,2,0,18.2,0
C04235,31,63699,694,6.0,284.51,2,1,4.5,0
C01594,21,52394,640,2.9,125.03,1,3,24.0,0
C03313,58,59827,613,8.8,239.16,2,4,30.1,0
C02548,44,44841,729,7.3,128.44,0,1,10.5,0
C01546,44,39488,490,8.9,108.0,3,0,17.2,0
C04337,51,37688,725,10.1,143.94,1,3,8.6,0
C01024,54,69046,719,0.6,178.95,2,2,27.5,0
C01972,57,59671,665,3.3,119.59,3,0,12.3,0
C04989,58,40291,720,2.8,180.21,1,2,22.4,0
C01715,46,35025,629,4.4,158.12,2,0,20.7,0
C01718,36,34818,659,5.9,240.38,2,0,19.8,0
C01478,36,64987,702,9.2,224.43,2,0,17.3,0
C00810,60,60130,691,1.8,309.26,1,2,15.0,0
C02851,28,43895,653,2.1,161.27,2,0,24.1,0
C00979,35,97217,676,7.4,94.59,2,2,19.9,0
C04688,32,48650,645,3.2,20.0,0,1,27.3,0
C04896,37,65006,582,0.2,270.84,2,3,22.2,0
C01685,35,70258,686,3.2,20.0,4,3,26.2,0
C04661,54,61277,597,4.7,185.87,0,2,19.3,0
C01515,30,74643,665,7.4,184.62,2,0,13.2,0
C02405,36,50180,704,5.0,182.01,5,0,16.7,0
C02022,47,50276,582,10.2,144.63,2,0,16.1,0
C04554,43,62060,582,2.7,164.24,6,0,9.9,0
C01768,39,53004,764,6.6,278.1,1,1,15.2,0
C00175,48,44732,732,6.8,167.29,1,0,14.8,0
C01555,39,58798,687,4.5,294.65,1,0,11.6,0
C04216,60,91662,629,2.2,221.6,4,1,22.8,1
C01483,32,33487,659,4.6,234.45,2,2,27.0,0
C04462,34,55588,554,3.8,186.41,6,0,1.7,0
C00218,24,33568,619,9.6,289.41,2,1,16.6,0
C03915,52,71135,637,4.8,254.71,1,1,26.6,0
C03721,46,65047,586,1.4,57.23,1,1,13.8,0
C00691,60,73987,607,0.7,118.56,4,0,28.6,0
C02578,39,39350,642,4.4,146.94,1,0,23.7,0
C02234,26,38569,776,1.9,91.54,1,1,25.1,0
C02239,40,45263,627,5.7,196.22,2,0,17.4,0
C01107,30,70507,659,7.7,293.8,3,1,10.4,0
C01790,51,63994,680,6.6,139.96,4,3,15.5,0
C03189,23,54870,681,3.9,148.45,2,1,20.8,0
C02437,46,45575,635,7.5,149.88,2,3,20.3,0
C00612,39,47882,768,5.7,260.17,1,4,15.8,0
C03661,43,51066,724,6.5,162.22,4,3,20.2,0
C03712,60,49683,650,0.7,245.25,0,0,20.1,0
C00577,58,61029,732,2.7,237.37,5,0,13.8,0
C02064,49,64083,757,3.7,219.23,6,0,11.4,0
C04436,58,51538,565,5.9,102.81,2,2,10.2,0
C01181,45,55695,640,0.2,218.88,1,1,7.0,0
C00889,21,55843,769,10.2,117.97,3,0,20.1,0
C03129,41,71872,576,3.8,167.88,1,2,18.4,0
C01733,48,23501,654,7.8,182.9,2,1,29.5,0
C02664,40,64132,722,8.6,210.15,1,2,29.7,0
C00818,25,79179,689,5.5,241.61,2,2,23.7,0
C03278,30,102698,612,4.0,261.81,2,2,22.3,0
C01860,50,55004,683,2.0,131.99,0,0,16.5,0
C00209,31,54689,724,6.7,151.19,3,0,26.1,0
C00294,34,75881,719,3.9,287.01,2,2,19.3,0
C01120,40,80149,617,8.2,173.24,1,1,13.0,0
C02214,25,40826,767,9.2,165.83,3,2,28.3,0
C01610,26,60636,648,5.3,194.99,1,2,15.4,0
C01265,30,62057,586,1.0,167.55,1,1,18.9,0
C00991,34,45229,732,5.8,159.72,2,1,13.0,0
C04198,25,39341,479,6.3,181.14,1,1,23.9,0
C01617,52,45219,710,8.9,167.68,0,1,19.9,0
C00354,38,45347,619,14.1,219.75,5,2,17.5,0
C04558,55,51883,583,8.0,138.38,2,2,17.5,0
C02023,47,91400,627,5.5,139.35,0,1,20.7,0
C03691,37,39120,583,5.8,349.09,1,2,11.7,0
C02556,25,50508,743,7.9,242.38,3,0,17.4,0
C03049,27,66756,721,4.1,199.63,3,4,14.2,0
C01229,27,34585,672,11.4,317.97,0,0,13.8,0
C00260,44,52357,651,9.9,198.8,1,0,19.4,0
C01520,39,42938,750,4.1,238.36,4,0,23.8,0
C01778,27,37113,616,9.2,195.7,4,1,12.9,0
C04740,41,64044,723,7.1,73.71,2,0,9.4,0
C01771,34,73143,580,4.0,183.74,1,1,16.9,0
C04354,37,77802,710,5.4,20.0,3,1,17.8,0
C00053,35,46779,644,0.2,171.98,2,1,11.8,0
C03474,56,50588,748,4.6,74.4,3,1,15.1,0
C04684,23,46927,687,4.8,212.14,2,0,22.8,0
C04412,44,79729,688,9.3,232.5,1,1,17.6,0
C02410,22,73176,656,5.7,173.15,0,2,13.9,0
C02788,23,85672,751,3.9,251.07,3,0,14.0,0
C02345,44,29115,711,4.3,110.3,3,0,10.0,0
C01034,33,55276,682,3.2,182.67,2,1,25.7,0
C01098,51,61068,746,7.0,165.21,0,0,12.4,0
C00544,27,75756,654,3.5,245.49,0,1,16.7,0
C01047,30,50770,712,6.6,170.25,1,1,19.9,0
C01895,26,24421,602,7.6,114.47,0,0,13.4,0
C04377,33,90186,580,8.3,199.33,5,1,10.8,0
C00031,39,24526,608,2.1,43.72,0,1,21.2,0
C00726,25,65329,630,5.9,157.55,2,4,11.0,0
C04962,41,46262,694,1.0,153.73,1,1,27.1,0
C04719,37,55320,603,6.8,236.19,6,1,21.8,1
C03904,21,55134,665,2.9,175.73,2,3,20.2,0
C01427,47,47648,549,2.9,156.12,1,5,32.1,0
C02498,56,43646,608,5.6,155.6,1,1,20.9,0
C00437,43,66286,684,2.1,150.34,1,2,15.6,0
C02471,56,29064,565,3.6,219.11,0,0,21.0,0
C00913,36,39706,826,5.6,123.24,1,3,20.1,0
C04223,54,53311,755,2.0,41.22,2,1,4.7,0
C04353,43,31517,659,2.4,150.61,1,1,22.2,0
C04513,25,44195,850,6.8,167.22,2,2,13.4,0
C04444,39,69911,827,0.8,160.16,2,0,35.0,0
C02288,53,21389,683,10.0,110.95,4,2,9.8,0
C04598,21,85274,706,2.2,195.07,4,2,17.5,0
C01239,32,39247,840,4.5,238.73,2,1,5.3,0
C00904,56,41244,580,0.2,206.67,2,1,16.9,0
C03621,60,64660,644,6.5,287.42,2,1,25.0,0
C03232,29,60743,711,7.8,69.98,1,2,18.7,0
C02860,38,82059,736,6.2,53.18,3,0,15.8,0
C00508,30,18000,702,6.6,326.01,1,3,28.3,0
C03222,31,52207,648,10.7,226.54,0,1,18.5,0
C00184,48,54363,659,2.8,131.49,2,0,10.1,0
C01565,43,60424,789,7.7,179.36,4,0,14.9,0
C02705,23,79408,631,5.4,144.96,0,1,17.4,0
C00322,25,81290,579,11.5,184.29,2,1,17.4,0
C03564,52,61165,702,3.3,113.92,3,1,19.6,0
C01539,49,42911,706,12.1,230.77,2,0,13.1,0
C01838,33,48044,556,1.3,177.71,3,0,19.9,1
C02381,28,48211,586,3.1,164.66,0,1,15.5,0
C01913,21,48282,707,7.3,109.88,2,0,22.3,0
C01841,38,44288,677,11.1,200.9,1,1,25.6,0
C02116,29,43989,667,1.3,163.77,1,0,16.2,0
C04438,58,49325,831,4.1,20.0,2,0,26.2,1
C01147,42,82015,685,2.6,179.92,4,1,20.5,0
C02487,30,80971,662,2.6,172.22,3,0,24.4,0
C00045,23,67230,587,11.4,289.71,0,1,14.7,0
C02155,49,66139,677,5.0,290.77,1,1,9.2,1
C01527,33,58519,675,6.1,131.37,2,2,24.8,0
C04856,48,46018,833,8.4,97.68,1,0,14.7,0
C01379,41,50064,733,0.2,190.0,5,1,11.6,0
C01766,58,59509,634,1.8,116.61,2,0,15.5,0
C03013,22,64363,752,6.4,175.15,0,1,9.3,0
C00414,26,41653,752,4.9,160.47,2,0,30.2,0
C04285,25,68772,638,8.0,251.41,2,2,21.4,0
C01408,55,49774,643,4.2,290.89,2,2,27.0,0
C01659,54,49725,622,2.1,245.63,1,1,25.8,0
C00802,33,34752,600,3.6,223.38,0,1,24.0,0
C01289,25,56065,662,5.2,58.12,1,1,18.3,0
C02183,45,44526,764,0.2,165.99,1,1,19.8,0
C02589,59,70208,628,8.6,314.5,1,1,15.2,0
C02616,47,67027,624,5.3,105.8,1,1,21.7,0
C02319,55,73085,745,6.0,196.56,1,1,12.6,0
C00257,48,67531,511,4.7,109.84,2,0,26.8,0
C04542,46,66104,589,10.5,175.26,3,2,23.4,0
C01730,25,47337,696,5.1,179.75,3,2,15.7,0
C01152,41,46433,718,6.3,135.98,1,1,15.7,0
C04145,26,60748,764,1.7,158.81,1,2,17.3,0
C00648,42,43238,687,6.1,224.35,3,0,27.1,0
C02909,26,54928,636,2.7,214.16,1,0,28.7,0
C01703,48,53257,686,0.2,221.66,2,2,16.9,0
C01882,31,62080,705,2.9,33.56,3,0,28.8,0
C03769,53,66417,607,9.7,221.79,0,0,17.8,0
C01316,32,66391,683,7.0,133.87,3,1,18.7,0
C02270,60,79546,739,5.0,142.9,1,1,15.4,0
C01967,35,66196,639,7.5,136.27,0,1,16.4,0
C02466,28,62507,631,2.6,220.29,0,0,25.3,0
C03856,49,44237,775,8.0,115.38,1,3,20.9,0
C01351,23,30106,765,8.0,114.96,0,0,15.6,0
C03297,29,63753,698,7.0,267.48,1,1,22.2,0
C00113,43,76525,647,6.3,309.41,1,2,10.5,0
C03134,24,70396,688,7.3,267.11,3,4,18.1,0
C00264,58,53300,617,3.0,139.51,3,3,21.4,0
C01394,50,52456,717,3.4,310.75,2,1,14.4,0
C01879,50,41002,832,7.5,105.28,3,2,19.8,0
C01187,26,45208,628,5.0,217.38,5,4,17.1,0
C03072,40,76383,701,2.5,244.49,1,3,17.0,0
C00057,42,70130,641,8.3,281.28,1,2,16.1,1
C01310,55,47549,646,0.2,76.35,2,0,6.3,0
C00696,31,100476,754,10.4,204.34,4,1,26.2,0
C02953,58,28554,685,3.9,201.0,1,1,18.8,0
C01727,58,56105,694,2.1,108.93,1,0,18.0,0
C02092,34,59511,725,7.1,171.69,1,2,20.2,0
C03870,49,84226,671,6.2,235.19,1,1,20.4,0
C00320,51,44589,677,6.0,157.21,2,2,15.2,0
C04321,47,83084,670,2.2,256.47,0,0,16.3,0
C00683,59,44108,740,1.8,303.78,0,0,20.1,0
C03842,40,40662,718,5.7,20.0,2,1,25.7,0
C03214,59,57531,701,4.3,217.92,1,2,15.3,0
C02003,36,76005,622,9.2,161.84,5,1,18.7,0
C04783,34,40943,615,10.0,233.72,2,1,21.4,0
C04151,34,51469,595,5.8,248.7,5,0,28.5,0
C00287,27,80911,613,0.5,122.15,1,0,12.1,0
C01889,23,63660,741,0.2,349.67,0,1,19.0,0
C02338,53,59697,635,2.8,210.45,2,1,17.3,0
C02521,38,48858,717,0.6,203.68,2,0,25.5,0
C02278,23,49651,737,5.6,240.65,3,0,21.3,0
C02128,46,61565,647,1.2,140.1,2,1,11.5,0
C03500,38,27650,750,5.0,143.46,3,0,19.2,0
C04212,49,51767,694,4.0,109.2,2,0,27.1,0
C02084,47,76472,585,6.8,188.81,1,1,13.4,0
C00737,50,44319,709,2.9,114.36,3,1,7.4,0
C04802,44,61404,746,5.4,196.79,2,1,17.4,0
C00337,59,62516,667,12.5,86.33,0,0,15.5,0
C02597,41,60641,715,0.3,258.38,3,1,7.9,0
C02772,22,72947,551,3.9,104.75,4,1,14.4,1
C03705,58,45376,616,1.8,258.1,1,1,24.0,0
C04405,31,73454,764,0.5,247.48,1,1,15.7,0
C01072,29,54099,680,0.2,166.32,1,1,18.2,0
C02291,36,43283,850,11.6,128.56,4,1,21.2,0
C01673,31,44404,675,3.2,102.16,1,1,10.7,0
C04084,52,19813,688,4.1,179.45,1,1,19.3,0
C04251,37,50660,727,0.7,216.47,1,0,24.0,0
C04114,60,52514,637,5.3,272.62,5,0,25.1,0
C04409,31,48706,632,6.3,237.91,2,1,22.2,0
C03367,45,63586,670,10.5,254.19,2,0,19.4,1
C01489,25,60947,793,4.6,215.72,1,1,10.5,0
C00499,58,53018,670,3.0,296.33,1,2,15.7,0
C04383,35,49011,703,0.2,206.03,3,2,23.9,0
C03480,52,40643,724,2.7,61.68,2,2,19.1,0
C02582,39,52448,569,1.7,217.84,0,0,8.3,0
C03124,45,57939,727,1.6,130.97,1,3,7.7,0
C02922,51,82220,671,6.7,245.5,2,1,14.3,0
C04378,31,70887,774,0.8,214.78,0,0,14.5,0
C02645,39,59570,591,7.8,193.45,2,1,23.4,1
C04287,49,50034,639,0.2,291.99,3,1,19.3,0
C04041,34,53975,602,4.7,241.27,2,2,20.2,0
C02035,60,58235,661,9.0,119.81,2,3,24.7,0
C01023,55,76316,681,4.5,58.38,4,0,13.6,0
C02283,33,59873,592,4.7,241.07,1,2,17.0,0
C04887,48,49524,693,7.1,130.89,2,0,15.7,0
C04220,27,51028,651,6.3,152.22,1,0,17.8,0
C03064,26,61386,737,4.2,270.63,1,2,19.6,0
C04366,54,48070,653,0.2,78.22,3,3,18.1,0
C00666,48,73232,731,7.6,177.7,0,0,12.3,0
C03933,49,59852,627,2.5,294.2,3,0,35.0,0
C02639,27,65654,640,7.7,116.36,1,0,18.8,0
C03177,45,64939,756,7.0,135.12,0,0,1.7,0
C04266,60,48927,578,7.0,189.69,0,1,17.5,0
C03122,60,36807,802,1.8,81.6,1,1,25.8,0
C01018,40,34283,662,5.7,201.2,1,0,12.3,0
C00558,56,31783,648,3.3,141.82,5,0,11.5,0
C02400,50,68023,732,5.2,160.81,3,1,20.2,0
C01208,49,65786,594,7.8,118.7,3,1,14.3,0
C02006,26,51297,660,3.1,245.18,1,1,16.8,1
C02657,23,70635,665,7.3,214.34,3,0,14.2,0
C02136,48,67018,604,6.9,207.28,3,0,16.7,0
C01511,34,43602,535,4.3,211.92,3,1,12.7,0
C01737,41,33745,753,5.8,184.04,2,1,14.2,0
C00246,24,39520,647,4.7,138.37,2,1,18.5,0
C01164,42,54416,613,5.6,131.98,4,1,11.0,0
C03363,22,46564,627,2.3,57.35,4,3,22.2,0
C00267,38,53878,783,4.3,236.01,3,1,15.3,0
C02367,34,54738,561,0.4,177.81,6,0,21.4,0
C01115,28,65766,751,3.3,274.93,2,0,23.6,0
C00064,59,50393,626,5.4,232.94,1,0,28.3,0
C02593,42,30229,612,9.4,93.75,1,1,16.5,0
C02789,21,45609,699,5.5,93.01,3,0,16.2,0
C02758,46,37177,511,9.9,241.16,2,0,22.9,0
C03012,41,74119,697,3.3,274.78,1,2,22.7,0
C03077,25,42909,706,3.1,204.52,1,2,15.8,0
C02999,38,72426,625,0.4,222.81,1,1,25.0,0
C02816,24,68551,720,3.3,154.42,1,2,14.3,0
C02260,60,63630,698,0.3,151.27,2,0,20.7,0
C04959,57,97067,688,5.6,146.42,2,1,7.6,0
C03205,32,60901,518,2.4,54.69,3,0,13.9,0
C01238,25,48276,678,6.4,182.71,0,2,19.9,0
C00104,21,62497,713,3.3,187.01,1,0,16.1,0
C02644,39,85456,615,5.3,134.56,4,1,23.0,0
C00273,27,70591,673,8.0,187.47,1,2,7.6,0
C00509,31,23077,652,2.6,389.66,1,1,12.7,0
C02227,56,63373,680,2.2,322.17,1,0,15.5,0
C04934,54,51152,664,6.4,262.55,2,0,23.9,0
C02442,21,78891,780,5.7,124.83,1,2,12.7,0
C00866,48,64714,689,5.0,260.3,1,1,12.6,0
C03327,27,54185,785,4.0,133.37,2,2,22.2,0
C00909,35,49823,627,0.7,171.17,5,1,25.9,0
C02115,50,64662,689,2.8,120.99,1,1,10.6,0
C03897,42,64334,584,4.7,217.62,1,2,16.5,0
C01628,44,76239,754,6.0,156.32,2,0,14.8,1
C02874,29,58801,708,0.2,130.86,1,1,22.5,0
C01523,28,45729,705,2.9,197.3,1,0,16.4,0
C00836,52,66529,665,0.7,120.22,4,0,13.1,0
C00359,24,42167,585,2.6,103.38,1,1,24.7,0
C00139,34,61903,758,6.4,219.92,3,1,18.5,0
C00300,21,72401,664,2.3,103.87,1,1,17.0,0
C01557,56,59100,687,11.7,290.58,1,0,24.2,0
C01004,56,54434,821,5.1,168.29,2,0,17.1,0
C00383,58,30035,761,9.9,280.77,3,0,1.5,0
C00942,37,47491,790,9.5,139.71,3,0,15.5,0
C04447,33,34276,758,1.9,152.02,3,0,22.3,0
C04855,23,57458,689,14.5,200.22,2,1,17.2,0
C00762,43,59807,685,11.0,142.35,2,0,14.9,0
C01706,55,76818,667,0.2,189.68,3,2,22.4,0
C01874,58,100357,512,13.1,156.0,4,0,13.3,0
C02551,47,49851,676,5.0,123.15,1,2,19.9,0
C02087,50,81913,608,9.0,248.47,0,0,14.7,0
C02198,55,54715,715,10.3,183.88,2,1,10.3,0
C00899,23,32976,553,1.2,121.57,1,0,19.3,0
C04000,41,80824,742,3.6,163.28,3,1,18.1,0
C03616,38,41942,676,7.6,205.1,1,3,18.6,0
C01403,32,67995,707,3.4,177.22,2,0,25.0,0
C03874,40,69654,846,11.1,268.01,2,1,21.4,0
C03786,43,67969,687,3.7,178.19,3,0,17.9,0
C04387,31,68806,729,7.8,185.58,4,2,11.3,0
C02956,60,65972,605,1.9,289.71,1,0,20.3,0
C01513,50,45566,667,3.6,157.88,1,1,19.6,0
C01189,43,52428,634,3.6,283.26,2,0,13.7,0
C02990,38,44880,633,7.2,146.81,1,0,11.5,0
C02081,54,51457,674,8.5,57.61,0,1,17.6,0
C04984,37,70724,664,4.4,191.41,0,2,6.7,0
C03438,47,54102,616,3.7,170.27,6,1,23.3,0
C00109,39,60836,733,7.5,246.46,0,1,22.0,0
C04699,33,51836,582,3.7,255.08,1,0,21.1,1
C02828,58,63855,759,1.5,223.33,1,2,10.5,0
C04748,31,40464,736,8.3,112.52,1,3,19.9,0
C00059,50,73266,696,4.8,45.17,3,2,10.2,0
C00077,34,51793,710,1.7,208.25,1,0,15.2,0
C00797,59,58893,708,2.8,158.86,4,2,17.8,0
C00369,21,55108,636,6.2,105.79,0,0,19.1,0
C04906,46,53427,661,3.0,296.08,1,0,29.5,0
C00786,44,77648,673,6.2,115.27,5,1,21.0,0
C02089,33,54884,668,8.7,271.71,3,2,16.3,0
C02315,30,57688,752,8.5,175.5,0,4,15.9,0
C03385,52,38359,647,4.7,130.1,2,0,21.1,0
C03606,26,48985,641,6.0,132.97,2,0,15.1,0
C04112,40,51456,648,7.5,123.57,2,1,18.8,0
C01903,49,61107,661,7.2,222.61,3,0,16.0,0
C01704,28,29000,697,2.1,280.98,3,0,17.2,0
C00122,47,61593,699,5.2,245.58,1,1,28.1,0
C01845,50,48372,632,5.8,211.32,3,2,14.8,0
C02370,28,19638,711,3.4,136.18,2,2,8.3,0
C03729,34,80667,576,6.0,106.2,3,3,11.4,0
C00911,51,45678,527,4.3,257.12,1,1,22.2,0
C00125,55,89095,498,5.7,267.03,2,1,21.8,0
C02573,50,37141,598,9.3,235.71,1,0,17.7,1
C01587,53,63809,780,0.5,183.81,0,0,17.8,0
C01258,43,43282,764,2.1,125.73,2,4,15.4,0
C03442,21,84623,560,2.6,179.87,0,0,28.2,0
C03481,52,53451,704,2.3,177.07,1,2,19.5,0
C04109,41,45135,635,6.6,257.02,2,1,18.2,0
C01179,31,54042,603,7.6,40.23,1,0,22.0,0
C03464,23,75500,539,8.7,252.61,3,3,20.2,0
C03470,55,59709,595,0.2,101.46,3,1,5.1,0
C03468,31,52697,720,4.8,266.66,0,1,21.7,0
C02104,26,42714,648,10.9,76.97,1,0,14.3,0
C00443,26,49042,583,9.3,226.21,1,0,22.4,0
C02228,58,57273,850,9.6,220.12,1,2,7.5,0
C04417,39,78197,691,0.2,200.95,2,0,26.0,0
C00926,58,31956,647,9.4,104.78,2,0,18.4,0
C04021,26,65091,593,2.0,124.55,2,1,18.3,0
C02146,38,78188,631,7.5,238.62,2,0,20.3,0
C04771,32,31543,648,2.7,137.15,4,1,13.4,0
C01412,43,55155,746,1.0,113.95,3,1,24.6,0
C03467,42,63615,802,5.0,200.47,2,2,18.1,0
C02073,37,50666,687,1.4,87.79,1,1,10.8,0
C01510,48,24958,563,5.0,208.01,0,2,18.5,0
C01228,60,26011,759,5.9,209.43,1,0,18.7,0
C04073,54,61216,709,2.0,286.6,3,1,28.0,0
C02586,43,67309,722,2.7,274.62,2,0,19.7,0
C04451,55,56384,645,6.4,178.27,4,2,14.5,0
C02952,41,72635,706,4.4,179.41,0,0,23.3,1
C03886,37,57470,568,6.6,159.94,0,1,17.1,0
C00325,60,69516,766,8.5,303.84,0,0,10.2,0
C03978,60,58074,585,5.9,204.0,1,2,23.6,0
C03577,46,52799,619,0.5,135.12,3,1,19.0,0
C02212,51,56057,739,4.2,260.2,1,1,20.4,0
C03299,42,62811,656,9.6,101.22,1,0,5.1,0
C03036,59,47009,701,9.4,53.69,5,1,15.5,0
C01499,39,73556,619,1.1,247.58,5,2,24.0,0
C01503,30,54168,651,5.4,210.37,0,2,20.7,0
C01007,55,84113,608,8.5,115.97,0,1,6.0,0
C04180,39,53283,607,3.3,129.71,5,2,19.8,0
C03014,50,68488,774,0.9,197.53,1,2,9.1,0
C03517,27,78924,585,6.1,40.24,2,1,13.2,0
C01468,36,35194,716,12.8,196.98,1,1,25.6,0
C01226,59,62900,686,6.6,165.46,4,1,23.9,0
C03168,31,76763,657,11.3,164.55,9,3,16.0,0
C02268,50,41757,665,0.2,159.58,2,1,5.0,1
C03809,41,58292,703,8.0,65.29,2,2,9.0,0
C01217,41,48558,693,10.6,178.77,1,2,9.1,0
C03977,46,18000,787,5.9,71.46,4,0,17.2,0
C04585,44,52293,743,7.0,115.82,2,1,17.8,0
C00421,58,62652,668,10.7,247.68,1,0,25.2,0
C03423,45,61911,727,3.6,269.87,1,1,13.4,0
C00007,24,63117,733,4.5,115.63,1,1,14.1,0
C00933,31,40525,682,3.0,72.66,3,1,30.2,0
C01692,56,58025,673,7.2,284.6,2,1,16.8,0
C00440,36,59552,577,2.4,176.24,1,0,20.9,0
C01314,55,28199,632,6.8,249.7,4,2,15.1,0
C00679,41,58640,775,7.4,229.69,0,4,28.1,0
C01944,22,78955,675,4.6,345.38,1,2,8.9,0
C04611,24,94167,745,2.5,204.88,1,1,15.2,0
C03304,31,53053,725,3.5,20.0,3,0,5.5,0
C02269,25,46247,725,9.0,257.3,1,2,10.3,0
C04634,27,60048,794,2.6,103.03,1,1,8.8,1
C04081,57,68791,768,3.7,63.77,0,1,14.3,0
C02519,26,45256,674,4.6,205.61,1,1,27.6,0
C02440,23,49768,571,8.1,217.46,4,2,17.4,0
C04038,45,80858,625,5.2,25.05,3,0,11.0,0
C01894,49,51252,701,9.4,220.73,2,1,12.7,0
C04245,35,51276,781,0.8,204.98,2,0,4.8,0
C04830,40,46152,695,2.7,199.49,4,0,8.2,0
C02641,30,40362,777,6.8,229.47,1,1,17.8,0
C00195,59,63830,655,4.2,199.67,3,0,13.0,0
C01475,60,59846,720,2.4,167.95,4,1,6.2,0
C04617,32,64386,763,4.0,168.17,1,1,21.0,0
C01212,52,83732,571,0.2,122.85,4,0,21.6,0
C02439,54,61620,713,0.2,208.41,2,0,17.1,0
C01658,55,82756,691,5.7,343.73,2,1,21.8,0
C02701,56,78779,666,4.7,145.63,2,1,32.2,0
C03083,32,51585,687,5.7,127.59,2,0,12.6,0
C02706,32,53750,751,6.1,203.1,2,0,1.0,0
C04227,38,37244,807,3.1,106.31,5,2,20.4,0
C02843,51,68909,658,0.2,97.27,3,1,9.4,0
C02303,43,39240,680,9.6,229.8,2,1,7.3,0
C01131,37,60095,554,3.3,181.79,2,3,25.4,0
C01462,33,39282,540,3.5,172.17,4,2,16.4,0
C00277,39,28981,718,10.2,136.05,0,1,21.7,0
C02223,22,82793,726,8.6,255.1,3,1,19.5,0
C02332,55,35410,724,7.9,110.2,2,1,19.3,0
C04323,39,81526,625,6.1,240.14,2,1,23.7,0
C01303,48,44096,678,4.9,295.1,3,1,22.2,0
C02518,42,47678,755,2.4,101.76,2,1,11.9,0
C00223,49,54701,745,4.5,126.05,3,0,11.1,0
C02037,44,61466,677,2.8,224.76,1,0,23.2,0
C01925,35,31679,732,0.4,210.75,0,0,23.8,0
C00574,22,24329,626,5.2,171.83,3,2,26.2,0
C01237,21,57052,778,0.2,238.31,1,1,8.9,0
C03545,22,23142,725,0.2,167.56,1,2,18.3,0
C02134,36,66414,773,3.7,160.05,1,1,12.6,0
C01335,42,60627,675,5.8,28.51,1,0,23.1,0
C02458,58,57744,705,4.7,175.62,4,0,21.4,0
C00419,32,38709,594,11.0,86.73,2,0,24.8,0
C04915,52,46544,693,1.0,59.93,2,2,17.7,0
C01105,33,43860,694,3.6,226.96,2,2,22.5,0
C00258,25,72792,659,5.7,90.45,1,0,22.9,0
C00296,41,64714,720,8.9,201.15,3,1,11.5,0
C02362,51,45930,743,7.3,212.66,1,0,14.9,0
C00387,23,69557,700,2.8,123.17,1,1,20.1,0
C03309,21,41914,796,1.3,104.36,2,1,18.8,0
C04014,40,68557,616,2.9,225.05,5,0,26.3,0
C02232,23,66984,731,5.4,244.74,0,0,18.5,0
C02555,60,51131,692,7.8,63.93,1,1,20.7,0
C04336,38,54526,565,5.8,159.54,0,3,28.6,0
C03516,59,33960,667,0.2,123.0,2,2,15.2,0
C01840,43,80385,691,4.1,222.15,1,2,10.7,0
C04385,36,51451,713,5.7,260.6,1,1,20.3,0
C01564,57,72494,562,3.7,280.84,2,0,16.9,0
C02016,33,54199,698,5.7,237.68,4,1,27.2,0
C01401,55,53590,669,7.4,236.56,2,2,21.5,0
C00713,50,33145,682,5.3,163.82,3,0,11.3,0
C02421,31,41508,542,7.5,319.96,3,2,13.5,0
C02620,58,60372,728,8.5,322.34,3,1,20.5,0
C00210,52,46211,642,4.3,148.45,1,2,7.9,0
C04945,22,36466,551,3.9,211.83,3,3,13.9,0
C01290,45,48307,619,5.6,321.56,2,0,14.6,0
C00450,32,36844,629,4.7,145.49,5,1,21.0,0
C04092,22,37882,603,2.2,238.07,1,1,17.5,0
C02570,58,48711,631,5.3,231.96,1,3,16.0,1
C01821,33,43010,538,1.2,178.5,1,0,14.0,0
C00959,59,32265,693,4.2,161.96,1,1,18.7,0
C01794,32,64612,692,3.1,273.29,1,1,27.0,0
C04787,43,38161,756,0.2,226.95,0,1,17.9,0
C00655,43,39760,767,5.5,310.1,2,0,22.8,0
C02408,49,28570,719,7.1,138.21,2,1,16.6,0
C03853,25,69704,584,3.8,252.0,4,0,17.1,0
C01996,21,22626,580,8.3,141.18,0,0,9.7,0
C01761,36,55133,614,6.0,246.27,5,1,15.4,0
C02355,33,55379,679,6.3,221.06,1,2,9.3,0
C02742,24,54976,596,9.9,93.68,0,1,21.4,0
C02618,23,51726,709,8.8,198.65,2,2,21.1,1
C00412,30,56892,681,3.7,52.92,0,0,18.5,0
C01775,51,79345,651,0.2,278.4,5,0,11.9,0
C03979,42,54265,699,4.5,204.27,2,0,16.5,1
C02187,33,41553,692,6.0,93.55,4,1,15.3,0
C02380,47,45244,850,3.2,157.09,1,2,17.4,0
C03964,36,45275,686,2.9,119.68,3,2,15.0,0
C04312,55,36863,596,8.7,151.78,1,0,15.6,0
C04775,31,64761,686,1.6,225.45,3,1,18.1,0
C03703,30,24092,582,4.2,209.32,1,0,20.3,0
C03973,25,83361,688,3.0,224.7,3,0,16.4,0
C04766,27,38077,636,4.7,95.91,3,1,16.2,0
C03559,27,18000,695,5.9,207.5,2,1,19.9,0
C04111,21,64422,760,3.7,96.06,0,1,18.3,0
C03498,40,18000,704,8.9,144.5,2,4,22.3,0
C03766,37,73197,725,0.6,230.87,1,2,11.2,0
C00431,24,35167,651,2.4,164.32,0,2,10.0,0
C04485,39,33978,728,3.2,157.66,1,0,14.1,1
C02322,22,70896,502,3.4,226.93,2,1,22.4,0
C01367,33,47097,710,6.7,161.6,3,1,24.6,1
C01993,32,34035,749,5.4,303.6,2,3,8.5,0
C02852,36,54369,601,4.1,174.34,3,0,12.8,1
C01177,33,41749,667,5.6,288.92,0,3,18.0,0
C03529,28,74569,796,5.0,252.43,2,0,20.9,1
C01477,40,38476,743,6.1,215.65,3,0,20.4,0
C03741,29,58438,719,0.2,173.95,2,0,19.9,1
C02046,60,41448,679,10.0,176.09,4,0,19.8,0
C00103,53,28975,733,4.0,220.2,3,1,19.0,0
C04332,31,53578,671,9.0,210.77,2,0,22.6,0
C02993,28,59848,613,4.4,191.75,1,1,9.0,0
C01264,53,50826,643,8.0,137.65,2,2,24.4,0
C02882,30,42786,655,8.2,190.8,1,0,25.9,0
C03139,39,46720,772,3.8,170.29,4,1,11.8,1
C03623,34,37705,827,6.3,305.34,1,2,19.4,0
C03204,26,55663,563,1.7,233.96,1,1,11.1,0
C04279,50,61897,682,1.0,133.54,1,1,14.6,0
C03300,53,68027,683,8.6,227.32,1,0,25.2,0
C04994,43,72603,787,3.7,115.8,0,0,27.4,0
C03634,51,33261,756,4.5,94.67,1,0,15.3,0
C01644,44,66320,570,10.6,169.64,1,1,21.9,0
C04506,36,82763,717,9.6,188.16,2,1,9.2,0
C00001,24,49358,695,2.7,222.68,1,3,28.6,0
C01581,32,45343,717,12.4,201.01,4,2,9.0,0
C04423,51,33363,697,3.4,84.43,0,2,16.9,0
C04117,21,61923,663,5.7,101.51,1,1,12.9,0
C01357,34,51690,667,6.5,232.93,3,0,18.5,0
C04202,50,56441,595,8.8,176.01,1,0,15.0,0
C04575,49,56860,696,7.1,301.01,1,0,23.6,0
C03734,58,38726,665,7.0,20.0,2,1,15.1,0
C02026,39,43747,607,9.3,117.92,3,1,13.5,0
C02219,32,92811,642,10.8,304.73,4,2,21.9,0
C00397,22,63706,667,5.5,58.52,1,1,20.5,0
C04942,38,58048,708,0.2,128.63,3,0,20.6,0
C01065,51,62661,598,3.3,243.54,1,0,27.8,0
C03081,38,61828,642,9.4,111.04,2,1,22.9,1
C02154,42,83357,560,2.4,217.64,1,0,18.9,0
C00819,47,47643,682,4.4,218.49,2,2,20.4,0
C01813,47,77667,567,9.9,204.42,3,1,22.9,1
C02553,29,55746,759,2.0,217.17,1,0,17.9,0
C01553,42,45256,781,4.7,30.96,1,2,10.4,0
C04048,30,54353,645,0.2,106.84,0,1,10.6,0
C00817,22,59958,677,3.4,227.34,2,2,20.8,0
C01573,50,50185,636,3.6,276.41,3,1,26.2,0
C04553,24,56141,615,4.3,251.49,0,0,20.1,0
C01801,23,58230,664,1.9,262.95,3,0,14.5,0
C04288,53,34452,674,6.2,195.84,3,0,9.0,0
C00382,58,83867,667,4.2,158.5,0,1,13.5,0
C02875,36,65420,678,3.9,251.4,4,0,12.7,0
C04348,27,44150,646,2.3,147.77,2,3,22.5,0
C04627,21,49511,639,5.6,177.46,1,0,12.8,0
C03504,29,103122,685,7.7,313.93,1,1,20.7,0
C02312,23,67816,802,5.3,270.38,3,1,14.5,0
C01781,22,60959,595,3.8,254.36,4,0,14.9,0
C02727,26,48521,649,7.3,266.34,3,4,16.7,0
C02438,48,50825,664,7.5,235.08,1,0,18.0,0
C02334,53,55473,552,3.2,159.17,0,1,16.9,0
C00865,54,47407,589,6.8,172.32,0,1,20.2,0
C03639,24,38905,700,7.5,186.65,3,0,16.5,0
C03165,26,68820,662,1.9,130.42,2,0,10.6,0
C00555,60,73735,703,7.4,224.54,0,3,16.5,0
C01160,34,67092,603,4.4,190.43,1,2,20.9,0
C01214,55,55065,728,1.2,237.53,2,1,16.7,0
C03761,27,76161,580,5.0,242.28,5,0,15.7,0
C04214,49,27843,675,9.8,161.32,1,0,10.5,0
C00049,48,71360,604,3.2,203.83,2,2,20.4,0
C02368,28,54404,688,7.9,281.47,2,3,18.0,0
C00701,41,67534,677,1.7,171.91,2,0,5.3,0
C00653,29,85199,679,3.3,108.3,2,1,12.1,0
C03934,50,54137,785,9.0,151.77,2,1,19.0,0
C04410,33,55171,681,6.4,83.79,1,0,8.5,0
C03312,37,52176,756,8.4,126.32,2,2,23.0,0
C00749,33,53263,757,2.9,155.36,3,2,11.4,0
C01456,23,64938,573,8.7,250.67,2,3,30.8,0
C04196,40,51390,816,4.1,191.98,4,1,18.8,0
C02390,55,43988,582,9.2,165.08,3,0,17.9,0
C03495,58,27405,544,6.3,222.75,1,0,13.4,0
C00867,53,52387,745,1.5,322.39,0,1,17.6,1
C00753,24,70371,608,6.8,123.31,2,2,19.7,0
C01645,26,89148,596,9.3,175.87,4,1,19.8,0
C00093,54,64217,589,6.5,185.62,4,2,15.4,0
C04825,40,63495,664,2.9,154.05,2,2,7.1,0
C03102,26,69810,731,8.6,268.75,4,3,26.5,0
C02433,27,62845,617,7.2,154.81,2,0,13.4,0
C02630,22,55586,504,5.7,129.7,1,1,25.5,0
C01491,31,72996,565,7.7,246.27,3,2,18.3,0
C02896,42,58007,646,3.9,91.28,0,3,16.1,0
C02178,40,67692,713,7.1,238.76,2,2,12.9,0
C00730,47,28581,593,2.0,89.3,1,2,17.2,0
C04760,48,42775,770,10.1,153.22,2,0,24.0,0
C02472,24,54230,698,5.9,239.37,1,0,11.8,0
C02243,39,52075,659,8.5,167.55,0,0,15.7,0
C01937,35,62122,699,2.8,145.83,2,0,13.8,0
C01746,60,67329,542,8.8,207.32,2,1,13.8,0
C04747,51,70235,622,3.5,290.68,1,0,12.4,0
C04374,53,45755,710,0.4,253.56,2,2,10.0,0
C03492,46,66462,644,4.8,163.58,1,0,16.4,0
C01111,46,51827,655,5.1,333.53,2,3,17.9,0
C03338,23,47233,566,8.3,174.69,5,1,14.3,0
C04033,31,46835,689,12.9,288.97,2,0,10.3,0
C04472,56,48744,674,5.9,248.14,0,0,23.8,0
C04158,33,58343,633,3.2,318.59,2,1,19.6,0
C00347,60,43213,669,6.4,133.21,2,1,20.6,0
C01186,33,72859,785,8.4,107.96,3,1,22.6,0
C04007,31,50172,624,0.2,207.69,2,3,20.3,0
C01516,58,75104,705,6.5,173.96,2,1,14.3,0
C04670,38,53279,626,1.1,171.09,2,1,21.7,0
C00579,56,52444,615,4.7,20.0,1,3,19.0,0
C01965,53,76425,607,11.2,249.2,5,2,23.8,0
C00076,40,81734,706,9.8,172.58,0,0,25.1,0
C01430,52,61026,608,3.1,196.63,3,0,11.8,0
C03713,53,39485,835,8.9,242.36,0,0,23.1,0
C04431,57,41862,572,6.2,192.41,3,1,15.9,0
C02752,24,37424,639,6.2,225.32,4,3,20.1,0
C04953,52,43537,652,9.1,149.58,3,2,9.5,1
C01847,37,42015,562,6.2,20.0,3,0,11.1,0
C00132,43,40543,678,4.2,261.35,1,2,13.3,0
C00179,57,46720,622,10.1,208.69,2,2,18.3,0
C02900,29,44976,631,7.6,147.96,2,0,20.0,0
C04467,52,65276,535,5.1,205.91,3,1,17.0,0
C04195,43,63291,710,4.4,214.26,3,2,18.2,0
C02523,29,50012,656,3.7,136.03,3,0,24.2,0
C01843,53,53044,734,1.4,257.23,0,0,16.6,0
C02099,51,63471,641,6.4,314.81,5,1,8.4,0
C03950,27,51202,687,0.2,189.54,3,0,20.5,0
C02374,36,34328,605,3.3,86.31,2,1,17.3,0
C00605,54,69938,706,0.2,196.11,2,2,9.3,0
C02628,21,50840,557,5.4,190.04,2,1,17.3,0
C00026,46,48502,706,8.6,224.68,2,1,27.9,0
C00659,23,53939,677,6.6,177.92,2,1,15.5,0
C04978,25,58006,633,3.5,215.65,1,0,22.1,0
C03318,36,83911,587,7.2,107.65,1,1,24.8,0
C03869,29,81414,586,10.4,154.01,1,4,12.1,0
C00174,49,79861,776,3.9,226.36,1,3,22.5,0
C01612,26,65702,629,7.1,262.74,2,0,18.4,0
C00438,58,72112,786,5.2,288.15,5,1,7.7,0
C00332,35,48043,604,5.0,197.38,3,0,30.2,0
C03101,35,80715,752,4.7,220.74,4,0,24.6,0
C01455,43,64635,828,8.9,384.95,3,0,26.9,0
C00343,45,46350,657,5.5,166.38,3,2,12.0,0
C03210,30,52412,778,5.4,294.19,3,2,30.9,0
C04577,24,45994,732,9.2,206.16,0,1,25.3,0
C01089,47,62069,687,3.4,146.65,2,1,27.9,0
C00480,25,68478,568,3.6,119.11,3,0,16.2,0
C00728,24,55590,673,2.5,132.41,1,2,7.6,0
C03784,51,53106,574,2.9,194.9,2,2,16.8,0
C00977,24,70965,696,8.7,328.5,0,1,10.3,0
C03785,60,55154,621,13.2,225.05,3,0,23.0,0
C02978,56,54398,752,6.1,184.79,2,0,10.4,0
C01929,28,68135,741,6.4,170.4,4,3,16.4,0
C01469,52,21446,754,2.2,221.26,4,2,17.1,0
C01225,37,62318,733,9.1,263.51,2,1,21.9,0
C02857,43,69824,585,6.4,187.53,2,0,12.6,0
C01953,23,39789,629,2.1,82.45,7,0,32.0,0
C04831,34,87429,639,3.3,133.27,2,1,17.0,0
C04501,48,84332,788,4.2,288.64,0,2,25.0,0
C01893,56,55436,651,5.6,188.23,1,1,14.8,0
C01300,22,49500,530,3.6,319.06,2,2,23.9,0
C02991,39,46161,624,4.5,355.8,2,0,35.0,0
C04600,50,57116,676,3.4,197.81,5,1,17.2,0
C00661,28,66375,730,5.6,276.55,1,2,16.8,0
C04578,28,66510,755,7.9,151.49,5,1,11.5,0
C04074,58,58284,770,8.8,190.48,1,0,20.3,0
C02785,57,68018,777,0.6,223.01,2,2,18.0,0
C04938,44,48492,643,4.4,226.81,1,3,24.2,0
C03828,42,101528,641,5.4,144.66,0,0,1.6,0
C02715,41,54201,617,8.2,171.66,1,0,22.4,0
C04658,43,70473,692,3.7,58.86,3,1,17.1,0
C00268,34,37897,631,11.9,138.71,4,1,16.5,0
C04443,48,54455,685,6.1,223.31,0,0,15.3,0
C04960,58,50904,673,6.8,233.09,0,0,24.6,0
C03373,33,61577,754,5.0,189.87,1,0,10.8,0
C03596,32,54072,702,6.6,142.25,1,1,15.9,0
C04317,60,50495,642,10.5,188.2,4,2,13.6,0
C03723,51,53998,684,3.7,115.14,1,2,13.1,0
C03407,35,64728,675,4.7,119.38,0,4,11.4,0
C01279,21,53488,747,4.9,163.78,3,1,12.9,0
C04641,54,44604,731,7.6,166.06,3,1,19.5,0
C03918,54,55521,687,3.3,82.34,2,2,24.5,0
C02679,44,47343,565,1.3,315.14,1,0,13.8,0
C01622,21,53879,786,3.9,241.31,0,0,10.3,0
C04104,21,40646,731,6.1,176.98,2,2,24.1,0
C02858,52,72873,638,6.6,162.4,1,0,15.6,0
C01897,43,53783,665,4.6,159.85,6,0,12.5,0
C03925,46,64368,634,3.2,157.83,3,1,10.3,0
C03015,40,63372,712,3.1,148.32,2,0,24.0,0
C04439,34,51629,770,5.7,297.21,2,1,22.2,0
C00068,35,67073,691,0.7,105.84,2,1,26.7,0
C02043,50,61415,706,3.4,263.37,0,0,20.1,0
C02581,36,53188,660,3.2,259.25,2,0,10.6,0
C03783,25,45057,713,4.1,148.58,1,0,18.3,0
C03791,25,52435,641,7.8,215.74,2,0,15.6,1
C00821,21,18000,774,0.8,211.6,0,1,20.5,0
C01227,25,63508,786,2.1,297.29,4,1,11.5,0
C02992,46,53857,636,6.6,251.41,3,1,12.0,0
C03133,51,42313,669,10.0,133.28,3,1,20.3,0
C02744,58,39328,679,4.3,124.34,3,1,17.2,0
C04458,22,61993,702,4.4,218.46,5,1,35.0,0
C04270,41,37805,642,0.2,115.83,6,0,23.8,0
C03350,52,60880,593,8.1,68.1,1,1,17.8,0
C01144,54,46795,523,2.6,168.37,2,0,11.8,0
C00398,28,65977,627,0.2,161.55,0,1,17.1,0
C02907,45,69872,560,4.1,175.91,1,1,17.7,0
C04302,47,64910,566,8.7,94.99,1,1,20.8,0
C02760,38,51476,624,3.2,143.31,1,3,15.5,0
C01399,22,56290,771,2.0,259.9,3,3,25.4,0
C01660,31,66636,709,0.2,134.83,2,2,24.6,0
C00980,43,60629,717,9.1,236.06,2,0,12.7,0
C01299,42,96995,625,10.6,209.39,1,1,16.5,0
C03556,38,54200,636,9.2,127.35,1,3,26.3,0
C00083,27,71235,722,6.4,177.02,4,0,14.9,0
C04508,44,65596,667,1.1,41.36,4,0,19.8,0
C02459,39,86594,673,2.2,192.96,5,0,23.7,0
C03740,54,33228,673,6.8,211.58,2,1,17.8,0
C03782,30,68407,666,9.4,80.94,1,1,14.4,0
C02289,58,49175,671,10.0,95.77,1,1,24.6,0
C00424,44,63584,676,0.5,105.46,1,2,18.9,0
C04340,41,38422,703,2.4,207.51,0,0,9.9,0
C01905,34,52006,791,3.4,152.31,2,0,33.3,0
C04539,54,38682,652,2.7,272.57,2,1,25.3,0
C03353,25,43366,608,6.6,150.11,3,1,11.8,0
C03103,21,60062,607,0.2,133.79,3,1,14.8,0
C01566,39,58847,608,5.1,397.59,6,0,22.7,0
C03356,38,34088,641,0.2,225.46,1,2,20.2,0
C00840,57,70136,739,7.1,251.56,1,1,22.6,0
C00501,25,79001,722,8.5,169.05,3,0,22.4,0
C00142,29,76152,612,11.4,354.02,2,1,17.0,0
C01378,51,51839,673,9.5,207.92,0,0,23.2,0
C03698,37,54356,799,3.7,20.0,1,0,23.6,0
C02145,35,67728,634,10.9,211.77,1,2,19.6,0
C01139,50,59635,672,0.2,126.32,3,0,14.1,0
C02928,33,45639,637,3.6,92.1,3,0,21.7,0
C01788,24,76116,525,3.7,227.62,0,2,18.8,0
C03485,37,62934,708,12.6,174.78,0,1,21.7,0
C00551,53,36849,823,3.2,203.86,0,1,22.9,0
C04907,32,23145,591,8.8,146.75,0,2,26.7,0
C02020,39,63077,809,5.1,121.53,1,1,8.5,0
C00949,58,63757,714,5.1,284.06,0,1,17.3,0
C02601,55,68557,754,3.3,176.31,4,1,22.6,0
C00533,27,45849,733,2.3,239.44,1,0,23.6,0
C01830,60,49197,757,6.6,182.07,0,1,21.5,0
C02918,58,50141,690,8.5,216.9,4,2,18.8,0
C04419,49,50663,722,7.2,98.13,2,0,17.4,0
C03872,25,47014,570,4.4,101.52,1,3,23.6,0
C01603,54,52345,709,0.2,180.62,1,1,21.0,0
C00640,58,66090,675,0.2,62.11,1,1,26.6,0
C04833,36,43897,772,8.3,134.81,2,1,22.4,0
C00968,33,49629,616,2.7,209.92,4,0,19.4,1
C04238,25,49016,684,6.4,137.1,3,0,17.3,0
C02698,37,71185,649,8.9,106.99,2,0,29.4,0
C01684,52,40341,747,3.5,216.71,2,2,8.8,0
C04471,37,51447,651,0.4,141.59,1,1,28.6,0
C02343,42,84718,750,9.8,74.57,4,0,20.9,0
C00156,47,76170,576,0.7,227.67,0,0,25.7,0
C02488,23,63045,713,4.5,162.93,2,1,15.1,0
C04642,22,45471,653,8.6,292.45,2,1,24.1,0
C01090,26,34964,640,8.0,172.32,3,1,8.3,0
C02656,43,79093,608,10.9,384.6,1,0,12.8,0
C04241,34,67290,641,0.2,202.56,2,0,24.2,0
C00289,42,54615,785,8.3,203.83,2,1,20.2,0
C00931,42,64378,555,7.4,209.18,2,4,28.3,0
C02536,60,57937,766,6.1,87.4,3,1,18.0,0
C04029,48,28915,716,7.6,127.68,1,0,10.2,0
C03372,30,50965,606,5.3,230.41,1,1,20.2,0
C04622,60,22539,641,5.0,166.34,2,1,11.7,0
C03292,39,64919,577,4.4,171.19,1,2,17.4,0
C00943,57,31761,711,7.8,225.9,2,0,19.3,0
C03860,38,86463,713,3.7,209.34,3,1,16.8,0
C04663,27,63735,777,9.6,86.41,0,0,28.6,0
C01699,35,76300,756,5.4,222.59,0,2,9.6,0
C04709,51,82025,550,5.7,100.92,3,1,16.8,0
C03201,57,32277,702,6.9,155.44,3,2,22.5,0
C04602,58,65892,715,10.9,182.03,3,1,8.9,0
C04609,55,68516,472,4.1,158.46,2,2,1.0,0
C00986,47,76052,695,6.4,123.11,1,0,20.7,0
C03319,31,49789,719,2.3,124.19,2,0,12.1,0
C02868,27,52341,759,4.2,111.32,2,1,20.5,1
C04057,54,97001,673,8.3,162.68,3,0,8.6,0
C04778,50,52256,637,0.2,145.27,2,1,15.0,0
C00982,49,62876,689,4.1,45.56,2,1,5.9,0
C02493,58,65495,666,2.3,356.35,1,0,15.1,0
C03793,31,39449,552,8.2,120.58,0,2,19.1,0
C03549,33,40507,718,0.2,184.42,4,0,15.6,1
C02943,51,41041,691,5.0,219.84,2,2,20.8,0
C03528,24,54242,785,4.4,231.47,2,2,30.6,0
C03846,40,77292,570,7.2,166.35,3,0,15.8,0
C01458,39,51534,720,0.2,182.24,1,0,7.1,0
C01396,44,53681,607,5.6,239.08,4,1,15.0,0
C00265,60,54241,641,1.2,292.62,2,3,20.5,0
C04096,42,64748,751,8.7,206.49,1,1,16.3,0
C00930,44,45876,744,0.2,109.92,1,2,13.0,0
C04872,59,52453,667,2.8,151.14,1,1,14.9,0
C02693,57,46280,688,2.7,245.53,3,1,30.5,0
C00247,51,54050,600,2.0,135.5,4,2,21.7,0
C03590,57,45463,780,5.1,155.66,1,1,21.1,0
C01759,43,75843,647,0.6,269.8,1,0,23.9,0
C04866,44,79438,707,6.0,67.84,4,3,13.5,0
C02811,41,62307,668,7.2,167.26,6,0,15.4,0
C00924,26,56870,612,0.2,256.0,1,1,1.2,0
C02881,22,85339,771,8.5,258.68,0,1,17.0,0
C00269,45,52879,629,4.2,258.81,0,1,18.6,0
C00670,26,66232,647,8.9,187.71,2,2,17.4,0
C04476,33,33661,617,5.0,72.88,1,2,9.7,0
C01911,23,67659,658,6.2,185.83,2,3,17.7,0
C02986,46,59730,680,6.0,200.69,3,0,26.4,1
C01153,38,28376,690,8.7,110.92,0,1,35.0,0
C04818,34,48696,668,3.8,221.53,3,1,20.2,0
C03456,55,50082,742,4.6,149.81,3,0,19.1,0
C04242,31,38705,700,11.3,236.27,1,2,16.3,0
C04550,55,71236,700,4.7,313.44,0,2,19.5,0
C02173,60,95969,583,1.7,49.82,4,0,25.1,0
C04516,52,80846,584,6.8,198.71,2,2,12.7,0
C01916,41,60085,640,2.8,277.28,2,1,5.7,1
C00613,52,44922,787,4.3,64.58,2,0,20.6,0
C02407,35,85557,641,5.7,209.21,3,0,19.1,0
C04206,53,47884,716,8.2,143.3,1,0,20.6,0
C01899,50,46595,647,3.7,203.05,3,1,20.7,0
C01650,54,28531,584,0.2,172.91,1,0,21.4,0
C02608,31,44039,679,5.6,283.03,3,0,12.6,0
C00259,28,58163,686,2.5,195.03,1,0,12.8,0
C00848,23,63309,693,8.2,84.4,1,5,26.8,0
C04252,36,48014,680,5.2,226.25,2,1,24.2,0
C01234,50,56195,695,4.5,217.31,0,2,16.5,0
C01128,46,53914,609,0.7,238.16,1,1,19.6,0
C01968,39,43720,574,5.4,192.75,3,1,14.4,0
C00559,52,51020,694,7.7,165.38,2,1,15.2,0
C03906,51,42747,813,4.2,297.46,0,1,14.5,0
C00485,39,43808,642,1.1,210.2,0,2,15.2,0
C01321,25,68870,710,6.5,171.72,0,0,28.1,0
C03405,36,70137,753,5.3,152.19,1,2,10.6,0
C00008,48,42586,571,11.0,71.03,0,2,20.0,0
C03280,50,57929,650,1.4,135.36,0,1,20.4,0
C03190,54,19750,628,0.2,215.31,3,0,17.0,0
C01451,32,34478,742,4.8,264.25,3,2,12.6,0
C03981,39,69470,618,5.3,252.51,2,0,16.8,0
C01815,56,59377,720,4.7,185.18,2,3,24.2,0
C00774,49,70028,717,4.1,282.04,0,2,25.2,1
C01012,52,40853,640,6.7,70.77,3,1,23.2,0
C02819,26,40230,710,6.4,20.0,4,2,9.4,0
C03276,57,66959,761,6.6,295.68,2,1,22.7,0
C01992,38,67271,652,5.3,151.56,1,0,18.6,0
C01278,51,68668,657,4.3,148.43,4,1,21.1,0
C01784,59,68574,651,3.7,73.7,3,1,13.8,0
C03106,33,52630,718,4.9,62.49,0,0,20.4,0
C00447,33,53590,653,3.2,96.0,3,3,20.1,0
C00881,24,63779,665,7.0,218.69,2,1,20.9,0
C04460,47,66393,720,0.2,212.05,1,1,10.8,0
C00782,46,54059,585,8.0,188.86,2,0,11.8,0
C01750,49,42353,659,7.5,152.21,1,1,19.0,0
C03389,32,52376,510,7.1,224.59,0,1,24.3,0
C04882,60,48207,815,4.6,310.87,1,1,19.2,0
C00884,27,51081,741,1.8,272.88,0,0,26.4,0
C02945,53,79066,744,8.0,316.99,3,0,16.6,0
C01092,38,49976,822,2.9,91.69,1,1,9.1,0
C04784,51,68773,627,8.0,140.85,3,2,29.9,0
C00532,27,53124,637,3.9,203.67,4,2,19.0,0
C04023,42,93903,603,9.1,153.98,3,0,26.6,0
C04422,60,57203,660,4.9,133.9,4,0,9.7,0
C04099,52,48498,719,2.1,191.32,0,2,23.4,0
C01728,43,43807,644,6.5,20.0,2,0,3.6,0
C00611,54,48375,636,5.7,185.43,2,0,20.7,1
C00571,58,45536,721,5.1,190.71,3,1,20.8,0
C02672,55,52002,646,8.0,255.05,1,0,11.8,0
C03719,48,79214,573,6.5,273.43,3,0,22.9,0
C00344,41,48258,655,3.4,102.93,3,2,12.9,0
C03001,52,30966,666,1.7,173.1,7,1,15.1,0
C03140,40,57369,727,3.3,196.19,4,1,19.2,0
C00435,38,59584,639,4.1,284.58,1,1,17.1,0
C01904,30,62787,637,4.1,245.44,0,0,14.2,0
C03805,21,50986,653,11.8,144.22,4,0,2.1,0
C04777,34,63653,689,8.1,215.32,1,2,14.6,0
C02070,37,69319,482,8.1,228.23,3,2,17.3,0
C01538,25,34484,694,0.7,123.62,1,1,20.9,0
C02253,30,71187,676,8.1,259.52,1,0,14.8,0
C02347,34,65996,552,8.7,180.43,1,0,30.8,0
C01518,22,48173,571,7.0,325.73,1,2,10.1,0
C00966,44,24663,728,4.2,241.23,4,1,11.4,0
C04407,31,54737,617,7.0,201.46,2,1,22.9,0
C00529,57,56787,791,0.4,173.8,5,0,29.4,0
C00177,49,78060,668,10.8,193.09,3,2,21.1,0
C03483,52,63869,683,3.7,49.12,1,0,16.5,0
C02544,36,67409,776,4.7,235.67,3,0,5.5,0
C04936,44,43104,635,6.3,198.44,2,0,24.9,0
C00573,32,60680,789,5.2,191.88,0,0,11.7,0
C02300,56,58787,743,6.7,133.09,2,1,12.6,0
C03509,23,51898,635,3.6,81.01,1,0,13.7,0
C02460,23,73609,579,3.6,144.28,2,0,12.3,0
C03610,47,64668,804,5.8,282.16,2,1,21.6,0
C04555,49,33089,658,6.4,177.7,3,1,20.8,0
C02209,30,57182,838,4.4,364.62,2,1,12.2,0
C04721,43,64947,681,8.5,138.69,1,2,22.0,0
C02756,55,47825,753,9.1,198.18,3,0,20.2,0
C00384,30,92409,650,6.7,249.0,1,2,23.4,0
C00853,59,48379,644,7.6,161.63,1,1,10.3,0
C01881,36,70676,729,2.9,158.34,3,0,20.1,0
C00371,34,33063,725,5.8,258.7,2,1,12.0,0
C02379,60,66371,672,2.8,29.81,6,2,11.8,0
C04324,31,34024,674,0.2,108.01,6,0,9.0,0
C01106,28,37230,697,11.5,216.23,4,3,16.3,0
C03414,24,74729,705,6.9,214.03,3,0,24.7,0
C03947,21,60780,637,7.4,194.13,1,1,15.4,0
C01337,46,40821,691,4.2,145.9,5,0,19.8,0
C02190,44,37009,680,5.9,180.65,4,0,25.8,0
C04595,45,56909,641,5.9,179.32,0,2,11.6,0
C02320,51,60520,595,2.4,230.23,3,1,21.3,0
C04706,30,64170,628,8.5,190.63,1,1,17.2,0
C03711,35,30087,596,0.9,188.97,2,1,21.2,0
C04849,27,42140,688,4.2,186.09,1,1,16.7,0
C01172,46,44480,433,3.5,279.29,0,0,16.3,0
C04326,36,86066,754,0.3,195.41,1,0,13.3,0
C02695,58,52269,746,1.7,216.3,1,1,14.1,0
C01423,44,59726,644,5.8,164.25,3,1,21.5,0
C02342,36,55179,694,2.7,179.58,4,0,19.4,0
C02652,56,89677,655,4.3,121.84,1,1,17.0,0
C04156,28,50415,679,1.6,271.25,3,2,15.9,0
C01465,55,75289,735,6.6,359.11,3,0,22.0,0
C00875,48,30906,729,4.1,155.05,2,2,17.0,0
C03340,55,81536,502,6.3,189.66,3,0,10.9,0
C04341,23,28568,559,0.2,222.74,3,0,20.5,0
C01252,37,52515,657,4.8,94.09,4,2,13.5,0
C02349,29,72119,675,4.6,145.87,1,2,23.0,0
C00841,32,34617,610,5.3,124.42,2,2,13.6,0
C04569,33,57278,600,7.2,269.27,3,1,30.8,0
C00582,54,34626,744,8.4,121.95,2,3,23.1,0
C00205,39,39139,470,4.8,160.87,2,1,26.5,0
C01642,23,29256,639,3.8,265.13,2,1,18.6,1
C02015,46,60725,708,2.7,112.9,6,1,10.4,0
C00906,49,61305,657,2.8,126.79,1,3,17.8,0
C00632,34,29120,779,4.1,266.34,2,0,10.0,0
C03365,27,83383,697,4.1,134.86,1,4,19.9,0
C01975,43,72345,622,8.2,220.45,0,2,14.8,0
C00163,37,67408,809,1.9,226.02,1,1,17.9,0
C03173,38,55474,788,9.0,181.75,1,1,17.0,0
C03613,45,51492,578,3.9,208.36,1,1,17.2,0
C04676,35,57489,695,2.5,210.29,2,1,21.5,0
C00618,31,57558,718,3.5,161.77,2,0,25.3,0
C04069,50,26087,673,5.1,242.09,2,4,15.2,0
C01432,28,59793,586,5.6,150.43,2,1,26.6,0
C00548,44,90853,581,8.4,225.55,2,2,14.7,1
C03335,23,50825,595,9.2,150.78,1,0,23.9,0
C04547,44,50840,735,7.9,240.77,4,1,5.3,0
C04224,42,41336,658,6.2,108.64,3,2,18.2,0
C02388,60,42826,667,1.5,162.07,0,1,24.7,0
C04244,22,82309,720,5.7,141.43,0,1,20.4,0
C03996,34,57515,520,5.5,26.17,2,1,17.2,0
C04066,34,44696,772,2.6,125.77,4,0,9.6,0
C01862,32,86375,669,7.7,110.35,6,1,24.3,0
C00641,47,37574,753,2.6,285.97,2,1,14.9,0
C03903,41,64621,718,5.8,21.52,0,1,11.3,0
C00638,32,47164,596,10.7,222.95,4,1,10.2,0
C04263,32,67020,720,6.1,241.55,2,1,21.1,0
C03911,30,67106,730,3.9,228.73,1,0,11.2,0
C02987,50,38702,751,9.8,203.77,1,1,22.6,0
C02097,58,27208,680,6.5,231.02,1,0,8.9,0
C04612,33,46385,667,0.2,93.33,3,0,11.2,1
C03076,50,64605,774,5.0,251.6,1,0,19.0,0
C03675,46,84977,617,0.2,154.42,1,1,19.4,0
C02842,49,43516,715,1.4,100.66,1,5,23.1,0
C00922,43,50753,643,5.3,313.64,2,0,13.6,0
C00547,38,54114,850,5.4,232.72,1,0,9.8,0
C03667,44,57188,622,7.2,129.02,3,1,30.3,0
C01901,42,41594,626,1.7,226.25,3,3,7.6,1
C02029,42,44825,633,8.7,78.21,0,0,20.4,0
C02302,26,36546,624,1.9,296.42,1,0,23.3,0
C01886,28,37122,623,7.1,260.34,1,3,18.3,0
C01643,38,48380,561,8.6,101.99,4,0,14.7,0
C03510,34,56947,792,1.6,214.78,3,1,14.0,0
C04810,53,50410,675,6.3,247.21,2,0,21.4,0
C02098,55,40498,636,4.4,174.7,0,2,15.0,0
C04358,31,64174,659,9.0,239.51,2,0,17.0,0
C03789,60,52652,655,4.2,116.17,5,1,16.0,0
C04495,33,42540,733,5.1,155.45,1,1,20.1,0
C04968,34,68855,676,0.2,284.43,1,1,15.7,0
C00837,53,46642,654,1.5,240.25,7,2,15.4,0
C00602,52,62843,612,4.3,47.07,1,0,14.2,0
C02185,46,28601,731,10.3,156.5,1,0,13.0,0
C03866,52,73322,715,1.9,298.05,0,1,11.4,0
C02482,55,59844,770,4.1,219.79,2,3,13.4,0
C04308,52,63997,617,6.4,148.93,3,2,18.6,0
C01583,41,52466,708,1.6,291.16,3,2,17.0,0
C04267,35,57764,843,2.3,198.74,3,0,23.5,0
C02534,27,44314,607,0.4,205.68,0,0,21.0,0
C02726,45,53619,676,2.1,218.22,3,0,22.6,0
C01071,47,61697,541,6.4,105.0,2,0,14.1,0
C01776,26,63138,678,7.6,178.68,1,2,23.8,0
C04809,36,56531,619,5.8,293.71,3,1,17.7,0
C01284,53,58705,597,5.1,273.69,1,0,19.2,1
C03051,54,45990,657,5.7,190.12,2,0,22.3,0
C04754,55,67494,574,2.1,189.07,2,1,20.5,0
C01837,58,66968,717,2.7,20.0,3,1,15.2,0
C04243,53,77400,812,9.8,145.36,1,0,20.5,0
C01020,25,85958,722,7.1,259.82,3,0,11.1,0
C04134,41,62344,680,10.1,242.71,1,2,19.7,0
C01327,48,61305,666,10.8,121.72,3,1,21.7,0
C00476,52,58364,758,0.2,243.09,2,1,14.5,0
C04272,42,58744,814,7.0,188.0,3,2,20.8,0
C01652,21,67266,755,8.9,36.05,4,1,19.1,0
C03999,50,55499,592,2.7,390.68,3,1,10.6,0
C04468,58,87073,656,5.0,122.51,3,1,25.7,0
C02611,59,50909,622,8.1,272.33,3,0,3.4,0
C02477,41,57807,614,6.1,188.37,2,0,10.1,0
C02584,47,26705,716,5.6,164.79,2,2,20.4,0
C01374,37,50495,576,2.4,75.68,0,0,4.7,0
C00740,56,34481,595,3.4,152.95,2,1,13.4,0
C03619,38,79643,620,2.9,182.3,0,0,13.8,0
C02441,35,58391,640,3.2,178.08,0,0,22.6,0
C00868,54,57073,624,4.8,103.44,2,3,32.8,0
C01141,56,39645,722,3.2,102.79,1,5,17.9,0
C00998,35,49398,698,8.4,154.76,2,1,22.0,0
C01338,32,75275,490,2.9,45.32,0,0,25.7,0
C00542,23,78790,675,5.5,132.12,2,2,20.2,0
C01100,38,45264,626,4.8,158.27,3,3,12.4,0
C01133,52,63364,795,3.3,139.21,0,2,12.5,0
C04065,51,45221,702,4.8,213.38,1,1,13.6,0
C02716,39,32797,630,1.9,170.86,2,0,16.3,0
C02259,21,65880,718,4.3,276.93,2,0,21.6,0
C04751,22,46441,719,10.1,42.89,0,1,13.0,1
C00060,48,68791,629,3.1,182.17,1,2,25.6,0
C02884,22,63382,668,5.1,62.55,1,1,9.0,0
C01939,59,65834,743,0.2,110.91,1,0,24.4,0
C02577,31,48991,679,6.5,428.95,1,0,9.1,0
C04937,59,56184,692,9.8,241.87,3,1,13.3,0
C01079,37,41193,789,3.6,231.76,1,1,25.5,0
C03250,36,88017,750,2.9,208.53,4,2,24.2,0
C03128,57,64318,690,3.7,148.7,0,0,12.9,0
C02489,42,49212,696,2.8,274.33,2,0,24.6,0
C00941,48,54649,693,3.2,88.72,2,1,17.9,0
C01081,57,60771,676,4.8,229.2,1,1,21.4,0
C00188,36,55080,646,11.4,196.27,0,1,12.0,0
C02635,24,40239,571,2.3,47.98,3,1,24.2,0
C02086,47,59352,572,9.8,222.32,5,0,17.2,0
C02250,37,60415,708,2.6,260.05,1,3,11.4,0
C04891,54,80450,697,9.5,249.35,3,0,25.5,0
C02024,44,42745,564,10.8,229.47,4,2,14.3,0
C03540,54,63525,809,4.0,261.49,0,3,20.9,0
C04049,34,56770,737,3.1,170.1,1,0,15.5,0
C03607,34,37044,692,9.8,68.53,1,3,18.1,0
C00227,53,48034,753,6.0,82.89,3,0,20.9,0
C04848,24,60829,679,10.6,78.2,5,1,21.4,0
C01930,59,21960,708,11.6,319.98,3,1,19.9,0
C03056,40,21620,662,8.0,154.25,2,2,13.2,0
C04490,36,48433,557,6.2,224.11,1,0,28.2,0
C01405,28,63867,766,1.6,238.64,2,3,12.3,1
C02180,39,60828,745,8.0,223.01,4,0,21.4,1
C00698,44,58828,749,4.1,218.35,0,1,10.4,0
C01125,54,65886,605,5.5,208.02,2,2,23.2,0
C03362,50,52751,655,0.2,282.8,1,2,23.3,0
C04136,59,48298,711,6.9,231.44,2,0,16.3,0
C01779,33,44660,664,0.2,108.06,0,2,24.7,1
C02859,49,77682,655,5.0,126.52,1,3,27.3,0
C01038,21,74651,760,1.8,266.53,2,2,28.5,0
C04457,44,44003,843,11.2,200.53,0,3,23.1,0
C02257,52,27811,722,8.0,226.3,4,2,21.7,0
C00314,32,68080,544,5.1,103.67,2,1,10.2,0
C02282,35,39135,766,9.2,241.22,1,2,14.6,0
C01417,46,37244,653,4.7,179.26,2,1,17.1,0
C01037,57,69621,694,6.0,221.45,5,1,15.0,0
C02160,34,57845,731,3.0,229.53,3,0,8.7,0
C04164,29,45573,726,6.0,306.09,4,0,20.4,0
C01755,46,42864,698,2.7,197.82,3,1,25.8,0
C03113,23,46312,693,5.0,280.67,1,0,27.9,0
C02814,59,58587,628,4.5,223.13,5,1,21.7,1
C02699,26,29773,688,3.5,126.89,1,2,15.2,0
C03208,53,64017,662,3.8,190.8,6,1,16.7,0
C04351,45,49773,769,7.0,224.56,2,4,26.9,0
C03432,51,45294,791,6.9,145.39,2,0,22.8,1
C01507,57,54007,585,6.4,133.25,2,1,18.0,0
C01924,38,66042,770,1.7,320.67,1,2,30.0,0
C00449,41,45066,796,3.3,207.15,2,0,14.2,0
C04129,42,48126,660,7.8,215.23,5,0,20.7,0
C02529,24,48305,670,0.9,210.15,4,0,17.5,0
C04970,53,35176,559,9.2,80.11,0,0,16.5,0
C02790,54,51420,623,5.9,126.46,1,0,26.8,0
C00362,56,26267,707,9.0,36.41,3,1,25.0,0
C02184,46,39500,811,0.2,184.92,3,1,29.5,0
C01135,45,64675,554,6.8,93.07,1,2,8.6,0
C03881,55,53176,656,2.5,51.93,2,1,18.0,0
C02156,40,55662,726,7.0,185.76,5,2,17.0,0
C01831,35,66493,667,5.4,215.02,2,2,22.4,0
C01054,59,63920,736,6.4,117.23,3,1,14.7,0
C00023,28,64929,690,7.2,302.11,3,0,25.1,0
C02067,50,74084,794,3.3,104.51,4,2,13.0,0
C01654,44,51705,677,0.5,128.18,0,1,14.8,0
C02588,33,54209,826,3.1,154.38,1,0,23.1,1
C03211,59,25753,717,4.1,159.96,1,1,15.8,0
C04303,26,54768,694,3.3,189.15,1,1,16.5,0
C04037,48,49877,706,2.3,110.74,5,0,27.6,0
C02326,53,18000,763,3.4,173.66,0,0,8.8,0
C00461,49,72139,720,6.8,55.35,4,1,13.4,0
C01068,46,71136,637,5.2,295.11,3,0,28.2,0
C00088,33,57183,789,5.3,263.13,2,1,22.2,0
C01431,39,38152,698,9.0,211.96,2,1,19.7,0
C02648,52,54982,645,1.4,162.07,3,2,17.3,0
C00283,47,82619,725,4.9,199.39,0,0,16.9,0
C00463,50,37013,601,2.9,74.9,1,2,13.1,0
C00213,52,52301,682,2.2,199.5,1,0,21.8,1
C02500,58,83341,673,1.4,177.16,3,2,16.5,0
C01369,59,72231,803,8.4,155.69,3,1,26.7,0
C00235,40,73493,660,9.1,171.86,2,4,22.3,0
C02771,47,43259,681,4.3,142.65,1,1,10.8,0
C00598,52,47616,535,3.0,152.45,5,1,18.1,0
C04421,49,46214,752,7.9,110.55,4,2,21.3,0
C02251,41,65743,649,8.8,135.28,3,2,18.3,0
C04032,41,23417,700,7.7,183.9,4,1,23.6,0
C02284,52,50101,844,9.4,169.34,1,1,20.5,0
C00663,22,35597,510,0.2,173.06,0,0,13.0,0
C04964,30,58614,667,0.2,127.83,2,1,15.4,0
C02286,54,50623,686,6.1,176.99,2,2,13.9,0
C04717,56,48759,639,7.4,20.0,0,2,16.3,0
C03194,28,63772,779,5.1,327.96,1,1,12.1,0
C02504,25,67663,648,3.2,201.85,4,1,13.2,0
C04044,25,43463,715,2.1,114.84,3,2,7.3,0
C00780,55,46120,651,3.1,237.37,2,2,20.2,0
C04020,48,36464,602,4.4,154.42,2,0,16.8,0
C03427,40,57663,665,3.5,183.76,3,0,27.1,0
C04307,50,43025,693,4.7,253.02,1,2,24.4,0
C03197,30,65378,621,1.0,192.3,3,0,21.9,0
C04836,42,48289,703,2.2,299.55,2,3,24.7,0
C00686,53,44955,665,6.8,126.64,2,0,25.0,0
C03170,45,49138,728,4.6,148.9,4,0,9.5,0
C03927,41,48243,588,5.5,173.67,4,0,20.2,0
C03435,30,71981,647,13.4,207.35,2,0,14.4,0
C02172,50,39959,696,9.1,157.48,1,4,20.6,0
C03690,27,54693,797,3.1,158.22,1,2,15.3,0
C01851,24,51079,680,3.4,131.84,2,1,19.6,0
C00488,42,70846,629,1.4,103.72,2,1,25.9,0
C01689,58,39208,609,5.9,253.68,1,2,17.4,0
C02231,46,60731,710,6.2,171.19,1,0,13.6,0
C03265,42,68008,693,3.0,199.5,1,0,16.0,0
C02321,24,40162,659,7.8,130.78,1,0,16.8,0
C00783,25,64234,633,1.2,192.89,4,2,20.2,0
C00522,26,44776,724,6.6,138.75,4,0,14.3,0
C00523,28,85471,623,6.2,170.01,1,1,23.0,0
C02838,56,68624,651,4.1,240.81,1,1,18.4,0
C04540,55,61053,662,5.6,176.12,2,2,35.0,0
C02399,31,54352,631,4.2,239.04,3,1,21.8,0
C02208,54,48279,730,2.7,50.06,1,0,13.1,0
C03478,42,36934,611,0.2,199.05,3,2,16.6,0
C03553,58,58047,664,4.0,158.51,3,1,13.7,0
C04088,58,78571,721,6.8,137.33,0,1,13.3,0
C02823,26,66110,637,9.2,332.0,2,2,19.0,0
C01512,30,69749,753,2.4,283.12,2,1,11.1,0
C01883,28,63526,550,5.1,251.25,1,1,21.0,0
C00652,47,45153,643,1.6,235.07,3,1,14.2,0
C04931,21,39032,746,7.5,246.77,4,2,19.0,0
C03090,39,37681,780,6.0,115.31,0,1,20.3,0
C00370,51,46971,487,6.2,112.46,3,3,19.1,0
C04998,53,38296,728,4.7,195.4,1,0,2.4,0
C00119,30,72004,646,1.4,271.53,0,0,13.0,0
C03321,24,47693,704,4.5,122.6,0,4,14.4,0
C03035,24,65059,699,5.4,96.77,1,1,16.3,0
C02217,39,63505,661,3.7,102.23,2,3,9.1,0
C03543,24,57714,700,0.2,207.33,1,0,5.8,1
C01614,48,53524,725,7.2,133.72,3,3,25.7,0
C03152,30,44257,669,6.5,277.57,1,1,14.3,0
C00963,54,62401,751,4.8,178.23,3,2,14.4,0
C02511,28,56201,725,8.2,166.17,0,0,13.7,0
C03832,29,79680,736,3.9,214.74,2,3,14.2,0
C02824,60,43703,724,3.7,307.7,4,1,20.1,0
C04344,31,45658,619,4.7,306.36,3,0,18.9,0
C03033,43,68300,642,6.2,206.61,1,1,27.6,0
C02416,40,63929,548,4.7,288.62,3,2,11.6,0
C04655,25,73587,679,5.6,156.66,1,1,15.6,0
C04237,58,34238,591,7.6,234.15,0,3,18.6,0
C02186,32,31523,798,6.4,70.36,3,1,17.6,1
C03670,29,76781,698,6.2,110.94,2,1,19.5,0
C02038,22,58441,689,2.3,236.41,1,0,25.2,0
C04363,40,66669,727,4.0,151.81,2,0,18.2,0
C00773,21,88511,739,4.7,165.08,2,1,16.4,0
C01285,36,43964,727,5.3,236.59,2,3,18.7,0
C04604,51,69961,691,6.6,132.17,4,2,16.8,0
C04795,36,71482,638,5.7,199.55,3,0,20.0,1
C01415,44,36780,787,6.0,174.82,2,2,12.0,0
C01235,46,45501,691,8.6,190.02,4,1,15.8,0
C02700,25,56690,638,4.9,163.13,2,1,14.2,0
C00436,25,68407,740,9.6,101.96,2,1,16.5,0
C01675,49,45316,708,1.0,128.61,1,2,29.4,0
C00366,41,49534,615,7.2,216.76,2,0,16.5,0
C02650,34,51209,686,3.3,102.9,2,2,32.2,0
C00232,55,62630,636,0.2,176.9,3,1,5.8,0
C04268,58,43269,685,6.2,26.79,1,1,14.8,0
C04042,47,54575,704,7.8,255.35,2,1,1.7,0
C04400,47,64485,650,9.8,226.05,2,4,20.9,0
C00408,26,58651,562,6.5,121.3,3,1,10.2,0
C02091,56,41282,672,7.5,175.36,0,0,19.6,0
C00087,24,58670,575,10.1,243.58,1,0,12.5,0
C00845,21,51743,667,0.2,273.77,3,1,15.4,0
C01032,27,51658,823,2.7,62.71,1,0,23.6,0
C02856,24,42857,768,7.0,152.02,2,3,11.6,0
C04110,33,55967,588,6.6,275.53,3,0,16.9,0
C04397,32,66142,623,2.5,111.19,0,0,14.5,0
C03894,29,55454,699,2.7,192.86,1,0,30.9,0
C02659,47,55548,701,2.5,124.32,2,1,17.9,0
C00856,54,85927,638,2.8,172.45,3,1,11.1,0
C00079,43,83396,643,4.2,204.33,1,2,16.0,0
C02248,28,43853,849,10.6,246.21,2,1,28.7,0
C04571,48,77168,706,0.2,226.75,4,0,22.9,0
C03657,41,46601,636,5.6,235.79,3,1,5.3,0
C04152,42,52846,591,10.3,262.51,2,0,21.3,0
C03379,55,26644,716,6.4,181.65,2,2,16.8,0
C02280,47,71942,557,3.7,304.27,0,0,26.6,0
C02599,59,23094,655,6.2,177.26,3,0,24.3,0
C04160,22,34835,582,4.2,227.94,3,0,26.8,0
C03871,22,54070,503,3.9,194.2,0,1,19.3,0
C03429,52,35809,550,4.4,114.86,1,1,20.1,0
C02177,25,56012,684,2.3,236.88,0,0,7.7,0
C00425,37,27347,754,5.0,186.8,0,2,8.7,0
C00393,35,72945,699,3.3,98.71,3,2,20.5,1
C04727,24,49862,680,0.2,195.21,1,2,17.9,0
C03694,34,76716,709,7.3,206.49,3,1,9.3,0
C00105,52,29813,699,2.8,239.98,0,1,27.5,0
C03995,41,64130,713,6.3,199.72,0,2,13.6,0
C04413,34,88593,688,9.2,152.64,3,0,21.0,1
C01949,21,37571,620,6.8,172.33,0,2,15.9,0
C01460,41,91695,693,5.5,44.64,4,1,13.0,0
C03258,28,55305,750,6.8,246.05,4,0,22.1,0
C02804,23,41861,727,2.8,146.78,2,1,24.9,0
C02707,49,55699,733,6.8,56.87,0,2,24.1,0
C04790,44,72557,646,2.6,164.15,4,1,16.3,0
C01588,24,63924,762,1.9,208.59,4,0,22.5,0
C03660,40,57619,738,9.8,196.72,7,1,9.6,0
C01732,57,60049,763,4.6,110.21,1,2,10.5,0
C04765,38,50498,552,4.9,264.42,5,2,8.4,0
C04225,52,52417,664,1.5,132.73,4,0,15.4,0
C03682,22,62366,663,8.7,85.86,0,1,22.2,0
C01792,56,58392,730,4.0,170.03,3,0,12.9,0
C02356,35,63140,586,0.6,194.06,0,1,23.7,0
C01941,27,50750,698,8.4,179.69,4,2,16.5,0
C00703,27,81651,711,3.2,173.63,1,1,19.8,0
C02443,21,52422,607,2.2,284.17,3,0,23.6,0
C04376,44,39917,667,4.4,115.73,3,0,19.0,0
C00497,25,55367,732,4.7,240.78,1,4,19.5,0
C00465,21,47725,722,1.9,99.63,1,2,7.8,0
C04072,52,41755,720,3.4,296.45,3,2,17.3,0
C04334,56,78353,769,5.4,139.62,1,1,17.2,0
C00173,51,43432,662,5.6,256.53,3,2,13.3,1
C04944,55,53640,631,5.0,174.13,2,0,25.2,0
C04797,41,61303,680,13.0,139.15,3,0,18.0,0
C02541,32,60849,736,9.1,233.44,2,1,15.9,0
C03263,50,57501,718,8.6,40.21,4,1,14.4,0
C04681,33,49127,802,4.5,165.59,3,2,17.5,0
C02261,21,61333,705,7.1,299.0,1,3,26.8,0
C02113,57,66872,651,4.1,73.93,2,1,15.3,1
C00901,21,58850,568,8.6,220.53,5,1,18.6,0
C01447,58,19904,593,6.9,196.2,1,3,21.6,0
C03574,34,52522,762,7.9,173.93,3,0,17.4,0
C00742,51,44151,605,7.0,228.26,2,1,15.8,0
C02294,50,54284,748,0.2,168.95,1,1,5.2,0
C02453,24,59623,787,2.0,149.54,0,0,18.4,0
C02623,25,44845,691,3.7,78.07,1,0,13.7,0
C04079,30,58145,756,4.8,146.52,0,1,14.5,0
C01207,41,67798,682,3.4,129.76,3,1,22.4,0
C00510,30,39728,563,1.7,313.38,1,1,12.3,0
C02621,54,23213,627,8.2,210.08,2,2,17.9,0
C02803,60,59873,584,9.3,191.02,4,0,21.8,0
C03314,29,18000,685,6.6,244.7,2,1,23.5,0
C01550,21,44818,743,6.5,71.25,1,0,12.0,0
C04564,28,52365,760,6.1,186.84,3,0,19.7,0
C02203,22,57550,584,7.3,71.69,2,3,23.8,0
C02567,53,33827,708,10.0,171.73,2,1,9.4,0
C03893,38,73834,665,1.1,153.55,3,1,19.8,0
C02045,32,81393,731,0.6,148.94,1,0,19.8,0
C00768,40,39622,610,5.6,249.21,2,2,19.6,0
C04873,23,40945,613,3.8,242.0,0,1,16.4,0
C03739,47,70145,661,4.5,177.4,2,1,24.9,0
C00422,48,77940,625,6.2,216.37,1,1,15.0,0
C00124,39,62040,719,4.2,141.34,3,2,19.2,0
C04163,43,64355,720,7.8,222.9,2,1,11.2,0
C02629,45,73583,601,9.5,93.54,4,1,12.2,0
C00820,60,60927,698,1.6,241.88,3,3,26.2,0
C01404,33,42837,783,7.1,220.16,1,2,19.3,0
C01383,34,58529,555,2.1,195.0,3,1,11.1,0
C02149,54,66357,651,5.7,205.39,3,2,17.8,0
C01576,33,60427,693,6.5,170.49,0,0,20.9,0
C01639,28,70393,652,5.0,151.26,1,4,14.4,0
C01796,29,42272,723,9.6,189.85,1,0,25.1,0
C04816,32,72747,682,6.1,160.23,0,1,12.0,0
C00400,33,39321,750,4.5,312.14,3,1,17.2,0
C02311,32,57523,624,3.7,210.61,2,1,23.0,0
C00883,38,44892,626,4.0,219.18,0,2,31.5,0
C04974,51,36044,693,5.3,87.12,2,0,21.1,0
C02898,46,24726,582,5.1,158.16,2,0,12.2,0
C01353,40,67588,712,14.3,213.46,2,1,26.1,0
C02743,41,56653,674,9.1,151.5,1,1,14.3,0
C04551,22,50349,671,6.3,105.1,6,2,15.7,0
C02131,49,41530,725,6.0,99.84,2,0,21.8,0
C00983,42,83157,801,10.1,216.38,4,2,21.7,0
C00457,26,70318,756,7.3,121.78,1,1,12.5,0
C04120,23,63866,720,4.4,217.09,2,0,26.1,0
C01080,54,78523,657,0.2,350.31,4,1,13.2,0
C01951,57,55990,850,2.2,162.84,2,4,23.0,0
C04315,51,68257,748,3.6,160.01,2,2,26.2,0
C00690,52,38126,725,3.9,134.65,1,4,13.2,0
C02430,31,48335,555,3.1,192.4,2,4,10.6,0
C00642,57,41420,723,7.4,309.53,2,0,22.6,0
C02393,45,73006,685,2.2,232.74,1,2,21.2,0
C01954,39,36001,679,5.5,319.92,2,2,12.0,0
C02749,37,76189,626,5.7,173.13,1,0,4.8,0
C04314,24,78199,757,7.1,165.22,2,0,17.4,0
C03436,45,49567,789,5.6,236.84,2,1,30.2,0
C03337,41,37242,780,8.1,69.24,1,1,16.3,0
C04767,43,57665,611,4.4,53.18,6,0,16.3,0
C03371,60,59088,616,1.2,223.44,4,1,31.8,0
C01885,45,82553,642,9.2,304.65,2,1,24.4,0
C00390,27,53387,597,4.8,144.42,3,1,13.8,1
C02495,37,60559,720,0.2,172.28,5,0,29.8,0
C03879,28,59197,694,6.5,203.85,3,2,10.6,0
C03857,35,51430,708,0.5,20.0,2,0,14.8,0
C00846,21,59160,790,1.3,60.92,1,0,21.3,0
C00543,28,58330,674,3.9,127.39,1,2,25.9,0
C00092,53,30671,703,5.5,159.72,3,0,16.3,0
C03890,53,27465,565,1.7,210.21,3,0,10.0,0
C01980,52,65913,821,0.2,172.44,2,1,18.8,1
C02813,28,32688,736,2.7,249.69,1,1,21.2,0
C04083,51,74066,646,0.2,251.55,1,1,10.3,0
C02903,55,62563,804,1.6,199.96,1,0,27.3,0
C02530,44,45697,627,3.9,319.14,0,0,15.5,0
C01677,26,40000,635,5.9,331.48,2,3,13.6,0
C01049,47,76612,651,4.0,154.77,3,0,12.0,0
C01961,54,47001,664,6.4,203.61,1,0,13.4,0
C02531,57,57223,671,5.9,248.55,3,0,21.8,0
C03993,26,66754,735,3.3,248.59,1,2,24.9,0
C00238,38,44648,549,5.1,120.81,3,0,15.5,0
C03098,33,36940,716,6.4,197.3,1,2,17.7,0
C03489,38,31237,686,4.5,330.26,5,1,16.0,0
C01134,51,34937,797,2.3,145.16,4,0,20.7,0
C01806,22,48499,640,9.4,338.49,1,2,12.1,0
C04318,37,75735,611,7.2,256.03,1,1,35.0,0
C00164,37,35037,679,5.5,242.73,2,1,16.9,0
C03493,35,58680,714,10.6,193.6,3,1,19.0,0
C04710,38,67757,769,3.0,270.66,3,1,11.7,0
C04631,26,63840,778,10.6,189.05,0,2,20.1,0
C03454,34,61818,626,5.5,221.24,1,1,15.2,0
C03200,31,25182,777,11.3,33.95,3,1,12.3,0
C03635,59,42814,713,4.7,242.0,1,1,34.3,0
C03940,41,86117,614,0.2,171.85,1,3,15.6,0
C01812,47,71764,737,3.6,101.31,4,1,14.1,0
C03650,50,70255,696,0.2,230.08,3,0,21.3,0
C04050,39,25409,752,8.1,285.55,3,2,12.7,0
C01429,31,35819,672,5.2,329.24,0,1,14.8,0
C03614,23,71518,710,2.9,187.01,2,1,16.4,0
C03132,39,47883,717,8.9,157.14,2,0,8.1,1
C03397,39,54831,784,7.3,246.31,1,0,19.4,0
C04461,25,39609,656,0.2,307.47,2,0,31.0,0
C04650,31,73596,777,5.1,301.8,3,4,15.1,0
C02821,42,32393,717,5.0,179.74,4,0,22.8,0
C01453,23,45453,672,2.5,62.68,3,0,18.4,0
C00594,60,53920,795,11.8,192.56,2,3,18.4,0
C00042,51,67719,747,1.2,132.4,1,0,10.5,0
C00561,42,25395,687,7.0,186.79,2,2,9.3,0
C03274,37,62087,706,7.8,199.33,4,0,10.5,0
C03245,50,82169,768,2.3,122.9,2,4,20.7,0
C00244,46,26354,625,2.5,204.9,1,1,24.5,1
C01340,37,36765,710,4.0,140.26,1,1,13.9,0
C02781,33,55734,682,2.4,63.73,4,2,34.4,0
C03188,37,69070,850,10.6,136.04,2,0,25.3,0
C03800,23,73831,529,3.5,180.46,5,1,12.1,0
C01443,58,51068,803,7.6,214.57,1,1,6.3,0
C00262,27,18000,599,5.5,320.09,2,1,20.8,0
C02765,29,60696,594,5.2,89.38,3,1,16.0,0
C01690,24,45863,668,5.0,207.16,2,1,7.4,0
C01726,52,64106,670,6.4,175.1,1,3,21.5,0
C04793,59,82566,686,3.2,208.19,1,0,16.0,0
C00835,55,81154,708,3.4,88.14,3,1,12.0,0
C01867,25,55652,609,6.0,201.72,4,1,16.1,0
C02497,53,51034,587,3.0,180.36,2,2,24.3,0
C02011,40,45672,650,4.7,231.58,2,3,12.6,0
C00341,46,55162,665,9.4,28.84,1,0,14.0,0
C02989,57,40922,553,4.1,157.23,4,3,16.6,0
C01602,50,46507,850,2.9,86.82,0,1,8.3,0
C03876,45,51211,593,5.8,287.99,0,0,22.5,0
C04695,49,34300,721,7.0,157.43,3,1,18.6,0
C00481,32,67011,681,0.2,123.5,1,1,17.5,0
C02826,54,71625,650,4.7,115.23,3,0,8.2,1
C04330,56,71235,600,8.0,152.32,0,2,14.9,0
C03541,50,52580,811,1.8,193.94,3,1,9.8,0
C04639,45,68021,647,3.9,239.87,1,0,23.1,0
C03047,50,51889,599,6.0,189.83,2,0,21.6,0
C03991,51,68510,716,4.6,123.43,0,1,15.2,0
C01767,41,63308,740,0.9,137.5,4,3,10.9,0
C04474,26,35437,681,7.3,110.73,2,1,20.8,0
C02454,39,48315,642,5.0,377.55,3,1,23.5,0
C02878,58,42393,761,8.7,23.74,0,1,16.2,0
C03816,23,62157,699,1.7,126.96,1,0,21.0,0
C04017,31,50856,681,4.5,251.75,4,1,16.6,0
C04678,43,60272,717,4.5,179.14,1,0,14.7,1
C03680,50,33224,707,7.6,162.52,2,1,23.7,1
C01272,25,61674,779,6.9,252.54,2,2,14.8,0
C03078,53,67733,605,3.4,201.71,3,3,11.9,0
C04502,42,66390,680,6.4,164.28,0,0,33.7,0
C03095,57,56989,697,2.7,186.63,0,2,21.5,0
C04654,29,60696,626,8.3,268.88,2,0,18.4,0
C00348,58,47256,652,4.7,64.94,3,4,16.9,0
C03882,29,48469,644,8.1,180.76,0,0,15.5,0
C04624,24,61158,830,7.8,177.51,2,2,11.3,0
C02563,47,42771,562,0.8,100.26,0,0,16.4,0
C04591,48,63348,666,10.3,260.36,2,1,16.6,0
C01424,47,63443,644,3.8,131.53,1,0,26.3,0
C00657,51,66718,595,4.3,284.96,2,3,16.3,0
C02103,27,57050,623,5.5,103.27,2,1,19.7,0
C00633,38,36118,723,9.2,342.99,2,1,5.0,0
C02893,35,59725,674,0.2,135.89,2,1,12.9,0
C02494,45,40696,578,0.2,341.61,3,0,14.7,0
C02666,42,51476,605,8.8,204.21,1,0,23.5,0
C04016,26,69548,761,0.2,57.26,1,0,17.1,0
C03663,59,74575,735,11.8,68.73,2,0,19.2,0
C03308,26,72227,593,9.6,298.18,4,3,12.6,0
C03097,27,64035,672,7.6,97.91,2,2,17.6,0
C03920,45,49803,664,4.9,245.25,2,2,22.8,0
C02501,48,75776,531,2.2,73.55,6,0,25.1,0
C01466,25,91337,572,8.0,162.38,7,1,28.6,0
C02834,42,84630,753,4.2,202.15,2,2,23.7,0
C00116,43,55691,637,7.6,229.4,2,1,23.1,0
C01822,51,60140,676,0.6,140.22,2,3,23.4,0
C01495,37,56728,503,6.2,257.72,1,2,19.0,0
C02402,43,64459,667,4.2,217.36,4,0,15.3,0
C01233,59,44696,585,5.3,130.89,1,2,13.5,0
C02662,51,49301,585,7.6,140.37,7,0,19.1,0
C04101,24,54544,718,10.6,313.37,1,3,7.2,0
C04574,56,56418,601,4.9,176.68,3,1,13.7,0
C01154,57,75941,660,10.0,233.26,1,2,10.4,0
C03849,50,37822,772,0.2,171.12,5,1,27.9,0
C00058,27,62267,676,6.7,215.29,1,3,7.7,1
C04105,24,55083,782,5.1,149.95,0,0,16.9,0
C04289,51,63936,772,2.3,110.64,0,1,21.4,0
C04946,49,53378,730,1.1,266.34,1,1,20.0,0
C01736,52,56188,648,1.8,276.02,4,2,15.5,0
C02197,32,68214,640,1.3,254.92,5,2,15.4,0
C03554,49,34259,727,0.2,186.38,1,3,16.2,0
C02476,37,67419,819,4.3,156.03,3,1,5.8,0
C02565,38,66714,741,1.9,232.71,0,0,23.2,0
C03159,47,53681,673,2.5,137.24,3,1,8.0,1
C04035,38,51769,744,4.1,171.17,2,0,20.5,0
C03656,40,44372,670,8.2,167.58,1,0,16.1,0
C00708,43,52990,757,5.1,112.63,3,2,18.2,0
C04281,40,71652,658,6.4,185.98,2,0,19.6,0
C01094,36,42787,701,8.1,235.57,4,3,11.5,0
C04840,58,63160,706,4.5,159.92,2,0,14.2,0
C01377,59,54044,661,3.1,324.33,5,0,23.8,0
C04914,45,65072,656,2.7,261.6,3,1,18.1,0
C00073,39,63329,710,4.5,163.56,0,2,30.0,0
C01923,54,52942,632,4.8,91.19,3,3,15.4,0
C03174,34,62090,700,6.4,171.18,1,0,12.6,0
C01765,44,55513,677,5.5,102.65,1,1,16.0,0
C00744,31,34569,694,7.7,20.0,4,1,16.9,0
C04319,55,49693,634,4.9,244.7,4,2,17.5,0
C01006,57,65563,644,2.8,254.21,3,1,20.4,0
C02669,24,79697,619,7.2,225.12,3,0,30.0,0
C01191,37,51046,695,7.0,219.68,4,1,9.5,0
C04632,32,49992,693,8.3,35.78,3,0,9.1,0
C02602,29,39261,551,5.6,227.46,6,0,10.2,0
C01126,54,66774,712,3.5,174.71,5,1,9.1,0
C01242,52,61412,641,8.6,215.07,0,2,15.8,0
C04607,30,62835,850,4.9,265.67,2,0,28.3,0
C04131,21,63784,720,6.3,249.83,2,2,17.5,0
C03443,39,68458,633,8.6,56.19,4,0,25.3,0
C00999,59,71590,730,11.7,273.66,3,1,15.8,0
C03387,51,58035,615,1.1,176.41,1,1,28.0,0
C02685,41,40951,717,7.0,97.4,2,1,18.2,0
C01578,52,31863,711,4.7,236.0,4,1,7.4,0
C04791,28,79999,737,4.2,172.6,2,2,28.0,0
C01827,25,60919,621,0.7,161.94,2,2,20.5,0
C03293,30,28274,588,2.8,206.67,1,1,7.4,0
C04990,56,22206,633,5.6,215.44,1,1,14.8,0
C03537,22,51901,667,6.9,276.38,1,2,12.7,0
C00441,59,62673,637,3.1,266.02,3,0,19.4,1
C04952,23,68614,650,4.0,229.78,2,0,28.0,0
C01101,40,79082,646,6.1,153.25,1,0,19.4,0
C04011,35,56936,636,3.3,151.03,1,1,9.9,0
C03059,36,56112,727,7.6,248.51,1,0,31.5,1
C00650,54,37993,635,6.6,223.87,4,1,19.9,0
C01547,48,50426,649,3.8,234.12,3,1,28.7,0
C04757,43,63063,806,3.2,188.29,1,2,25.4,0
C03561,23,39948,648,6.2,168.06,1,0,17.9,0
C03887,24,51274,742,6.1,225.17,1,2,28.4,0
C03742,33,55990,641,3.9,229.98,0,1,19.1,0
C00631,50,54866,676,1.9,229.85,1,3,10.8,0
C00673,46,42638,585,2.4,239.77,1,0,12.0,0
C01250,60,43154,725,0.2,153.3,1,1,20.1,0
C00483,31,34744,543,8.6,205.68,2,3,21.3,0
C01585,46,36635,683,7.3,110.51,3,0,9.4,0
C03075,44,65176,691,2.7,27.17,0,2,8.1,0
C04628,28,55732,712,3.9,125.37,0,0,20.1,0
C03039,32,67112,612,4.5,207.7,1,1,15.2,0
C01463,22,39391,645,10.7,129.89,3,2,10.4,0
C03930,50,57150,526,3.9,146.48,6,0,18.4,0
C03622,29,65789,613,4.2,104.57,2,1,15.9,0
C02579,59,48605,767,7.0,207.24,3,0,20.5,0
C03802,44,47571,594,1.4,219.59,1,1,16.1,0
C00050,52,88160,786,5.5,167.27,2,2,19.7,0
C04290,33,65142,850,6.9,149.34,2,0,20.6,0
C03345,42,71899,733,0.6,151.6,1,1,19.6,0
C00859,47,101328,582,1.9,190.28,3,1,20.3,0
C01073,51,55189,687,7.6,149.59,1,1,19.9,0
C00720,44,60107,755,2.6,235.69,2,0,16.6,0
C03718,31,47839,762,1.6,203.13,2,0,20.8,0
C02632,48,56049,787,9.6,145.52,2,1,16.1,0
C04874,44,50839,764,8.9,184.23,1,0,26.9,0
C01661,45,18721,716,9.3,20.0,1,1,18.2,0
C01657,54,43328,627,2.5,144.55,1,1,18.5,0
C02426,43,57705,696,7.5,216.72,1,1,13.4,0
C03525,32,61563,632,1.7,182.67,0,3,21.5,0
C04230,21,45364,677,2.3,180.43,2,2,21.1,0
C04975,53,58215,531,1.5,215.15,1,0,21.0,0
C03310,58,58579,639,6.3,336.95,4,0,25.2,0
C04477,58,51997,699,4.2,178.13,4,0,11.5,0
C03306,31,59870,549,3.0,139.08,4,1,21.9,0
C04752,26,52178,650,5.9,70.74,0,5,19.9,1
C04127,22,77312,611,6.7,124.48,1,0,15.8,0
C02607,42,71427,597,5.8,277.66,3,0,21.5,0
C01386,30,87152,672,4.4,190.45,5,1,14.8,0
C03836,49,93579,653,4.9,204.74,2,1,18.1,0
C01400,32,19987,757,7.8,289.95,4,1,21.1,0
C01196,46,79972,801,5.6,142.8,8,1,18.4,0
C01409,21,56373,815,6.2,104.94,1,1,12.6,0
C03825,44,60602,727,11.1,143.69,1,2,11.9,0
C01799,40,58332,678,4.5,310.14,1,5,11.6,0
C01476,33,50258,723,9.2,164.73,4,1,27.0,0
C04966,25,41325,631,9.4,239.93,1,0,19.7,0
C00036,23,41781,671,1.8,106.72,0,0,22.7,1
C03542,44,47778,680,0.7,163.15,0,1,11.7,0
C02346,31,18000,732,6.4,150.21,1,1,15.7,0
C04679,47,54152,661,5.1,237.75,1,2,19.0,0
C02360,29,35074,577,4.8,211.47,1,0,32.0,0
C02207,26,61403,732,4.5,172.34,2,0,15.2,0
C03768,50,58130,659,3.4,128.95,1,0,1.0,0
C01287,57,97679,700,0.2,184.43,1,3,21.2,0
C00350,27,65134,596,6.0,133.4,1,0,16.0,0
C02138,21,74321,575,8.0,241.08,3,0,22.3,0
C02692,45,61920,675,4.5,249.25,1,1,22.8,0
C04561,40,30923,578,6.1,157.37,4,1,32.0,0
C03968,30,50278,619,4.3,163.4,4,4,11.5,0
C01682,21,50435,678,6.6,267.56,3,2,16.3,0
C04835,60,40785,665,11.9,233.46,3,4,19.0,0
C01444,38,44112,640,7.8,47.0,1,1,17.4,0
C03244,41,41559,638,8.5,62.85,3,2,31.6,0
C01672,43,69620,456,4.7,186.38,1,4,19.7,0
C03837,28,64337,671,4.0,81.38,2,2,18.2,0
C01180,21,85332,734,4.9,205.59,1,2,20.2,0
C02799,49,70824,762,4.4,250.83,1,0,24.2,0
C01693,47,39863,609,3.2,161.64,1,1,16.7,0
C03957,41,55361,672,2.4,176.89,2,0,17.2,0
C00373,37,66293,713,3.3,133.02,1,0,13.4,0
C03611,43,46947,689,0.2,100.9,0,4,19.3,0
C01917,32,49454,850,6.4,181.65,2,2,16.6,0
C01358,26,59517,655,4.8,151.48,3,2,8.8,0
C01826,57,38759,666,4.2,174.26,0,4,16.7,0
C00787,22,38871,697,7.5,84.39,1,0,16.2,0
C00470,58,84169,647,0.2,295.06,2,0,5.0,0
C00141,60,56241,730,3.2,256.53,1,0,15.2,0
C00789,42,47729,669,6.6,116.93,2,1,17.0,0
C00324,57,66548,676,0.2,184.73,0,2,8.5,0
C00051,51,53169,661,3.7,214.97,1,0,28.2,0
C00715,57,54226,640,2.9,123.56,0,0,12.9,0
C04890,40,75041,585,3.8,73.85,0,3,17.7,0
C02841,38,40827,770,8.6,82.69,5,0,17.2,0
C02447,51,38468,636,3.6,219.41,2,0,22.8,0
C04814,43,39381,654,8.1,117.29,1,1,9.6,0
C04420,25,62218,666,2.5,215.11,3,0,10.7,0
C04597,56,22716,702,3.9,128.24,2,0,7.1,0
C03016,39,52583,645,9.3,223.88,1,2,25.0,0
C02667,30,55159,669,6.0,304.15,1,0,10.9,0
C00407,38,75527,828,5.4,177.97,2,2,15.8,0
C03725,21,74892,756,4.6,216.92,4,1,26.0,0
C01005,26,31280,755,11.5,164.55,1,0,16.6,0
C03788,21,82124,659,3.9,93.3,4,1,27.9,0
C00891,24,51298,762,1.4,256.31,2,1,9.8,0
C02412,22,45344,712,8.0,163.96,2,1,4.6,0
C02546,36,54013,551,4.8,176.56,3,0,16.5,0
C04834,30,72289,810,2.1,95.61,2,0,22.2,0
C02391,39,24779,634,3.8,66.37,2,1,10.2,1
C03941,42,77283,762,6.1,222.57,2,0,20.4,0
C00043,49,75666,665,1.8,96.42,3,1,7.2,0
C02831,57,56850,805,0.2,247.1,4,0,19.7,0
C03966,55,56094,705,7.3,244.71,1,1,26.7,0
C00304,56,66246,598,0.2,148.2,4,1,25.8,0
C04514,57,52133,691,10.6,261.05,3,0,20.6,0
C03748,60,51687,764,0.2,153.57,3,1,26.3,0
C00665,44,58527,672,2.4,295.54,0,1,7.8,0
C01178,28,70781,737,7.7,213.95,2,1,14.9,0
C02677,59,50079,624,6.9,85.3,3,1,16.1,0
C01948,57,41153,747,6.6,284.47,1,2,15.2,0
C02502,24,60317,653,1.7,198.41,1,0,18.2,0
C01474,29,60928,603,3.4,172.47,3,0,23.7,0
C03484,30,57580,692,0.7,130.04,1,0,12.0,0
C03521,54,43028,663,4.2,182.11,0,1,21.0,0
C02133,41,47843,654,4.5,241.76,2,2,12.8,0
C01027,24,71433,701,4.3,259.13,6,0,22.9,0
C00962,37,80067,564,6.1,194.58,0,0,13.2,0
C02890,28,39098,640,2.6,274.67,1,1,17.7,0
C03135,49,60812,721,4.0,157.6,2,2,19.3,0
C02010,46,92038,727,10.4,161.75,2,2,20.2,0
C02150,55,68031,674,2.6,45.29,4,0,18.2,0
C03324,46,57242,704,6.2,164.57,1,2,19.0,0
C02339,22,56020,812,7.9,157.08,0,4,10.7,0
C03889,26,30704,665,5.6,191.6,2,0,22.4,0
C00305,42,60872,632,3.3,125.98,2,1,10.3,0
C01441,52,40284,669,6.1,207.29,1,1,19.3,0
C01497,43,42433,759,1.6,237.17,0,0,23.0,0
C02653,60,40794,850,3.7,228.32,0,2,11.9,0
C02876,41,32101,656,6.7,177.65,2,0,27.3,0
C00917,42,58233,741,5.5,128.87,1,1,24.2,0
C04183,25,46983,599,1.8,196.76,3,0,14.2,0
C03722,44,18000,698,6.7,305.05,4,2,23.5,0
C02773,29,68263,712,3.4,205.5,1,0,10.2,0
C01625,43,51706,738,11.2,208.42,1,1,23.6,0
C03838,44,37681,611,1.9,234.79,2,1,14.9,0
C00822,47,54416,597,6.6,218.84,2,3,29.1,0
C03965,28,81372,562,11.7,170.9,3,2,22.0,0
C01355,29,50213,734,0.2,132.49,3,0,14.6,0
C04498,36,60397,673,9.2,223.75,2,0,24.7,0
C00851,60,61633,675,3.2,157.13,1,1,14.8,0
C01001,53,48680,778,5.6,94.26,1,2,29.9,1
C03378,44,51936,729,8.8,224.11,3,0,9.7,0
C00019,54,44459,688,6.7,197.1,0,0,16.6,0
C01638,45,49441,811,7.9,288.67,2,1,8.5,0
C01668,48,63207,659,3.2,229.46,1,0,7.9,0
C00494,45,43739,734,0.3,321.61,3,1,14.7,0
C01348,49,65833,705,7.2,228.69,1,2,18.0,0
C03728,42,36977,737,2.3,195.64,2,3,13.8,0
C04826,37,65082,774,10.2,133.3,1,0,28.3,0
C03615,51,47189,605,0.2,167.99,1,2,18.3,0
C03482,30,68437,651,6.0,181.2,2,0,16.9,0
C00688,44,45646,613,5.3,103.21,3,0,23.2,0
C03732,55,55512,724,8.1,52.95,3,0,14.6,0
C01609,30,63581,712,6.4,223.87,3,1,11.8,0
C04085,41,50643,707,7.4,20.0,2,2,18.5,0
C03403,27,63546,694,7.8,111.87,5,0,23.6,0
C01010,41,42308,703,4.4,196.95,1,1,22.8,0
C02409,39,51480,715,5.0,134.84,4,0,17.4,0
C01093,54,67946,765,3.7,199.09,7,2,8.6,0
C01328,24,63191,575,8.3,206.28,0,2,13.2,0
C01678,37,60351,713,4.4,158.54,5,0,18.2,0
C02000,32,38834,717,2.8,85.66,2,1,18.1,0
C01311,41,52018,684,6.3,223.52,1,1,15.8,0
C03259,43,40076,759,3.0,175.85,3,0,21.4,0
C01988,29,60669,611,2.7,300.5,1,0,27.5,0
C03649,60,61967,642,5.0,39.55,4,1,18.1,1
C00345,57,77194,648,3.6,204.75,1,0,24.0,0
C04483,54,43645,650,4.6,170.85,1,2,10.1,0
C00987,45,49887,631,3.3,229.5,2,0,16.8,0
C04545,38,47083,670,3.1,72.71,1,1,8.3,0
C03808,27,46428,759,5.7,89.58,2,0,15.6,0
C04524,60,71307,691,0.8,220.89,2,1,20.0,0
C04003,22,48197,540,7.4,184.62,4,1,28.2,0
C03092,36,21851,669,2.2,212.66,1,1,18.7,0
C03962,55,51264,606,2.4,164.19,1,0,20.5,0
C01143,58,43005,729,2.7,242.75,0,1,21.3,0
C02359,46,48071,704,3.8,227.41,2,3,23.3,0
C01199,53,50890,715,3.9,125.2,3,0,2.8,0
C00086,49,63133,634,6.0,196.87,0,0,12.3,0
C01519,40,51408,812,6.3,149.8,5,1,10.3,0
C00517,56,59567,824,5.9,232.65,3,1,17.4,0
C01382,32,58465,729,7.9,26.54,1,0,10.3,0
C02717,38,79244,676,9.0,355.37,1,0,15.2,0
C03085,34,44214,758,6.4,197.23,0,1,12.3,0
C01015,41,56527,643,9.4,207.23,0,0,12.2,0
C00129,43,53902,679,4.2,204.9,1,1,21.8,0
C01365,43,59013,643,3.5,172.38,3,2,25.0,0
C03624,38,40550,755,2.6,274.09,2,0,4.9,0
C04971,55,51578,656,6.0,113.61,2,0,26.6,0
C00892,49,62320,673,0.2,188.08,3,2,29.6,0
C02794,42,52216,732,8.5,190.34,1,1,18.9,0
C04239,51,50977,547,5.8,186.35,3,0,17.2,0
C01360,35,18000,796,4.2,267.79,0,0,20.5,0
C00308,43,56708,679,4.0,248.85,2,1,7.8,0
C01662,45,74147,584,6.2,228.17,0,1,18.6,0
C02432,41,63676,535,3.5,207.06,3,3,23.3,0
C03935,28,49145,620,7.2,239.53,2,1,14.1,0
C01318,44,63855,632,9.5,105.01,3,2,22.2,0
C04304,22,49462,602,7.9,225.61,3,0,20.3,0
C02475,25,49938,812,10.1,129.68,2,1,19.4,0
C02543,59,47581,731,2.9,236.93,2,2,12.7,0
C01247,55,25919,669,0.2,304.81,5,1,34.1,0
C01209,32,64349,596,2.0,134.09,2,2,24.2,0
C00217,24,49789,637,4.2,275.8,2,2,20.7,0
C04293,40,46092,800,10.2,197.87,2,0,25.1,0
C03063,36,57567,769,2.3,174.34,1,0,10.4,0
C01240,22,59017,696,5.1,111.72,3,3,8.0,0
C02290,37,54945,576,2.6,283.89,5,1,15.6,0
C02741,28,64248,742,9.0,149.09,3,0,21.4,0
C00276,40,74349,692,1.6,124.01,0,0,24.6,0
C00490,45,18000,629,4.5,125.74,2,2,18.8,0
C01036,50,68340,687,6.8,191.1,2,0,15.6,1
C01230,32,84603,666,9.6,262.27,2,2,18.3,0
C04586,45,80205,733,4.5,213.47,3,1,23.0,0
C01009,50,76927,661,0.6,120.3,0,1,15.5,1
C04690,49,92616,625,5.1,210.05,3,2,20.4,0
C04027,29,57456,661,4.3,278.38,1,0,15.3,0
C03183,50,65110,597,7.2,138.99,2,1,17.7,0
C02533,57,71901,679,6.0,225.76,3,1,13.2,0
C04170,47,63741,687,4.5,274.3,2,1,22.6,0
C01059,37,57423,601,4.6,126.12,0,1,17.4,0
C02167,33,48660,735,1.7,129.13,7,0,15.6,0
C04579,32,55628,712,2.3,228.09,2,2,21.3,0
C00282,40,52457,784,4.9,184.26,3,3,13.4,0
C03566,31,65569,749,3.7,218.89,2,2,25.6,0
C01317,49,59546,756,4.2,41.22,1,0,8.2,1
C04979,57,58100,693,10.4,223.65,0,1,27.9,0
C00969,57,38412,726,4.7,176.42,5,0,17.3,0
C03127,54,31543,654,7.4,54.09,2,1,19.1,0
C03921,58,80671,600,5.7,91.63,2,1,14.1,0
C03167,50,44754,774,3.7,169.76,3,1,7.0,0
C03520,57,73320,740,4.7,73.47,4,1,11.8,0
C00620,26,55062,636,4.3,213.4,1,0,15.1,0
C03347,45,48362,685,3.0,199.29,1,1,7.5,0
C01743,39,44086,661,2.8,221.71,2,2,19.0,0
C01391,33,63672,689,9.5,206.7,3,2,8.1,0
C04051,33,54389,676,5.5,227.98,2,0,25.8,0
C01848,42,74220,566,8.6,248.47,1,1,23.3,0
C01580,45,40529,605,3.0,204.48,3,1,9.0,0
C01656,30,57564,712,6.2,318.03,2,1,25.6,0
C02353,49,48288,721,2.9,146.21,2,2,15.5,0
C02213,45,45685,656,0.2,322.51,2,2,9.8,0
C02021,33,54820,667,4.0,235.08,3,1,21.0,0
C04973,54,50592,677,0.2,206.8,2,0,18.2,0
C01957,42,44716,643,1.4,173.49,1,1,16.7,0
C01308,30,66367,631,8.7,78.82,3,0,12.7,0
C02004,39,55101,618,4.6,299.5,1,1,14.2,0
C04456,23,75360,687,4.8,264.24,2,2,21.3,0
C00576,35,77519,577,6.7,203.14,3,1,11.1,0
C04090,60,76168,812,1.1,20.0,4,1,19.8,0
C04320,22,45512,582,0.2,180.8,6,2,25.7,0
C04437,47,66928,761,3.6,262.43,3,1,22.6,0
C01707,60,60641,604,2.5,49.99,3,1,30.2,0
C03743,58,80716,626,2.5,332.97,2,0,21.0,1
C03471,29,55874,671,7.2,137.77,3,1,9.6,0
C01281,50,58427,772,10.6,125.85,1,1,17.2,0
C00862,58,65560,724,4.3,241.95,0,2,29.3,0
C04146,32,80774,753,4.9,286.96,0,0,20.6,0
C01802,39,62512,669,6.3,146.04,1,1,15.4,0
C01629,36,36763,640,2.2,256.35,3,1,18.4,0
C01994,46,40563,695,0.2,122.05,0,1,8.5,0
C02640,55,74571,557,6.2,250.42,2,0,14.0,0
C00270,44,56013,599,2.4,236.22,2,1,16.5,0
C00630,35,42142,619,9.2,247.29,1,2,19.8,0
C03082,53,58254,579,5.4,148.38,4,2,18.6,0
C02335,43,49774,671,0.2,229.66,1,0,18.5,0
C02967,30,46975,731,2.5,210.29,0,1,18.2,0
C00301,35,70691,740,4.6,187.92,1,1,8.8,0
C00460,25,55618,732,5.4,208.04,1,0,8.7,0
C01448,59,39155,730,2.9,124.63,1,2,23.9,0
C01473,38,58321,665,7.4,89.9,0,2,17.1,0
C02047,39,43971,552,6.0,210.85,1,3,17.6,0
C04229,34,84891,670,4.0,86.47,3,0,19.0,0
C03765,37,45617,701,3.9,219.27,3,2,19.2,0
C02114,57,36145,496,0.2,153.03,1,0,24.1,0
C00028,53,63763,636,7.3,182.28,4,2,23.8,0
C03840,59,35790,602,2.9,168.66,2,1,11.8,0
C04523,42,90961,681,6.7,76.56,3,0,17.7,0
C00838,28,74568,667,6.3,185.43,2,2,14.6,0
C03827,34,63052,633,1.6,208.48,4,0,13.8,0
C02009,52,63848,772,4.8,20.0,0,1,24.3,0
C04908,52,55857,701,7.6,182.19,2,0,30.8,0
C00504,55,72539,769,6.4,133.71,4,1,20.4,0
C03207,60,66657,654,7.7,132.28,2,1,28.1,0
C04305,47,65440,680,0.2,279.38,2,2,19.0,0
C00381,21,82632,727,0.2,159.69,3,6,9.2,0
C01852,31,45108,753,0.2,247.56,4,1,17.9,0
C01526,22,58291,587,9.8,287.44,2,1,17.8,0
C02366,24,49200,575,3.1,238.72,1,0,10.9,0
C04148,55,73218,621,6.9,145.02,0,1,24.0,0
C03053,51,65849,828,4.0,176.96,1,0,18.3,0
C02885,35,60814,738,8.7,332.24,5,1,16.4,0
C02341,37,35215,696,11.6,262.63,2,0,15.0,0
C00375,56,31889,681,0.3,149.31,2,1,25.9,0
C03261,38,70192,530,5.1,178.43,2,2,24.0,0
C02382,38,51317,671,3.4,36.56,1,1,13.4,0
C04310,45,62334,674,1.7,274.35,0,0,11.0,0
C00940,41,61392,703,6.6,133.74,3,0,16.9,0
C04199,59,46103,606,7.0,228.08,7,1,13.5,0
C04166,48,38775,659,0.2,151.72,1,1,12.9,0
C02800,36,57108,516,0.2,273.12,3,0,21.5,0
C02148,58,50609,678,0.9,115.43,2,3,29.4,0
C03818,53,45274,761,8.4,186.37,0,0,13.7,0
C04541,44,38315,701,1.2,58.91,3,2,21.0,0
C04217,40,18000,652,1.2,99.38,2,1,14.1,0
C02069,34,56369,648,2.8,218.57,2,0,18.3,0
C00530,57,59770,671,8.6,191.08,4,0,30.2,0
C04605,29,62786,591,3.6,101.75,1,0,20.3,0
C00637,30,58442,766,5.8,212.82,2,0,20.5,0
C01270,22,42090,767,3.5,79.69,2,1,17.5,0
C00186,38,40206,551,10.6,237.26,4,0,14.2,0
C04350,35,83814,734,4.2,93.96,1,4,20.4,0
C03180,27,73432,794,5.7,22.76,1,1,20.0,0
C03455,53,55771,666,5.7,196.75,3,2,2.3,0
C01798,28,43719,734,3.9,206.3,2,1,17.1,0
C02980,40,45601,609,2.7,117.72,1,1,16.0,1
C01442,41,48796,642,0.2,256.95,0,1,30.2,0
C03428,56,55337,739,8.1,214.95,4,1,24.8,0
C04875,28,18000,655,4.6,124.11,1,1,16.9,0
C01536,22,51165,694,8.8,244.95,2,0,2.6,0
C03444,29,51478,777,0.3,220.85,4,1,23.5,0
C01274,48,59213,684,2.5,20.77,2,2,11.6,0
C02468,48,38675,711,8.0,112.07,2,0,12.9,0
C00608,41,53863,719,4.1,167.72,0,0,20.8,0
C03514,26,73625,685,3.8,182.52,2,2,19.8,0
C01713,56,70786,636,7.5,206.08,2,1,23.1,0
C02200,27,42469,601,6.0,269.82,3,0,15.2,0
C00956,45,67374,761,0.2,55.26,2,2,18.6,0
C02580,43,18000,642,4.8,124.41,1,3,26.7,0
C03898,21,42933,687,8.2,279.75,2,0,23.1,0
C04426,55,72382,654,7.6,195.87,2,1,14.4,0
C03381,54,69480,754,3.4,173.89,3,2,14.8,0
C03686,27,57551,572,3.7,239.0,1,1,11.2,0
C00404,59,69640,721,8.5,224.32,1,1,15.2,0
C02072,46,52606,687,2.2,244.09,2,1,19.4,1
C04756,45,66084,683,3.8,96.13,0,2,26.9,0
C01978,34,44565,732,4.9,130.41,3,0,13.7,0
C00159,41,72684,642,4.0,194.22,1,0,9.3,0
C01749,53,74163,550,7.0,233.9,3,1,23.4,0
C02910,34,68021,664,2.6,184.19,2,2,13.2,0
C03535,24,43744,724,6.1,147.5,4,0,19.5,0
C00903,29,63090,621,2.6,200.76,2,2,20.3,0
C00353,32,63600,781,0.4,132.17,4,0,13.4,0
C01231,53,39292,480,3.5,195.9,2,0,35.0,0
C04671,24,57916,560,5.9,20.0,0,1,21.8,0
C02141,49,62588,755,3.5,149.59,1,1,19.8,0
C00445,41,42737,680,5.3,107.13,3,1,11.2,0
C04949,31,34865,556,4.7,198.59,2,1,16.2,0
C00755,43,46395,706,0.4,71.94,1,0,16.5,0
C01738,24,90337,790,6.0,118.99,0,2,19.9,0
C02972,23,69378,657,1.8,212.9,2,1,17.4,0
C04980,45,33305,692,6.8,260.21,3,0,18.4,0
C02921,34,46750,683,3.0,259.34,0,1,5.5,0
C00312,47,59973,696,1.6,168.95,5,0,14.0,0
C00549,41,47719,639,6.9,97.42,2,1,24.5,0
C04053,51,61768,791,5.7,291.2,1,0,15.4,0
C04762,54,66472,668,4.0,192.23,0,1,16.4,0
C01990,57,67718,625,4.8,119.15,0,0,27.8,0
C00307,33,30714,538,4.4,95.67,0,1,12.2,0
C02336,42,73409,665,2.2,211.14,4,2,6.7,0
C00695,24,52161,720,1.2,234.77,3,0,10.7,0
C02357,37,54785,707,7.4,263.63,1,1,1.9,0
C01928,26,81573,693,2.5,88.84,2,0,18.0,0
C00685,27,65026,623,5.2,242.55,0,1,7.7,0
C00750,27,70878,636,1.3,215.06,1,3,10.9,0
C04009,28,54674,765,3.9,118.29,1,0,13.9,0
C01267,23,52794,762,5.9,276.66,1,1,12.1,0
C03286,39,55485,462,5.6,222.29,3,1,16.2,0
C03530,25,55056,753,6.0,235.35,1,1,28.6,0
C04424,39,71306,658,7.9,169.04,1,2,15.1,0
C03985,55,41433,551,1.2,72.13,3,4,13.5,0
C03084,30,54438,610,4.5,160.99,2,0,9.8,1
C03062,33,36620,756,4.7,99.15,1,2,9.9,0
C03026,46,47826,716,6.2,286.74,4,1,25.5,1
C00971,32,56727,746,1.8,242.84,2,1,22.0,0
C00014,51,26251,676,2.3,267.13,4,5,26.1,0
C00874,25,66608,717,4.0,170.71,4,1,10.4,0
C00809,36,49444,666,6.1,162.71,3,3,9.5,0
C03199,60,71944,700,4.7,231.87,2,0,14.6,0
C00515,59,35964,527,3.0,180.0,0,2,24.0,0
C04473,40,50009,625,4.5,110.97,1,0,17.0,0
C00410,21,78631,628,8.7,276.66,2,3,19.0,0
C03409,47,42378,589,7.3,172.53,3,2,25.1,0
C04343,39,33180,716,6.1,108.58,4,1,23.2,0
C00208,59,42598,675,6.7,185.99,1,3,22.1,0
C03692,46,23731,660,8.1,158.08,3,2,20.8,0
C00459,54,48867,628,9.7,184.52,1,1,7.8,0
C03472,50,57066,765,5.7,75.3,3,1,18.2,0
C02431,26,69055,607,2.7,273.48,1,1,22.5,0
C03658,57,81135,681,2.2,198.86,2,2,13.8,0
C00111,32,23512,665,3.9,108.72,4,0,4.5,0
C04590,32,36804,791,2.1,223.44,1,1,17.7,0
C04045,37,70158,740,11.2,302.13,0,3,18.0,0
C01884,54,28432,691,4.7,113.82,1,0,19.6,0
C01714,50,61840,770,5.1,330.8,1,1,13.7,0
C03959,24,52282,712,7.0,136.28,0,0,13.7,0
C03400,49,65991,601,1.1,157.36,2,0,22.1,0
C00553,54,67292,710,4.4,60.26,3,3,22.3,1
C01440,59,55842,806,8.3,306.26,1,2,20.7,0
C02271,33,68029,556,1.7,116.74,4,3,17.6,0
C03145,51,55987,556,0.7,253.9,4,0,18.8,0
C02822,54,24949,711,6.3,148.7,3,0,17.4,0
C04782,44,63092,652,8.4,202.16,4,1,23.2,0
C01926,26,46152,667,11.3,173.31,2,1,8.9,0
C00635,28,48004,629,11.8,147.71,3,0,19.8,0
C04806,51,47887,619,4.2,116.03,5,0,6.2,0
C00317,50,46997,640,3.9,196.94,0,1,14.0,0
C04218,34,53537,825,9.9,72.51,4,2,15.3,0
C04700,21,48403,753,11.9,138.4,2,1,27.1,1
C01329,48,71357,562,3.1,302.52,1,1,15.9,0
C00428,53,26574,641,5.8,270.41,5,1,19.4,0
C04375,33,53069,647,8.7,241.27,1,1,24.0,0
C00106,52,53376,728,3.0,166.09,1,1,5.6,0
C03042,32,44442,759,0.2,181.44,3,3,15.8,0
C00143,32,59641,597,7.3,161.11,2,4,18.1,0
C02170,60,79883,816,3.7,235.49,3,0,22.1,0
C03459,54,80771,730,4.7,260.07,1,0,35.0,0
C00090,54,70685,712,6.3,87.96,3,1,15.3,0
C02919,54,59376,595,2.7,294.05,2,0,16.3,0
C03238,60,41873,730,10.8,261.24,5,2,18.6,0
C02242,47,32494,537,4.4,213.36,2,0,19.2,0
C03175,60,93025,639,8.1,134.87,2,0,20.3,1
C03413,29,72053,600,8.5,198.26,0,1,19.2,0
C02164,57,48518,668,3.4,269.35,3,1,14.1,0
C02637,34,56496,805,7.6,221.83,4,0,21.9,0
C01950,33,58754,689,1.8,77.25,1,1,28.3,0
C01769,23,53199,581,0.4,255.37,2,1,22.5,0
C04291,23,81777,732,7.9,75.6,0,0,29.5,0
C02273,32,59311,712,8.1,162.53,2,0,25.6,0
C00002,51,48129,767,5.5,251.89,1,1,18.0,0
C03283,59,72211,601,4.2,225.33,4,2,16.4,0
C04958,35,41333,723,4.1,232.59,2,0,21.2,0
C01952,45,48034,613,5.4,96.17,3,1,21.3,1
C00936,58,59873,673,0.2,110.64,2,0,17.7,0
C04297,38,43327,690,9.4,84.95,3,0,24.8,0
C02721,46,26659,647,2.0,226.94,3,2,20.6,0
C04448,28,69121,762,9.9,158.85,2,1,19.0,0
C01110,22,51209,608,3.7,77.12,1,0,16.1,0
C03961,58,48476,564,4.3,208.36,1,1,12.5,0
C00592,57,53562,583,2.5,170.02,1,0,17.3,0
C01696,48,106811,747,6.2,215.48,2,0,16.3,0
C03451,39,63641,638,4.4,125.1,1,1,25.5,0
C02937,51,44971,817,6.0,186.13,1,0,18.5,0
C04205,32,67291,593,5.8,242.64,4,1,27.3,0
C03412,60,54680,726,4.6,108.14,5,0,29.5,0
C01577,42,34651,829,5.9,161.96,2,1,17.9,0
C03955,44,71256,608,7.4,197.18,1,1,16.3,0
C00214,38,61747,696,4.2,279.61,1,1,26.8,0
C00779,31,58826,743,8.9,196.64,3,0,25.1,0
C01416,52,65712,712,6.8,214.74,2,0,21.4,0
C03760,43,30540,701,9.8,222.03,3,0,22.1,0
C02044,50,50196,598,9.7,201.99,2,2,13.7,0
C02849,32,56536,692,3.4,127.46,2,0,13.6,0
C04538,49,36670,687,10.4,214.0,2,1,18.7,0
C03506,56,65431,663,10.1,57.79,2,1,18.9,0
C03814,38,40246,766,6.9,179.49,4,0,10.3,0
C01568,45,80842,726,6.1,217.84,2,2,20.9,0
C00166,53,67356,652,2.9,214.24,3,2,12.4,0
C04715,22,53649,589,6.1,131.56,0,1,30.5,0
C04273,58,26323,546,9.4,190.87,1,1,27.5,0
C04927,36,34296,717,5.0,233.67,1,2,22.2,0
C01344,43,47607,656,2.0,246.33,1,1,23.3,0
C02014,57,58182,794,5.4,265.53,1,1,25.8,0
C00274,59,38709,582,3.5,295.39,2,1,29.8,0
C00072,28,76540,668,6.6,211.66,3,1,22.4,0
C03888,28,28244,683,14.6,108.19,0,3,17.3,0
C01088,60,60279,694,12.9,218.72,3,2,16.0,0
C00395,49,52482,681,1.5,216.5,1,1,11.7,0
C00584,23,59094,689,0.9,153.76,4,1,9.5,0
C01368,39,51317,717,4.4,239.96,2,2,26.4,0
C04988,57,66292,594,10.2,200.54,1,1,22.9,0
C04089,60,33247,618,9.6,281.64,2,2,26.3,0
C02549,39,61431,636,3.3,112.46,0,4,21.1,0
C01014,33,66583,707,1.9,191.44,2,0,18.1,0
C04898,44,55785,581,7.2,260.59,1,1,18.4,0
C03004,59,57414,747,1.1,78.97,0,1,18.3,0
C04789,33,60714,644,9.0,182.57,2,1,20.5,0
C04408,28,35610,696,4.8,173.64,0,1,19.2,0
C03533,23,46694,535,4.1,212.58,2,2,24.9,1
C01764,45,49847,649,4.4,186.91,2,1,11.2,0
C01876,25,56502,549,7.1,195.04,2,2,19.0,0
C01260,53,51518,647,11.3,191.87,0,0,19.4,1
C04531,22,63407,670,5.7,107.82,3,0,10.4,0
C02254,41,55120,800,7.4,189.1,2,0,19.9,0
C02782,58,50870,592,5.8,120.29,1,0,15.1,0
C03593,60,42891,672,3.3,140.46,2,0,19.8,0
C00527,57,54539,661,4.9,261.23,4,0,23.1,0
C04264,51,77497,654,7.2,158.1,1,3,15.8,0
C02947,44,30717,719,7.7,277.7,2,1,15.1,0
C00378,50,39532,791,0.9,202.51,0,1,11.5,0
C01560,55,50387,850,5.8,129.65,2,1,18.3,0
C03821,26,61432,561,5.8,200.47,5,1,15.8,0
C01964,53,29536,573,4.8,94.67,2,2,17.3,0
C04733,51,64287,773,4.9,286.93,4,0,8.5,0
C00349,28,71506,762,6.3,39.18,1,0,10.6,0
C02435,39,46880,824,4.8,81.55,2,1,21.5,0
C02247,44,58980,723,7.5,130.58,2,2,17.1,0
C04167,39,54084,810,6.1,145.63,2,1,14.2,0
C01710,29,46604,694,10.9,182.45,3,1,14.2,0
C01051,41,70052,749,6.6,136.53,3,0,19.5,0
C00591,53,57087,671,0.2,172.14,0,2,4.7,0
C00520,44,31001,615,2.7,205.45,2,0,17.7,0
C04753,53,39820,686,4.2,233.9,1,1,16.5,0
C04309,53,54040,743,8.2,158.7,5,1,23.2,0
C02478,28,35274,720,8.6,291.59,2,0,17.5,0
C01084,43,53318,719,3.5,192.67,0,0,12.6,1
C03589,47,50475,628,4.2,229.52,1,0,10.5,0
C04779,25,43193,671,9.0,243.2,0,0,7.7,0
C04510,59,54380,576,2.3,333.49,3,2,18.1,0
C01295,59,31188,710,3.1,165.33,3,1,21.4,0
C01810,59,69716,592,0.7,71.98,3,0,26.5,0
C00792,39,66119,696,0.5,151.77,4,1,21.0,0
C00793,49,68637,709,9.7,101.31,1,1,13.5,0
C04115,32,54888,769,13.6,112.3,1,1,25.1,0
C01856,55,71442,614,10.8,211.49,2,0,7.4,0
C04758,26,56104,554,2.2,180.47,1,1,12.1,0
C01981,47,57560,627,0.8,96.96,0,0,24.3,0
C03234,21,67745,675,2.6,84.47,1,0,19.6,0
C03909,28,78340,599,3.0,36.31,4,1,8.3,0
C04985,28,44208,619,4.1,125.52,1,2,10.9,0
C03329,36,93077,691,2.4,254.8,0,1,17.7,0
C01531,24,59691,684,5.8,196.82,2,1,6.2,0
C01411,23,37763,600,6.5,87.1,1,0,16.1,0
C04295,58,34473,790,10.2,317.09,2,1,28.2,0
C04649,32,59956,707,3.8,206.71,1,1,12.7,0
C00084,54,46870,800,8.2,178.7,0,1,8.5,0
C00869,38,71312,637,5.5,233.86,3,0,16.8,0
C02351,42,60253,721,0.2,129.79,2,0,12.1,0
C00021,41,48392,652,3.0,235.51,1,1,29.0,0
C03425,45,57658,643,5.4,254.73,1,1,23.3,0
C02796,57,44519,666,5.7,226.02,2,0,13.1,0
C04573,40,42893,676,6.3,136.04,1,1,16.5,0
C01563,30,42430,503,6.3,300.73,3,1,13.7,0
C03094,30,36817,632,7.4,227.19,1,2,19.2,0
C03156,54,75133,601,3.3,143.6,2,0,11.5,0
C00974,39,73426,710,3.5,232.9,2,2,14.2,0
C01711,34,60418,688,4.3,171.9,2,1,20.1,0
C03202,57,42310,636,7.5,148.16,2,2,19.1,0
C04372,27,54175,787,7.9,206.59,1,0,15.8,0
C04820,58,61318,703,8.6,151.54,1,3,18.7,0
C01099,22,51004,784,5.9,143.07,1,0,12.5,0
C04162,36,54129,604,8.3,254.1,3,1,9.6,0
C02845,39,62205,719,4.4,192.63,1,1,12.5,1
C00887,23,26716,837,7.8,241.25,3,0,16.4,0
C04932,50,26917,731,10.5,210.8,1,0,4.7,0
C03679,42,50705,684,3.3,197.18,3,0,16.1,0
C04581,28,74363,655,0.2,51.75,3,1,3.3,1
C03567,37,66450,620,6.9,135.95,5,0,12.5,0
C04402,25,18000,579,2.2,173.1,4,0,19.1,0
C00516,25,54588,572,3.6,190.48,1,0,18.0,0
C04621,45,69039,572,5.7,130.5,1,2,24.2,0
C00738,34,63474,718,9.0,238.86,1,1,1.0,1
C01454,30,59816,620,5.9,96.07,0,1,16.7,0
C03972,58,52863,621,4.1,198.21,0,1,24.1,0
C04701,56,79137,676,4.4,263.33,1,2,22.7,0
C02507,39,53838,736,3.9,241.24,4,1,21.6,0
C02995,51,54913,723,0.8,266.78,3,0,11.8,0
C02127,33,59671,663,6.3,181.79,2,1,7.2,0
C02927,45,54016,584,4.5,127.41,2,1,19.1,0
C04746,33,38919,710,0.2,214.79,1,0,26.5,0
C00907,37,67385,739,1.6,120.55,5,1,22.5,0
C03648,45,47217,570,4.9,242.24,1,1,18.9,0
C01031,40,22937,694,4.0,243.06,0,1,10.5,0
C02508,45,27671,752,3.4,217.32,3,3,33.3,0
C02429,51,39383,738,6.0,114.14,2,2,17.9,0
C00948,26,39294,599,4.0,146.17,2,0,11.6,0
C03807,25,70109,717,6.0,141.05,2,1,8.8,0
C04755,29,67701,680,3.6,283.76,2,1,25.3,0
C00716,52,63200,791,6.7,173.79,2,1,17.0,0
C04056,36,76734,714,9.2,374.33,1,0,28.0,0
C00687,37,55777,589,7.1,207.2,2,0,10.1,0
C00704,27,58587,724,10.2,359.17,3,0,19.4,0
C03342,33,41319,809,3.7,153.59,3,2,14.2,0
C02354,39,48609,593,1.8,117.37,2,2,17.5,0
C02258,47,59025,678,4.9,92.1,2,2,7.0,0
C03552,41,79202,823,7.1,122.06,1,1,11.0,0
C00474,39,68682,839,2.5,135.68,4,0,22.0,0
C00022,35,74838,739,1.0,177.95,1,1,23.4,0
C02753,44,46000,676,6.9,249.45,2,1,14.4,0
C00886,50,54480,837,8.2,109.44,2,1,14.8,0
C02449,52,42177,723,0.6,253.69,1,2,20.4,0
C00918,52,41075,644,5.5,196.96,3,2,21.3,0
C03758,42,52103,599,8.8,155.75,0,0,14.5,1
C03752,52,63312,638,0.2,211.55,5,2,15.1,0
C02240,56,44366,561,6.0,202.09,1,3,14.6,0
C03845,57,46803,813,3.9,305.7,2,0,21.2,0
C03396,52,50806,664,9.3,338.62,1,0,15.5,0
C01266,22,65023,640,2.9,278.95,3,4,21.1,0
C00484,52,50325,802,6.9,164.02,1,1,18.9,0
C04338,34,78039,696,3.5,239.7,1,2,27.7,0
C02964,23,62582,701,3.3,175.57,2,1,16.6,0
C01220,38,31271,498,6.2,196.1,6,0,21.0,0
C00278,52,57695,535,7.1,151.24,1,0,13.3,0
C00989,30,35811,702,6.2,20.0,4,0,16.5,0
C02085,26,68629,696,7.7,196.25,4,1,11.5,0
C01246,60,53716,659,3.7,168.42,3,3,11.7,0
C02383,57,74258,580,5.0,183.18,1,2,14.8,0
C00572,37,70858,760,2.8,253.38,4,2,27.0,0
C01436,25,76099,675,6.7,229.67,0,2,16.3,0
C00994,38,83875,674,6.7,232.93,3,1,7.9,0
C03931,49,28389,636,7.2,100.85,1,2,20.6,0
C03448,43,72803,835,10.9,164.59,2,1,27.2,0
C00586,57,63578,701,3.8,81.46,1,1,14.9,0
C03659,34,59611,721,5.2,105.81,2,0,8.1,0
C02515,25,45050,681,1.3,199.21,4,2,25.7,0
C01350,44,52432,777,9.7,169.65,4,0,21.5,0
C01008,41,65818,715,4.6,23.54,1,0,19.9,0
C00675,45,60003,698,6.6,168.54,0,1,22.1,1
C02413,58,47064,626,6.0,315.77,3,1,22.8,0
C02904,45,54553,690,12.8,281.32,2,0,11.6,0
C00448,59,45052,638,5.0,100.17,2,1,16.1,0
C03835,26,63451,662,4.6,125.8,0,0,15.8,0
C03759,24,54055,684,4.9,214.05,6,1,13.2,0
C03704,57,74306,648,0.7,233.75,0,3,13.8,0
C00360,50,56631,740,1.1,143.44,4,2,21.1,0
C02065,44,51064,702,4.8,202.23,0,1,15.2,0
C04450,56,42247,662,7.9,44.61,2,0,11.8,0
C03811,30,37596,555,9.6,245.8,0,4,17.2,0
C01691,51,75743,653,2.2,95.78,3,1,9.5,0
C04327,55,55446,637,9.1,20.0,1,0,15.9,0
C01549,40,64028,681,6.4,46.27,0,0,19.4,0
C01248,39,35166,649,4.7,159.66,2,0,9.5,0
C01986,52,30169,612,4.6,253.42,3,3,7.7,0
C00295,42,42206,638,0.3,229.56,2,1,14.0,0
C01548,54,44645,780,2.0,272.84,3,0,15.9,0
C02013,27,46364,656,0.9,267.87,5,1,22.6,0
C00589,54,71374,739,5.8,156.1,3,0,23.2,0
C03330,57,59761,745,0.2,148.78,0,1,15.5,0
C02404,43,55368,679,5.0,277.42,1,0,12.9,0
C02130,33,60439,727,10.3,135.22,1,1,13.6,0
C04389,34,60994,657,4.0,78.67,1,0,18.9,0
C02411,42,33012,564,4.3,115.57,3,2,15.4,0
C02720,27,44521,613,3.4,306.82,2,0,14.9,0
C00426,28,44837,666,10.7,186.31,3,0,11.3,0
C02583,32,67371,630,3.8,119.72,1,2,12.4,0
C01055,24,51347,682,4.0,236.04,2,1,23.8,0
C03967,52,39965,641,8.3,194.46,2,0,15.0,0
C04563,21,49992,636,9.8,23.14,3,0,21.9,0
C00557,50,84492,765,7.6,133.18,2,0,5.0,0
C04359,47,65065,697,1.2,107.96,3,0,12.8,0
C03939,49,62678,584,7.0,180.76,2,1,22.1,0
C04713,56,57059,601,3.5,261.17,0,1,18.4,0
C02470,29,56535,612,3.2,46.5,1,2,11.8,0
C04711,32,58180,663,0.2,139.93,4,0,15.8,0
C00356,60,69547,748,9.0,193.97,2,0,25.6,0
C01194,49,34809,628,2.9,115.24,0,1,27.2,0
C01717,46,62999,766,6.4,344.9,1,0,24.3,0
C03417,45,39445,632,8.7,136.15,2,0,16.1,0
C02605,51,61288,673,4.8,183.06,4,2,14.0,1
C04130,37,53857,694,7.2,131.73,0,0,25.3,0
C02829,46,45083,660,7.0,114.06,2,1,11.4,0
C01705,57,49061,687,5.8,251.17,6,2,21.8,0
C02864,45,65696,714,3.0,338.53,1,1,20.9,0
C02619,47,50571,617,7.3,146.37,3,0,16.2,0
C02401,21,68536,772,3.1,62.09,3,0,23.7,1
C02140,37,62014,687,2.4,182.66,3,2,20.0,0
C03240,22,28991,728,2.0,127.66,2,1,14.7,0
C02384,36,26652,653,1.2,104.69,0,0,7.8,1
C03219,60,70030,639,5.8,204.3,2,1,14.7,0
C03936,54,41579,715,4.8,121.4,6,2,6.6,0
C01286,22,65520,678,0.5,255.28,3,0,26.9,0
C03797,48,47730,684,8.3,168.62,1,2,11.6,0
C04895,40,36551,629,3.0,106.06,2,1,10.3,0
C04469,56,30555,697,3.3,144.28,1,1,15.1,0
C02088,47,32517,539,12.0,70.55,1,1,9.7,0
C01890,38,42175,544,3.2,250.0,1,3,16.7,0
C04623,54,53716,640,3.4,201.16,3,1,19.1,0
C01592,34,54736,776,6.6,91.6,2,1,10.1,0
C01347,55,49378,751,6.6,167.14,3,1,16.1,0
C04432,24,47704,581,4.8,107.2,1,1,16.1,0
C02163,37,37897,790,6.0,218.3,0,0,18.2,0
C02397,58,31959,560,0.2,225.11,3,0,1.0,0
C04769,25,40712,625,5.4,113.95,3,2,21.6,1
C02272,33,49630,674,0.2,236.02,1,1,19.0,0
C04491,28,44113,648,5.3,261.55,3,1,8.4,0
C03112,51,62406,641,5.8,131.34,4,0,15.0,0
C01138,35,54075,596,5.7,119.65,1,0,17.7,0
C03896,58,42342,678,4.2,225.46,1,1,22.1,0
C00973,40,57049,752,12.3,223.36,3,0,15.3,0
C00796,32,42210,610,1.0,190.52,4,0,24.3,0
C03021,34,67102,729,3.0,124.77,1,1,7.8,0
C01712,39,75073,798,4.7,80.76,3,2,26.8,0
C03388,50,42831,650,2.8,237.37,1,1,21.2,0
C00037,55,58262,688,7.3,227.5,0,2,26.2,0
C00454,21,67128,823,4.4,210.36,5,2,15.1,0
C00914,60,57484,686,4.3,27.32,2,2,14.6,0
C04082,32,60641,706,9.0,220.38,3,3,15.6,0
C01200,45,32840,657,2.6,211.69,2,1,13.4,0
C01275,51,55693,575,3.4,182.86,0,3,5.1,0
C02376,60,44915,588,1.0,209.92,2,2,11.7,0
C00038,54,54463,469,5.9,172.82,4,1,7.4,0
C00975,26,55120,700,5.0,100.17,3,2,20.8,0
C03196,28,27079,768,2.9,190.98,0,1,15.9,0
C00984,46,66888,764,6.9,115.84,3,1,26.6,0
C03905,55,60745,660,1.5,130.26,2,0,1.1,0
C04070,25,33167,684,1.5,240.33,1,1,22.0,0
C01419,55,29264,823,5.2,335.27,1,0,16.9,0
C03333,30,74656,715,3.1,218.2,1,2,25.7,0
C01561,32,50230,714,3.0,250.07,2,0,5.8,0
C00040,46,53285,704,4.3,179.05,1,2,11.7,0
C01487,27,60270,610,8.0,225.36,1,1,20.9,0
C03884,39,58594,634,7.8,183.05,4,0,26.2,0
C00170,21,44815,632,4.8,80.96,3,1,19.5,0
C01356,40,43769,737,5.0,133.25,3,4,17.5,0
C02786,25,31203,686,2.5,209.75,2,0,13.1,0
C03633,22,85777,704,1.0,168.1,0,2,23.2,0
C04749,55,44516,837,6.5,326.82,0,1,19.1,1
C04005,53,67006,825,6.2,115.26,4,1,8.4,0
C02683,36,58951,766,6.2,251.54,3,1,12.4,0
C04705,50,48333,641,3.5,358.3,2,0,16.3,0
C04026,26,58738,799,0.9,76.39,0,3,8.0,0
C01641,49,42726,640,5.4,253.82,1,2,12.1,1
C01291,30,47680,735,1.3,330.62,0,1,10.5,0
C01381,60,67814,694,2.4,335.12,1,1,20.3,0
C01934,59,35134,698,0.2,271.41,2,0,15.8,0
C00580,25,55199,723,1.5,174.63,2,0,16.9,0
C04221,25,48724,687,4.0,273.2,0,0,24.4,0
C03161,25,51757,748,3.4,144.21,1,1,14.4,0
C02031,43,58865,589,6.6,151.54,2,1,15.0,1
C00893,41,38816,571,6.9,57.69,1,0,18.2,0
C03952,29,35994,646,7.1,125.56,1,2,23.7,0
C00781,56,41281,720,0.2,132.08,4,3,21.5,0
C00160,52,41538,732,5.5,64.87,3,1,32.7,0
C00003,47,66534,759,5.7,181.68,2,3,19.3,0
C02264,41,63276,657,4.0,167.01,2,3,16.3,1
C03217,21,51035,747,6.8,105.42,1,0,21.6,0
C02110,32,79354,721,5.2,179.42,0,1,23.3,0
C00850,45,64306,619,4.5,136.99,2,2,23.1,0
C02738,28,99944,703,6.3,191.17,0,2,23.8,0
C02467,33,60354,697,7.9,308.77,2,0,17.3,0
C03651,25,69866,696,3.8,221.59,2,1,12.9,0
C01597,47,54530,599,6.5,199.75,1,0,17.8,0
C01777,34,104065,695,0.2,195.13,1,1,25.2,1
C01914,52,84320,645,11.5,172.45,2,1,20.9,0
C01044,35,51441,553,4.5,199.2,1,1,18.0,0
C04714,40,36231,734,8.5,222.23,2,1,19.5,0
C01545,30,59252,732,6.9,165.3,2,0,10.4,0
C02737,43,54095,755,9.2,155.45,0,2,23.3,0
C03707,27,37300,644,7.7,118.75,0,2,26.0,0
C04618,44,51202,676,0.2,230.81,3,1,8.5,0
C00054,39,73478,555,4.9,348.92,1,0,14.0,0
C01797,60,39271,548,4.4,74.12,2,2,14.8,0
C01912,56,49561,593,8.0,136.56,2,0,19.1,0
C02307,34,62579,731,3.7,276.3,4,2,10.4,0
C02554,28,41609,667,3.0,262.25,3,0,18.3,0
C02801,52,103619,682,6.7,304.88,3,2,4.2,0
C04087,31,72290,773,4.3,82.46,3,0,18.3,0
C04128,24,37778,850,3.0,286.68,1,2,19.0,0
C00825,45,71222,714,5.8,93.64,0,3,20.4,0
C04734,31,56107,744,3.5,188.26,2,2,18.7,0
C03179,29,47727,577,1.0,127.25,2,0,30.3,0
C03402,57,76692,701,0.2,247.51,1,3,14.4,0
C01390,57,59227,564,3.8,88.05,4,0,21.5,0
C03565,52,30389,709,0.3,48.85,1,0,14.1,0
C04877,37,76959,681,3.7,231.02,4,2,16.4,1
C00885,53,55285,597,5.2,176.57,2,0,21.8,0
C03806,54,65775,761,3.3,323.29,3,1,28.4,0
C01608,44,46876,713,5.0,119.67,1,1,4.4,0
C01595,49,56383,719,3.5,368.27,3,2,18.1,0
C00772,60,73124,603,3.8,197.02,4,0,13.1,0
C02612,58,49153,593,7.0,72.08,0,1,19.9,0
C04662,44,60172,681,2.2,106.33,1,1,12.8,0
C02274,39,57322,684,6.7,151.65,1,1,14.1,0
C01869,22,54570,731,4.3,250.51,2,0,10.6,0
C01086,54,52199,731,7.9,212.92,1,0,17.2,0
C00011,42,69939,783,1.6,150.29,2,0,30.2,0
C03612,48,39221,733,1.4,174.48,3,1,19.3,0
C01326,28,34842,747,5.5,111.56,1,2,15.9,0
C03391,31,68896,644,5.3,146.65,1,0,21.0,0
C01464,23,32550,549,5.3,139.04,4,1,28.7,0
C00807,42,33923,643,3.0,252.65,2,1,18.0,0
C04261,30,47647,622,4.2,164.48,5,1,21.5,0
C03986,34,57957,703,11.5,203.66,2,2,13.2,0
C03772,34,45076,804,9.0,304.11,2,0,22.6,0
C02109,32,81716,651,11.7,177.62,4,0,23.1,0
C04236,22,32225,677,6.5,167.18,1,4,24.9,0
C04957,27,32780,566,3.9,149.95,2,2,13.6,0
C02235,44,79212,668,1.8,220.37,2,0,9.6,0
C03212,32,50016,815,1.5,238.13,2,0,13.2,0
C00964,29,54395,674,7.5,162.8,3,2,17.1,0
C03416,37,73083,690,9.2,222.67,3,1,8.7,0
C03754,31,57050,687,8.1,202.15,1,1,22.4,0
C00399,32,45031,744,8.0,274.92,1,1,33.8,0
C02633,57,67718,707,0.4,88.61,3,0,10.2,0
C04852,50,51324,743,6.3,226.89,2,2,14.3,0
C02997,33,65917,559,0.8,164.4,0,4,24.5,0
C00705,26,59057,707,4.4,126.88,1,0,16.9,0
C00432,50,46942,716,8.8,213.62,3,0,15.1,0
C00293,59,91874,678,10.2,159.75,1,0,20.6,0
C04868,33,57652,633,9.2,223.48,0,4,16.0,0
C00146,55,87380,760,7.5,215.42,2,0,11.9,0
C04394,23,53447,660,0.5,231.56,2,4,11.1,0
C02034,48,60840,734,8.4,243.24,6,1,15.7,0
C04284,38,29096,786,8.5,78.03,2,3,22.0,0
C01166,25,43518,645,0.2,68.05,4,1,13.4,0
C03501,23,67650,683,0.2,235.26,1,1,13.2,0
C02051,27,47822,663,3.7,196.46,4,1,15.1,0
C02625,57,47828,732,4.5,212.2,0,0,19.1,0
C04379,27,59096,661,4.6,146.76,4,2,21.4,0
C00340,59,56417,831,0.8,198.55,2,0,8.9,0
C03880,22,93468,729,3.8,165.41,3,1,20.6,0
C04633,31,41315,618,8.1,164.94,3,1,16.1,0
C02974,60,36838,806,8.5,96.8,0,2,20.7,0
C00266,44,65598,752,2.9,245.74,0,2,13.7,0
C02425,34,37187,625,0.2,140.24,0,0,17.7,0
C01263,38,52869,647,8.2,185.56,2,0,17.7,0
C01772,36,62161,770,4.6,151.82,0,0,18.4,0
C03512,44,66708,683,5.9,85.41,2,0,15.5,0
C00272,21,57429,758,8.4,139.06,2,0,12.2,0
C00697,49,51587,713,7.1,104.81,1,0,17.9,0
C00748,33,37291,641,4.9,172.43,5,0,9.7,0
C00245,46,35808,697,5.1,232.51,2,1,16.2,0
C00318,50,68337,714,5.0,152.59,0,2,17.6,0
C00477,54,35906,622,2.0,242.29,2,0,26.4,1
C02033,24,66372,850,4.5,20.0,1,2,20.1,0
C00958,46,70778,724,4.3,324.81,2,3,11.7,0
C03817,39,50170,696,2.6,128.04,1,1,14.9,0
C00814,32,49939,699,6.6,272.86,0,1,19.3,1
C04533,49,84538,555,8.6,191.99,2,0,12.8,0
C01915,34,60287,655,8.3,234.02,3,0,25.3,0
C04603,33,59108,749,5.5,108.19,2,2,19.4,0
C03488,59,54699,577,3.0,262.55,1,1,10.8,0
C01298,48,64477,589,4.6,218.92,0,2,10.3,0
C04031,42,54284,708,8.2,248.19,5,2,24.8,0
C01805,26,50984,765,10.4,45.13,2,0,17.3,0
C00759,26,61434,770,4.6,156.19,1,3,18.9,0
C00251,28,62429,637,2.7,253.44,2,1,18.4,0
C02462,29,40569,766,0.8,202.18,1,0,16.9,0
C00546,23,79411,635,9.5,106.51,2,1,22.0,0
C03242,29,75566,648,8.8,271.67,1,1,22.8,0
C00739,50,65351,671,5.0,131.12,4,3,17.7,0
C00311,47,64581,717,9.2,217.28,2,1,27.1,0
C03781,23,54550,712,5.2,212.42,2,0,23.8,0
C02942,58,51039,685,9.1,37.82,1,2,16.3,0
C01132,47,57791,682,6.1,258.79,1,0,24.9,0
C01450,25,31023,769,1.2,248.67,1,3,22.0,0
C04920,42,56186,719,6.6,106.61,0,2,19.0,0
C00016,52,35302,669,2.6,199.39,2,2,14.9,0
C03233,48,58473,747,3.5,187.67,3,0,14.8,0
C02770,59,44290,646,12.3,264.12,4,0,21.7,0
C03469,41,62920,759,4.3,293.69,2,1,25.7,0
C00921,55,55450,640,7.3,213.82,3,2,17.0,0
C03030,56,39082,657,1.3,85.54,0,1,19.7,0
C01373,38,78405,668,6.2,132.7,2,1,15.5,0
C03588,48,60847,850,11.1,288.88,2,0,30.2,0
C02545,53,31594,710,8.1,287.68,1,3,17.2,0
C03599,32,66648,642,5.0,179.35,1,1,11.4,0
C00039,32,53496,653,1.4,217.64,2,0,17.2,0
C00364,56,34359,706,2.1,257.34,2,2,18.9,0
C04102,60,80320,732,2.3,62.15,2,1,15.0,0
C00183,40,42748,667,7.6,236.29,1,0,9.2,0
C03034,25,40215,748,2.1,225.26,0,0,23.3,0
C02984,53,89312,763,9.5,212.37,3,2,20.4,0
C01195,42,31662,742,3.0,35.68,1,1,26.0,0
C02853,25,64293,624,0.2,127.85,2,0,4.5,0
C04543,58,45056,602,0.2,186.19,2,2,19.7,0
C01122,24,37145,682,5.1,83.87,4,0,26.7,0
C02236,52,56514,674,8.3,205.3,3,0,19.8,0
C02668,59,66930,629,0.4,101.04,4,1,16.5,0
C03700,51,48232,627,0.2,136.85,2,3,13.7,0
C03224,52,62843,757,7.1,116.08,2,1,17.6,0
C01183,48,73404,667,4.9,280.07,1,0,16.0,0
C04185,23,60084,633,5.8,247.19,3,2,15.4,0
C04294,24,39942,697,8.7,217.73,2,2,15.2,0
C00615,48,72677,651,2.4,189.63,2,0,15.5,0
C04909,52,58011,648,2.1,185.86,1,1,27.9,0
C01467,46,47864,591,5.2,199.47,3,0,7.2,0
C00402,52,45688,708,7.3,168.05,3,3,9.3,0
C03043,34,40212,777,9.4,262.86,1,0,27.6,0
C00935,38,58388,543,5.6,163.6,5,0,23.6,1
C02420,37,56298,688,7.3,320.27,0,2,19.7,0
C04861,23,59859,594,5.3,227.63,2,0,15.4,0
C04911,58,57212,691,4.6,113.33,2,0,14.8,0
C02642,40,43991,675,3.6,180.51,0,0,14.7,0
C04018,27,66337,572,1.5,209.17,0,5,6.4,0
C00727,49,69650,657,2.7,84.39,2,1,23.9,0
C00827,48,52338,850,5.6,86.43,3,1,13.3,0
C01522,49,39334,659,3.3,203.18,3,1,20.8,0
C04857,54,46672,650,4.4,177.85,1,4,20.7,0
C02931,27,54803,699,3.8,190.42,2,2,25.6,0
C00137,45,53696,727,8.6,224.16,2,1,29.3,0
C03591,25,50456,681,2.3,212.96,2,1,10.7,0
C00629,41,74014,830,3.2,205.34,3,2,24.1,0
C00335,39,77568,699,7.7,123.4,2,0,3.5,0
C00391,50,63315,588,3.4,292.2,3,2,10.0,0
C04388,23,37926,673,6.8,174.73,1,1,35.0,1
C04905,28,75562,597,3.7,100.81,0,2,16.8,1
C03833,53,69625,703,0.2,236.4,0,1,14.9,0
C01818,31,68017,581,5.8,113.5,1,0,20.4,0
C00401,60,46484,720,5.5,150.99,0,1,22.5,1
C00711,48,95076,666,8.3,233.16,1,0,14.4,0
C01040,54,71221,769,7.8,191.28,1,0,15.0,0
C03990,40,58085,767,8.4,115.25,4,0,31.2,0
C03360,42,49341,591,8.1,334.41,1,2,19.0,0
C00047,38,66489,592,6.5,102.71,0,0,13.1,0
C01562,31,62045,636,7.3,238.41,2,2,15.3,0
C04800,43,62000,766,1.9,146.75,1,1,13.4,0
C03643,58,82181,765,8.7,48.84,0,0,14.1,1
C03727,25,50299,703,5.7,255.49,4,1,14.1,0
C04983,28,52501,764,4.5,135.53,2,0,32.2,0
C01113,28,63718,671,0.2,131.53,3,1,21.5,0
C02514,51,41439,557,3.3,327.26,3,2,26.3,0
C03609,45,53554,771,4.3,164.21,1,1,9.7,0
C01224,47,57053,683,1.9,106.21,1,2,22.5,0
C04061,26,46611,809,2.1,162.61,1,2,16.9,0
C03024,28,68869,662,4.3,218.12,3,1,22.5,0
C02422,51,50011,769,10.4,57.27,2,0,17.9,0
C01509,55,55389,716,6.9,237.98,3,1,14.1,0
C01751,58,59249,583,5.2,98.52,1,0,15.3,0
C04838,23,55642,801,10.1,203.22,3,0,16.1,0
C04097,42,65191,772,4.1,245.4,1,1,19.7,0
C01800,41,54596,646,6.4,213.3,0,2,6.9,0
C00339,29,60772,602,0.2,303.32,0,0,16.1,0
C00216,31,44499,743,5.5,284.77,2,1,16.2,0
C03664,59,44184,768,8.5,223.74,2,2,20.0,0
C01342,26,55639,798,5.8,250.57,4,2,12.5,0
C00012,60,45931,640,6.9,155.78,1,1,17.8,0
C01521,55,40078,657,1.9,202.34,1,0,7.6,0
C03641,49,66660,635,7.0,190.58,3,1,31.2,0
C03938,39,37434,712,6.1,98.66,0,1,13.5,0
C04428,40,52957,821,5.9,187.64,1,4,12.5,0
C03005,49,52005,679,5.7,150.09,2,2,11.4,1
C02865,24,40263,669,9.3,176.44,0,1,11.6,0
C03116,40,92339,751,0.9,218.62,4,0,23.4,0
C04841,51,49053,629,6.1,253.99,2,1,10.6,0
C02323,34,32528,709,2.7,275.79,1,3,18.9,0
C02572,58,47343,743,6.5,94.09,1,0,23.1,0
C02914,30,52993,794,1.5,109.55,2,1,15.5,0
C00102,28,85310,664,1.6,139.4,3,1,25.5,1
C03550,46,32952,717,4.3,194.26,0,1,19.8,0
C01459,31,30727,794,1.0,176.02,1,0,9.8,0
C00172,24,68956,738,2.9,293.14,3,1,21.9,0
C00108,47,23725,727,11.1,75.56,3,1,21.8,0
C04197,43,46495,622,5.3,98.24,4,1,24.5,0
C03570,30,40309,668,7.7,169.87,2,1,12.8,0
C04992,41,56671,640,3.6,139.42,1,1,11.4,0
C04296,60,77098,735,9.1,174.18,3,3,26.7,0
C04064,41,60970,731,4.1,246.63,3,2,15.4,0
C03862,46,49808,641,8.8,164.08,1,0,21.9,0
C04123,60,49429,695,5.7,55.84,2,0,10.6,0
C04630,35,20820,839,3.7,146.24,1,0,13.2,0
C00061,57,77826,551,3.5,143.97,3,0,19.0,0
C01241,41,36809,588,5.7,249.96,5,2,30.0,0
C04638,40,68136,592,5.4,265.82,2,1,13.7,0
C01041,49,65994,672,2.3,225.61,0,0,23.1,0
C04188,29,34959,692,3.5,119.79,3,1,28.7,0
C02761,26,32955,663,7.9,206.53,0,2,13.7,0
C02121,51,18000,534,6.9,299.74,1,0,20.8,0
C01525,45,31544,703,2.0,20.0,1,1,25.0,0
C03522,34,53725,609,10.3,220.69,2,2,17.7,0
C00154,32,70574,745,13.8,166.6,0,0,25.6,0
C02249,27,53185,639,10.3,210.1,4,0,20.9,0
C00482,54,59152,625,0.2,115.81,1,1,23.1,0
C04234,31,81592,746,5.9,122.83,1,1,16.9,0
C04306,51,52840,690,3.8,201.73,3,0,11.6,0
C03579,56,34954,740,2.8,178.78,2,0,11.5,0
C04126,41,73782,712,4.2,195.32,4,1,12.5,1
C03563,37,52173,621,5.9,283.77,5,1,16.7,0
C03316,54,63496,688,5.0,126.14,2,1,18.5,0
C01763,21,71832,452,4.3,221.71,2,0,19.9,0
C03539,42,18000,610,6.4,294.8,2,0,31.3,0
C04804,52,47480,626,4.2,183.84,1,2,21.4,0
C00751,59,35473,691,0.2,230.41,2,0,16.7,0
C03620,24,60306,709,5.2,122.89,1,0,18.4,0
C01786,30,65570,688,2.5,257.64,2,2,22.7,0
C04271,52,48436,634,6.5,157.69,2,0,22.9,0
C03384,57,46919,639,6.4,218.08,1,0,15.7,0
C04349,51,55978,587,0.9,20.0,0,3,14.9,0
C00406,41,76464,767,8.1,267.92,1,0,28.1,0
C00758,36,71567,623,4.0,74.56,4,2,19.5,0
C02712,21,62424,700,3.7,240.86,0,0,12.3,0
C02671,52,67050,738,6.1,145.07,0,1,9.6,0
C03984,47,51065,729,8.3,131.2,1,1,21.0,0
C00098,48,66812,639,0.2,86.93,1,0,15.7,0
C01334,53,26714,690,10.6,261.82,2,2,17.0,1
C04452,31,36946,685,4.7,171.95,0,1,21.4,0
C02792,27,60038,764,5.0,289.69,2,0,21.7,0
C02855,49,43504,726,4.5,90.15,1,2,30.3,1
C00187,27,54165,653,2.3,219.16,4,1,8.9,1
C04004,38,76948,640,5.0,133.08,1,0,13.4,1
C02724,36,88477,656,10.9,232.18,6,1,22.7,0
C03584,33,21966,783,3.4,162.32,4,3,18.3,1
C02059,36,44484,679,2.1,124.3,2,2,17.5,0
C01320,36,72546,699,6.6,287.92,0,1,13.5,0
C00149,53,30877,677,4.5,165.99,4,1,17.4,0
C00029,42,41386,766,5.9,161.83,1,1,14.9,0
C04141,50,67669,558,2.9,246.91,0,0,27.0,0
C04010,25,45035,663,1.9,133.1,4,1,19.0,1
C03364,53,39835,691,2.1,169.42,2,0,24.3,0
C00693,58,63062,712,5.4,20.0,2,1,8.8,0
C02867,33,62379,662,2.9,231.66,4,1,24.8,0
C03777,42,55308,590,6.3,146.46,2,1,15.4,0
C01387,43,52333,599,10.5,161.36,1,0,13.0,0
C01846,45,31392,694,1.2,157.87,1,1,20.8,0
C04731,57,61666,642,5.3,328.97,5,0,14.1,0
C00130,46,60719,667,6.2,166.46,2,1,17.8,0
C01600,49,52760,667,6.0,232.24,2,2,18.3,0
C03630,54,18000,464,5.1,132.7,1,1,8.4,0
C04504,51,66502,721,2.6,191.46,4,1,18.1,0
C00702,45,53291,663,11.8,157.24,5,2,17.6,0
C03983,47,73632,644,5.1,56.0,2,1,17.4,0
C03029,29,59038,648,0.2,222.19,1,4,22.5,0
C02970,46,30351,565,6.6,112.52,1,2,19.1,0
C04357,59,53152,634,5.2,129.29,3,1,17.8,0
C01709,30,44721,713,4.3,79.29,2,1,16.5,0
C02954,38,72825,736,0.2,173.01,4,2,15.1,0
C00455,44,46593,643,4.0,136.7,1,0,14.0,0
C02869,55,54604,610,5.4,141.56,0,1,22.9,0
C02041,32,80406,613,7.5,323.84,1,3,14.1,1
C01773,35,80787,690,5.8,169.14,3,3,16.2,0
C02316,21,97862,464,0.6,275.82,4,2,23.8,0
C00610,55,37925,688,3.1,234.05,1,4,20.8,1
C00168,27,49117,643,4.7,69.64,2,1,23.2,0
C00731,50,67946,632,5.3,226.97,3,0,7.8,0
C04249,57,47527,629,1.2,172.46,3,1,26.2,0
C03359,28,50336,647,1.9,158.41,6,0,24.9,0
C02075,48,39156,640,11.5,160.71,0,2,15.0,0
C04040,35,46595,584,3.4,155.26,2,0,14.0,0
C03701,27,47281,583,0.2,49.3,3,3,13.3,0
C01623,57,53590,563,0.2,91.69,5,1,31.9,0
C00588,24,60357,694,7.8,233.36,2,2,21.3,0
C01402,30,96093,510,4.1,140.08,3,1,13.5,1
C03046,56,19682,683,3.9,165.04,4,1,10.3,0
C03225,45,46672,632,4.9,161.35,0,0,13.3,0
C01701,31,56415,651,5.5,192.43,1,1,13.7,0
C03089,30,60357,689,4.3,229.81,1,0,23.3,0
C04391,28,60213,567,9.3,123.8,0,0,32.2,0
C02982,23,56484,688,9.6,63.67,1,0,19.7,0
C00041,27,56607,713,7.8,165.46,3,1,16.7,0
C01380,42,51163,600,8.2,191.89,3,4,32.0,0
C02090,21,60495,793,3.0,267.21,1,0,14.1,0
C02176,51,54371,695,4.1,243.75,2,2,16.9,0
C03218,38,59293,509,9.9,100.79,4,0,17.9,0
C02886,27,60985,718,5.8,236.23,2,0,22.5,0
C00075,48,51771,495,0.2,226.08,2,1,14.0,0
C03910,57,52167,726,1.4,221.34,1,4,21.5,0
C04965,58,67147,763,4.5,81.37,0,1,15.8,0
C02658,31,52967,560,9.8,127.53,1,0,21.7,0
C03181,29,61035,748,5.7,184.08,4,0,26.8,0
C02077,39,52932,712,4.5,159.65,5,1,22.5,0
C00442,33,57125,583,2.9,264.98,4,3,22.2,0
C04052,36,68020,672,5.3,192.72,0,1,4.8,0
C02052,33,22715,810,2.1,185.81,1,2,22.9,0
C02542,59,59135,701,10.5,220.58,5,2,25.9,0
C03307,32,71757,676,0.6,183.14,2,0,13.9,0
C01302,37,68500,706,6.1,75.78,2,1,17.6,0
C01782,34,84252,623,8.9,283.09,1,0,17.3,0
C04815,50,56092,717,9.2,247.78,2,2,2.7,0
C03431,30,47468,644,3.1,259.03,2,1,15.7,0
C01305,45,50770,552,5.9,140.84,1,2,8.1,0
C00237,47,69935,672,6.2,207.45,4,0,17.7,0
C02600,36,75586,566,8.3,266.07,5,0,19.3,0
C00521,35,76149,667,7.6,131.5,1,1,27.8,0
C02574,36,68251,666,5.6,160.24,3,2,14.4,0
C03281,24,29343,693,0.2,30.49,3,1,15.0,0
C03187,51,18000,664,9.5,253.83,3,1,11.3,0
C02769,40,63061,701,3.3,149.65,5,1,10.6,1
C00736,47,32529,567,3.4,195.91,4,0,23.4,0
C04704,55,61524,652,11.6,167.36,2,1,20.2,1
C04930,29,44112,743,0.2,81.02,2,1,14.0,0
C02107,51,44673,850,5.3,154.45,1,0,17.8,0
C02680,35,77226,586,3.0,212.41,3,2,14.4,0
C03230,54,47378,542,7.2,126.74,1,1,22.9,0
C02762,38,39992,795,5.0,159.4,1,0,23.1,0
C00593,30,42477,699,4.2,158.7,2,0,12.9,0
C01304,56,74490,527,9.1,94.53,0,1,25.2,1
C01388,34,43378,780,4.7,193.17,3,0,14.1,0
C04696,54,67640,688,8.2,218.17,1,3,6.2,0
C04527,21,37470,710,10.7,65.89,1,0,18.6,0
C03948,35,54850,619,4.0,168.98,0,1,10.6,0
C01891,28,57274,685,5.9,196.67,2,1,21.3,0
C02988,52,70282,633,6.0,128.58,3,0,6.9,0
C04925,34,65303,582,6.1,185.17,2,0,17.7,0
C03298,57,64805,726,6.2,170.67,2,2,20.1,0
C00905,39,55974,697,7.9,189.67,3,0,11.0,0
C04610,38,27914,684,6.1,124.73,3,0,19.1,0
C01280,55,75805,729,1.9,223.36,2,1,20.7,1
C00934,46,50829,815,12.9,101.45,2,0,13.6,0
C04900,44,27139,744,4.6,106.43,3,0,19.5,0
C02309,33,81774,594,2.3,336.54,4,1,9.6,0
C01556,27,68428,602,8.2,119.63,0,2,22.1,0
C04534,51,31256,555,2.2,216.85,0,2,13.7,0
C03191,21,61692,609,0.8,217.19,1,2,18.8,0
C04442,35,39542,621,5.3,200.93,2,1,26.3,0
C00707,21,61277,628,2.8,234.7,2,0,21.4,0
C04691,21,43439,688,0.2,195.81,0,1,20.2,0
C03071,37,56125,685,4.6,20.0,1,1,15.9,0
C00746,35,42672,799,8.5,57.88,3,2,18.2,0
C03595,30,86997,606,0.2,191.58,2,1,9.0,0
C01940,29,49294,730,4.7,175.38,2,0,18.0,0
C04401,36,50512,602,7.7,154.86,0,1,23.0,0
C02863,54,75265,581,4.7,297.55,1,1,19.7,0
C03997,22,73588,611,4.9,141.6,2,2,24.8,0
C00514,53,84264,666,7.1,200.64,1,0,15.3,0
C00082,38,49429,709,5.8,116.02,1,1,25.3,0
C04977,43,63238,687,5.6,146.72,2,3,21.4,0
C01309,37,51589,740,8.6,127.75,1,1,15.7,0
C04615,43,70916,719,6.8,160.56,1,2,20.1,0
C00915,44,54161,622,11.7,126.17,1,1,22.8,0
C03453,39,61507,681,5.0,116.68,0,1,17.8,0
C03696,46,60331,669,6.8,178.35,1,0,7.3,0
C04805,48,40466,726,3.9,45.41,2,0,14.0,0
C03157,51,64493,696,7.5,246.42,2,0,15.6,0
C02199,43,54365,735,1.9,296.4,4,0,21.6,0
C04233,45,63221,621,10.3,197.19,2,1,11.7,0
C00775,54,76405,592,0.5,188.14,0,1,6.7,0
C00330,43,94521,602,7.2,46.92,1,2,8.2,1
C02055,49,32679,539,2.2,106.88,3,0,21.5,0
C02002,23,55290,640,10.7,231.31,4,1,7.1,0
C00944,39,47337,773,2.5,242.24,2,0,11.4,0
C00823,26,50304,656,5.9,128.79,2,0,18.4,0
C04528,24,50671,757,7.0,173.11,2,0,15.9,0
C00910,24,18000,513,2.1,210.05,6,0,26.5,0
C02517,48,58818,726,10.2,119.15,1,0,23.3,0
C00182,27,76993,562,9.0,46.07,0,1,21.8,0
C00165,37,29979,674,5.3,245.92,1,1,21.5,0
C01524,27,39479,601,0.2,156.68,2,0,21.6,0
C00452,57,56179,736,3.8,210.15,2,1,11.7,0
C02539,42,33418,747,4.0,242.55,2,0,22.1,0
C04138,31,61235,803,8.0,129.98,2,2,14.4,0
C04776,22,54017,755,8.8,179.72,1,0,24.1,0
C01312,34,35922,765,5.6,262.84,2,1,18.2,0
C03150,25,59804,624,8.2,143.66,0,1,18.9,0
C01112,30,61146,744,7.7,226.35,2,1,24.5,0
C04548,54,55513,651,5.4,172.71,4,1,14.3,0
C04086,46,50413,641,2.5,162.29,0,0,26.5,0
C03490,49,37580,558,4.5,158.07,3,1,18.2,0
C01288,30,49378,670,8.8,284.66,3,1,19.2,0
C04178,49,60887,767,6.5,242.43,2,0,18.0,0
C04646,37,29727,685,3.1,170.43,1,0,19.9,0
C03681,49,66726,621,4.2,198.76,4,0,28.7,0
C04512,41,64319,648,6.7,217.89,1,1,17.3,1
C04169,41,80256,710,0.2,144.25,2,0,11.3,0
C03301,46,27719,603,10.9,280.44,3,1,19.5,0
C03311,41,42283,728,2.4,153.24,4,3,24.5,0
C04557,27,44212,593,5.3,192.74,2,1,30.6,0
C03126,56,49846,629,4.5,198.84,0,1,14.1,0
C00328,22,52544,754,9.4,189.31,5,1,22.9,0
C01791,44,58065,737,2.3,26.27,3,2,14.7,0
C02491,34,58852,677,4.3,202.42,3,0,25.9,0
C02007,38,34836,826,5.4,175.22,3,0,17.6,0
C02008,27,61092,768,3.0,222.46,3,0,25.2,0
C01859,41,55154,636,0.2,129.54,2,2,27.7,0
C04686,50,57219,650,5.1,168.73,1,2,20.9,0
C00313,25,66252,642,7.2,102.93,0,0,16.2,0
C00833,39,43505,730,8.2,177.94,2,0,15.5,0
C03080,38,33851,727,8.0,35.79,2,0,24.9,0
C04718,60,60065,643,0.2,171.85,3,3,7.8,1
C03463,55,65749,668,8.3,237.0,2,2,18.4,0
C01202,40,49104,719,8.3,213.62,4,0,20.6,0
C04392,53,47203,693,5.2,220.23,2,1,10.0,0
C03548,56,50291,712,8.6,343.26,3,1,23.7,0
C04923,43,75240,604,6.7,213.06,4,2,13.3,0
C02135,38,49704,607,3.9,204.65,1,0,20.9,0
C03452,23,80110,662,2.7,163.53,0,3,13.9,0
C02210,26,53743,517,4.6,189.18,1,1,3.9,1
C01902,42,21172,680,5.9,121.87,2,2,14.5,0
C01482,21,33674,646,3.1,29.42,2,0,13.4,0
C00778,25,27338,804,4.0,143.88,1,0,20.0,0
C00800,38,60054,651,8.4,126.7,0,0,19.1,0
C03715,50,59299,671,5.2,254.41,1,0,6.7,0
C03943,58,46949,748,0.2,152.78,3,3,20.7,0
C00055,40,63296,746,7.7,143.24,1,2,22.5,0
C02973,44,51119,516,4.0,156.9,2,0,5.8,0
C03336,30,31938,715,6.5,183.23,2,1,12.3,0
C01921,36,61725,733,4.1,88.56,1,1,18.5,0
C03716,32,45451,850,5.7,20.0,3,1,14.2,1
C04647,50,67477,641,10.3,183.66,3,3,23.8,0
C00947,59,43065,664,3.9,301.04,2,4,16.7,0
C01702,28,84916,614,0.2,176.71,1,0,19.4,0
C03294,32,72018,596,3.4,257.65,1,1,15.6,0
C02162,30,74456,749,8.0,198.52,3,1,22.4,0
C01137,49,56177,611,1.7,150.33,0,1,12.6,0
C00988,33,56607,668,7.7,192.84,3,1,18.6,0
C02550,26,71162,793,6.3,303.54,2,1,20.4,0
C00194,35,46222,697,3.8,268.67,4,1,7.3,0
C03058,26,43863,661,7.8,275.06,4,0,17.3,1
C03247,51,50965,730,3.0,143.9,2,0,23.4,0
C01395,29,34259,541,9.6,273.49,3,3,21.5,0
C02638,50,51688,689,3.3,221.48,1,2,27.8,0
C00769,26,70255,590,9.7,198.97,3,0,17.5,0
C04703,42,69595,692,4.5,253.51,4,0,23.3,0
C03091,34,41586,618,4.9,166.5,2,2,2.1,0
C03496,42,32746,839,8.1,334.83,1,4,28.8,0
C03216,31,58664,590,2.9,152.03,2,1,8.0,0
C00286,58,35471,671,0.5,255.01,2,2,15.5,0
C04939,32,71359,650,8.1,200.56,3,0,19.6,1
C00429,22,56755,680,1.6,151.95,2,0,9.7,0
C04449,43,53615,621,7.1,142.31,1,2,18.9,0
C02333,31,53928,565,6.5,93.27,2,0,20.4,0
C02718,48,57652,558,5.1,156.37,2,0,14.7,0
C02080,26,37190,746,3.6,152.37,2,2,19.8,0
C03390,48,25320,664,7.5,239.01,2,0,16.5,0
C00723,54,41234,585,4.7,90.51,1,1,15.2,0
C00952,33,51097,715,5.7,229.6,1,1,14.1,0
C04384,43,34322,739,9.6,285.53,2,2,28.3,0
C04367,27,55750,703,4.7,72.25,2,0,20.7,0
C02263,22,42899,631,2.2,202.22,4,0,29.4,0
C00990,52,62893,740,0.2,206.74,1,0,16.2,0
C03213,34,55111,715,5.9,229.71,0,1,15.6,0
C01760,44,51140,660,7.0,264.56,3,3,26.6,0
C04580,32,77373,740,2.7,177.23,3,3,18.1,0
C00327,30,51335,663,11.0,133.72,4,0,19.4,1
C02609,42,55468,750,3.7,148.96,0,0,22.3,0
C01384,56,38122,728,4.8,161.44,0,3,4.9,0
C01725,42,70923,606,9.3,120.07,4,3,14.3,0
C01087,53,74605,700,4.7,21.0,0,1,18.7,0
C02524,37,60094,753,3.8,76.03,0,0,30.4,0
C00342,32,54153,722,4.8,199.99,0,0,16.8,0
C03702,30,44837,687,6.1,210.66,2,2,20.7,0
C00148,30,65695,651,1.7,28.96,2,2,23.1,1
C00689,38,47102,725,8.3,184.46,2,2,14.4,0
C03433,29,74218,710,10.3,221.03,3,1,19.7,0
C01108,57,29439,746,2.1,165.19,5,2,22.5,0
C00849,53,46255,722,10.6,278.12,2,1,21.9,0
C00967,45,56941,626,0.2,212.33,5,0,19.5,0
C04728,56,47674,613,3.2,149.66,1,0,19.7,0
C01493,22,56022,774,9.4,208.84,1,1,6.4,1
C03954,39,65825,693,2.8,203.05,2,0,16.9,0
C02204,34,51456,718,5.7,286.53,0,2,20.1,0
C02714,41,23241,743,6.0,122.31,0,0,16.9,0
C00662,50,56977,752,2.3,294.83,3,1,32.8,0
C01003,43,46926,587,5.8,247.55,0,1,5.8,0
C00063,35,68579,628,4.2,105.59,3,0,15.1,0
C00285,38,37456,660,4.1,62.28,1,2,24.6,0
C02225,37,18000,601,2.3,197.83,4,0,14.6,0
C04707,39,73138,671,6.9,196.87,1,1,3.7,0
C01880,25,48363,797,7.6,256.83,2,1,17.8,0
C03573,48,70967,759,3.6,67.25,2,1,11.4,0
C04858,46,53221,792,2.8,124.25,4,5,7.4,0
C01204,51,55775,661,6.0,326.67,3,2,22.4,0
C01991,42,48656,617,8.3,20.0,5,2,17.3,0
C00025,52,48085,694,3.6,60.76,4,3,15.4,0
C04853,25,55734,684,6.8,207.93,0,2,14.6,0
C04103,28,18000,628,10.2,177.53,3,1,6.6,0
C04168,28,55958,611,0.2,162.49,0,0,17.7,0
C00763,58,70313,616,0.2,146.41,1,1,25.9,0
C00876,41,50303,670,10.8,166.12,1,2,9.9,0
C04743,38,41405,714,7.7,218.33,3,1,26.4,0
C00939,39,53898,665,8.5,220.21,3,0,26.0,0
C02688,43,34493,600,1.6,209.01,2,1,19.3,0
C03601,38,68152,680,3.8,202.31,0,1,15.0,0
C02395,39,57812,664,5.0,159.47,1,2,13.5,0
C04568,49,49101,494,7.3,153.33,1,0,16.0,0
C04981,57,62389,606,8.6,135.64,3,0,13.3,0
C04125,52,44422,677,11.1,128.8,2,2,16.4,0
C04565,56,33180,682,4.1,143.08,2,2,26.9,0
C00386,25,69710,829,7.0,70.73,3,1,26.5,0
C03878,30,47455,804,5.9,301.1,2,1,31.3,0
C04371,43,46898,611,4.2,81.29,3,1,20.3,0
C04570,29,45076,671,0.5,142.25,2,0,18.6,0
C00537,39,52066,681,9.6,142.42,2,4,14.6,0
C02292,33,68497,645,4.8,204.79,0,1,19.2,0
C04666,54,69854,598,9.6,98.18,6,0,7.1,0
C03875,45,34423,554,8.7,262.7,1,2,13.9,0
C00937,27,83176,782,6.1,164.03,1,1,14.6,1
C03738,42,49283,659,9.3,215.71,1,1,3.7,0
C04729,25,78161,606,0.6,325.21,2,1,21.0,0
C02361,46,84655,653,1.4,231.82,3,0,16.5,0
C03508,53,61402,759,2.9,333.02,1,1,23.5,0
C00202,57,47295,776,5.2,210.5,4,1,22.6,0
C03209,37,46778,738,7.9,238.25,1,2,13.0,0
C01333,37,53932,701,2.9,216.09,2,3,18.4,0
C03017,42,39053,753,8.9,96.42,1,0,26.2,0
C03503,33,70734,544,8.3,266.58,4,1,15.4,0
C02709,50,64922,695,2.5,191.7,1,2,17.3,0
C04022,22,57192,537,6.7,227.38,1,3,16.9,0
C01855,25,48349,672,2.3,176.08,1,2,16.3,0
C04470,50,42363,687,9.3,213.31,2,1,17.3,0
C02873,53,26027,727,0.8,88.05,2,0,14.9,0
C03031,50,41776,587,0.2,326.05,4,2,10.9,0
C01206,57,58850,783,4.5,20.0,2,1,11.2,0
C01646,32,55924,693,0.2,126.05,0,4,20.2,0
C03418,56,62240,763,6.4,121.16,4,2,17.2,0
C03477,42,95658,657,1.5,58.32,2,2,18.1,0
C02862,58,50332,650,1.5,112.84,1,1,20.2,0
C01793,34,53819,668,5.3,28.5,3,1,30.0,0
C03798,23,73398,659,1.7,108.19,2,1,16.3,0
C03369,37,66566,828,3.5,118.93,1,1,15.4,0
C03368,32,68251,831,0.7,202.85,1,0,23.2,0
C03534,60,33969,682,4.7,130.32,3,1,21.1,0
C03450,40,51750,757,1.6,196.25,6,1,13.0,0
C00604,26,76353,750,7.3,121.9,3,0,8.9,0
C03057,53,38640,635,6.3,136.76,4,3,19.9,0
C04532,26,62983,733,4.9,42.33,1,1,14.6,0
C00127,24,77101,641,5.8,151.32,2,1,20.2,1
C03877,48,56540,695,5.3,324.84,2,3,11.7,0
C02936,30,44993,641,5.3,148.79,2,0,20.6,0
C03532,23,46532,684,7.7,224.53,4,1,8.0,0
C02731,59,86734,666,3.3,183.57,1,1,12.8,0
C00828,56,49342,723,12.6,173.13,2,0,12.6,0
C01640,31,54704,704,4.1,134.56,2,1,9.8,0
C00985,44,30924,686,0.2,202.48,0,2,12.5,0
C03282,51,46848,671,3.7,190.59,0,0,25.9,0
C04972,36,43715,781,0.2,65.61,4,0,18.6,0
C02189,39,59699,717,6.7,243.4,0,0,5.9,0
C04613,52,77433,648,2.6,100.61,1,2,25.4,0
C02444,29,72690,628,6.1,131.15,1,2,8.8,0
C00363,29,59175,688,7.5,141.81,2,1,21.3,0
C02350,41,41789,666,3.1,127.91,6,1,19.6,0
C00346,31,53372,572,2.6,241.58,4,1,14.3,0
C00815,52,56612,571,1.6,194.49,1,1,11.0,0
C03206,48,33546,738,0.9,85.56,1,0,20.4,0
C04161,37,52815,645,7.7,108.58,3,0,10.0,0
C04796,28,40867,775,4.3,134.23,3,1,10.0,0
C03326,52,63777,728,0.2,252.63,0,0,21.2,0
C04107,25,51125,658,6.2,197.98,2,1,13.5,0
C02117,59,59777,769,0.2,278.29,1,2,19.3,0
C01835,37,76127,591,10.2,132.32,2,1,22.8,0
C00794,54,37726,694,0.8,233.05,6,3,15.1,0
C04947,35,43823,626,3.5,158.19,1,2,20.0,0
C02675,58,57569,609,4.6,195.72,2,1,16.3,0
C00095,56,62204,612,6.2,141.32,1,4,17.0,0
C03757,46,57178,609,2.0,183.75,1,1,15.9,0
C02892,43,68386,709,3.9,231.63,2,1,4.2,0
C02372,53,52791,679,8.8,20.0,0,0,23.0,0
C04150,36,47137,603,4.9,139.09,3,0,16.3,0
C04433,56,55016,657,8.2,187.46,1,0,19.0,0
C03229,50,50078,663,2.0,176.12,3,0,15.3,0
C02854,24,60960,663,8.5,300.73,3,0,15.9,0
C02913,39,48561,752,0.2,212.28,4,1,31.0,0
C01866,37,55568,624,1.3,275.51,5,1,16.9,0
C01858,44,46079,675,0.2,219.38,2,0,11.0,0
C02646,21,62197,671,4.8,293.21,2,1,30.9,0
C02244,25,46106,763,9.2,121.21,2,1,21.6,0
C02337,39,42247,699,3.0,334.5,1,3,18.4,0
C00951,24,41442,633,0.2,251.39,0,1,13.8,0
C03069,26,48890,570,0.8,225.33,0,1,17.5,0
C01121,21,65760,689,5.9,229.84,3,2,20.3,0
C02598,49,27876,830,5.1,237.38,4,1,13.3,0
C02205,39,40831,793,6.5,195.7,1,2,12.8,1
C00420,41,36139,677,3.0,231.14,0,1,18.6,0
C00923,38,59547,701,9.2,230.06,1,0,19.6,1
C01255,46,54243,583,0.7,208.64,1,0,25.9,0
C00478,21,45333,563,8.2,169.15,3,2,14.2,0
C02036,54,54371,637,3.2,92.93,3,0,9.6,0
C01203,60,75511,648,0.5,23.36,1,1,15.6,0
C02627,60,83707,705,8.0,109.3,1,1,13.8,0
C04819,42,63326,620,4.4,277.83,4,1,17.4,0
C01971,54,73540,666,5.4,213.62,3,2,17.8,0
C03111,42,58694,744,6.7,152.84,3,1,6.1,0
C04019,28,56169,555,2.7,83.18,4,4,17.3,0
C02152,33,59955,649,0.2,161.07,4,0,24.9,0
C03688,58,32947,588,0.6,52.19,0,1,26.3,0
C01998,60,39696,591,9.0,270.03,1,1,18.3,0
C04034,32,51286,850,5.3,384.25,1,0,18.2,0
C03055,52,47605,715,8.2,296.38,2,0,23.7,0
C01249,34,74242,737,10.5,232.39,1,0,28.7,0
C02193,32,47922,602,7.0,211.15,5,1,20.6,0
C02713,58,45638,672,5.7,20.0,0,1,20.2,0
C00993,28,50739,748,6.1,207.66,4,1,24.6,0
C02191,35,18000,625,2.1,373.54,3,0,13.4,0
C03763,44,70391,733,7.5,167.15,3,1,21.8,0
C03598,43,34829,697,7.2,203.67,2,1,25.0,0
C01319,38,54024,778,7.3,138.33,2,2,22.3,0
C01864,35,19329,589,5.0,187.1,2,0,18.3,0
C02344,50,63689,720,9.8,181.56,1,0,20.0,0
C02450,27,53646,817,9.3,276.48,2,3,15.6,0
C02137,42,57231,733,5.8,344.0,1,1,11.3,0
C01066,36,34092,654,3.6,111.32,1,2,15.8,0
C04961,36,26635,678,8.3,221.61,2,1,26.9,1
C02622,36,68364,611,4.2,258.99,2,2,9.0,0
C00078,30,27993,713,7.4,215.53,2,1,13.0,0
C02899,52,53794,667,2.3,40.87,1,1,12.8,1
C01315,57,48338,779,5.8,245.15,3,0,18.1,0
C04373,30,57010,599,4.8,237.68,3,0,20.3,0
C00873,25,72029,821,1.1,138.95,1,1,20.9,1
C03851,50,36231,663,3.6,201.19,1,3,18.5,0
C04788,21,44833,615,7.6,302.13,1,1,13.8,0
C02966,44,74308,689,7.4,48.67,2,1,23.8,0
C03392,41,43440,735,9.4,208.62,1,0,23.6,0
C02561,44,30227,783,6.2,231.19,1,3,16.1,0
C04897,55,52051,736,3.2,253.11,2,0,13.8,0
C02636,22,45421,665,0.2,213.36,4,2,5.5,1
C03531,36,49075,764,3.5,132.74,4,0,33.1,0
C00376,24,59484,750,4.7,121.37,0,2,23.3,0
C01909,22,39592,608,1.8,190.64,4,4,16.5,0
C04333,55,36482,684,5.2,117.81,4,2,18.7,0
C04380,58,72582,595,6.5,191.53,2,3,8.0,0
C04028,38,39945,668,6.4,226.36,2,0,11.7,0
C01605,25,68341,589,5.2,206.6,2,0,10.4,0
C01119,49,75719,595,4.6,105.09,1,1,26.6,0
C03678,51,51035,629,0.2,189.84,1,1,31.7,0
C03491,25,38177,657,8.9,87.47,1,1,11.4,0
C04865,56,42158,766,7.2,155.25,2,0,21.8,0
C02959,41,58544,652,6.9,202.15,4,1,15.7,0
C01995,51,59997,673,2.3,165.31,2,3,17.1,0
C04956,28,78207,727,8.3,177.97,1,0,11.7,0
C04356,53,70758,604,1.5,104.28,2,0,8.6,0
C02377,55,77046,621,4.1,258.66,2,1,19.2,0
C01343,25,81718,585,6.2,204.8,2,1,16.2,0
C00321,33,27680,719,6.4,57.71,1,1,26.2,0
C01620,60,61229,744,8.6,119.02,4,1,14.6,0
C03714,29,69825,745,6.3,229.6,2,1,21.1,0
C02061,56,66243,660,6.4,125.48,0,2,21.2,0
C02220,28,68285,699,5.2,170.75,4,0,16.4,0
C01674,51,43996,622,6.2,244.3,1,1,23.4,0
C00261,52,61005,803,11.2,226.71,3,0,20.5,0
C04418,27,56145,743,6.3,196.85,5,2,19.8,0
C02040,38,45385,717,2.2,243.88,3,1,23.5,0
C00902,22,57664,700,4.9,191.33,1,2,21.3,0
C03745,30,52426,468,3.0,20.0,3,1,18.6,0
C02027,45,81784,692,4.4,252.88,1,1,20.1,0
C01918,40,46054,634,3.3,264.92,2,1,33.0,0
C01829,45,60906,658,13.6,225.23,1,0,21.1,0
C01574,53,55078,640,5.0,214.1,3,1,13.6,0
C04395,41,81613,691,0.2,262.79,0,2,31.2,0
C04209,30,61346,627,8.2,145.5,2,1,18.3,0
C00225,49,65366,695,2.6,185.26,3,0,27.2,0
C00724,25,37174,651,9.7,162.77,1,2,22.4,0
C04486,35,67196,632,5.4,196.26,1,0,5.0,0
C01142,34,58048,630,8.4,109.01,3,1,24.7,0
C02763,35,49091,670,1.1,39.4,4,1,24.9,0
C00847,27,47579,651,3.9,96.4,1,0,20.7,0
C02552,33,66710,686,1.3,224.89,4,2,24.3,0
C02929,28,56137,833,9.8,291.7,1,1,16.8,0
C00118,26,80236,655,5.2,286.09,2,0,24.1,0
C00646,34,45024,850,11.0,180.44,3,2,22.5,0
C00004,38,67287,681,1.2,184.13,1,1,21.3,0
C04171,35,56223,757,5.8,269.29,3,1,27.2,0
C00468,44,21474,562,3.2,163.2,2,1,9.3,0
C00006,55,48953,603,2.6,144.83,4,0,15.4,0
C00920,46,35772,679,5.3,310.07,2,1,15.9,0
C02596,27,42636,788,0.9,271.32,0,0,20.4,0
C01064,49,39451,658,7.2,190.46,0,1,10.7,0
C02591,23,65696,606,7.1,199.84,2,0,29.9,0
C00243,24,74303,698,7.8,203.48,1,1,14.5,0
C01161,44,30283,806,7.8,193.47,0,0,8.4,1
C02871,32,66386,768,5.8,144.96,2,0,24.3,0
C03736,29,67685,619,4.6,135.61,2,0,16.0,0
C02398,32,37913,718,11.9,209.36,3,0,20.0,0
C03518,57,53990,794,5.3,228.54,4,0,20.6,0
C03422,52,74871,479,8.7,206.7,3,2,23.8,0
C02564,37,59531,734,2.6,105.2,2,0,23.1,0
C01606,56,53512,657,3.4,149.23,1,2,7.5,0
C04829,57,39749,618,1.9,154.87,2,1,14.6,0
C02325,50,58000,759,5.0,204.73,2,0,16.4,0
C02710,55,41866,752,7.7,148.93,3,0,21.6,0
C04399,23,50084,746,9.0,129.26,1,0,14.7,0
C01313,52,60955,656,4.9,94.47,1,1,11.7,0
C03449,45,55385,681,2.1,153.13,2,1,20.8,0
C03813,47,38284,664,6.6,283.43,2,3,22.3,0
C04656,28,35058,677,3.6,208.89,2,1,26.1,0
C02363,59,46473,696,5.6,183.51,0,0,18.7,0
C01976,23,66480,657,7.0,205.67,2,0,22.2,0
C03515,31,48861,496,4.8,153.65,4,1,9.9,0
C01762,37,68316,760,1.0,198.85,1,1,15.7,0
C02740,34,58435,646,3.1,67.4,1,0,24.2,0
C04845,51,81635,634,0.2,100.32,3,1,4.2,1
C02473,37,59218,645,1.1,110.31,2,0,25.2,0
C04008,47,59975,610,4.4,168.14,1,3,15.5,0
C01494,34,77207,598,4.6,136.52,2,1,13.8,0
C04207,57,42444,651,10.2,98.21,1,3,23.3,0
C02159,53,53265,747,7.3,153.08,3,2,12.1,0
C01170,57,67926,657,7.4,268.25,5,0,19.4,0
C04517,35,51693,771,8.8,70.43,1,2,20.5,0
C00233,21,28399,652,1.6,187.07,2,0,18.9,0
C00067,57,58243,701,2.4,153.25,1,3,23.2,0
C01604,33,55915,629,6.1,189.34,3,1,13.1,0
C03284,24,34968,601,5.3,20.0,4,2,16.4,0
C03597,34,34834,747,3.1,177.32,2,1,19.1,0
C00126,43,64599,725,6.3,124.49,3,0,24.5,0
C01297,31,29374,573,5.6,176.57,2,1,14.4,0
C01977,58,33674,664,5.5,225.01,1,1,10.6,0
C04518,23,61834,655,3.1,142.95,3,1,14.3,0
C04482,32,51550,660,5.1,179.5,1,1,12.4,0
C02076,37,59775,654,1.9,91.63,5,2,9.8,0
C03087,28,54348,801,9.0,76.39,6,0,18.2,0
C04346,41,49369,561,5.9,292.9,0,0,15.4,0
C03346,51,55422,560,1.7,317.61,1,1,14.1,0
C04465,38,64456,569,4.9,140.34,4,0,16.1,0
C02798,43,67333,676,6.9,151.71,0,0,13.8,0
C00919,31,62285,697,1.9,185.91,3,5,16.6,0
C01647,34,43520,755,3.7,207.02,2,2,10.4,0
C00365,25,45485,713,4.1,236.06,2,2,14.0,0
C03288,29,55636,842,2.3,96.29,1,2,15.8,0
C02126,31,79632,542,6.2,206.86,2,2,14.9,0
C04124,31,36363,733,3.5,111.47,1,0,14.8,0
C00526,33,54200,712,1.5,168.33,1,0,24.7,0
C00056,22,58734,528,5.2,294.8,5,2,12.7,0
C00639,52,47938,666,0.5,284.65,2,1,16.3,0
C00303,21,52498,589,3.9,157.29,2,1,21.9,0
C02767,35,46759,668,3.1,72.53,1,1,25.7,0
C01277,47,69027,707,8.8,227.8,4,1,30.9,1
C02056,35,71284,627,1.2,131.71,1,2,18.9,1
C03645,59,58282,651,8.0,152.15,2,0,19.2,0
C04144,38,55566,850,5.2,162.46,1,0,14.6,0
C02879,55,55325,756,4.9,246.34,1,0,16.9,0
C04203,34,40518,581,6.2,136.88,5,0,23.9,0
C02287,57,88628,595,12.2,229.89,0,2,20.2,0
C02262,60,49771,666,5.6,86.65,3,1,28.3,0
C02297,27,53428,596,6.2,155.02,2,2,19.7,0
C01754,36,59774,606,6.5,73.84,1,0,11.7,0
C01969,54,52527,823,2.0,220.06,0,4,17.2,0
C04352,43,60766,678,6.2,172.88,1,2,17.0,0
C03118,46,35140,737,5.7,164.39,1,3,19.3,0
C02394,29,61054,719,2.3,222.14,3,0,12.1,0
C00524,53,54513,791,0.2,153.95,2,2,14.6,0
C03901,41,60319,617,0.8,214.12,2,2,13.6,0
C03123,39,53135,598,3.1,63.23,1,1,15.6,0
C04157,49,64626,601,4.4,192.15,0,2,21.6,0
C01970,27,41997,610,8.4,183.29,3,1,12.6,0
C00672,45,52702,602,0.2,145.0,1,1,25.7,0
C04189,22,56165,761,4.8,85.35,3,0,11.0,0
C00667,41,79240,644,9.2,189.08,1,1,16.1,0
C04339,50,49511,648,6.9,198.97,1,0,17.9,0
C01888,37,70323,647,6.8,212.16,4,0,20.8,0
C03267,50,60743,751,10.5,119.52,2,1,18.3,0
C00281,32,41428,665,10.9,212.3,2,0,20.1,0
C01720,41,59562,713,4.0,196.59,2,0,10.9,0
C02948,40,42572,631,6.9,296.2,0,2,26.4,0
C00900,45,51514,746,5.0,203.33,1,0,19.7,0
C04851,58,51626,630,5.8,209.13,1,0,18.3,0
C00761,28,62195,601,8.7,320.37,2,1,18.1,0
C01907,32,56334,653,7.4,288.06,3,2,18.3,0
C04043,51,43481,750,8.3,104.33,2,0,16.6,0
C03824,28,51960,735,3.7,156.13,1,2,25.8,0
C04139,56,52874,736,2.9,317.07,2,0,21.9,0
C03819,46,55773,671,8.8,213.78,1,0,25.1,0
C04301,32,50397,572,5.2,204.06,3,2,12.2,0
C02594,24,38138,687,5.4,121.22,4,0,9.7,0
C04165,49,18000,589,4.2,214.98,2,1,20.0,0
C03032,31,64531,796,5.2,256.91,2,1,10.1,0
C03580,24,62480,648,5.2,274.54,3,1,1.0,0
C02833,33,48399,476,6.8,189.84,2,0,13.7,0
C03473,50,61779,618,7.5,254.28,2,3,24.7,0
C00138,22,60097,555,9.1,272.05,3,2,23.2,0
C02181,48,46903,489,3.2,227.52,3,1,23.0,0
C02129,23,70667,747,8.2,154.62,1,0,23.3,0
C03178,32,29703,745,2.1,233.57,6,2,9.8,0
C04368,26,38880,850,6.4,64.35,3,0,16.6,0
C04262,29,49844,634,6.5,232.69,2,1,20.9,0
C04345,35,66166,639,0.5,244.93,2,0,20.1,0
C01332,49,61899,599,6.9,138.24,2,0,18.1,0
C02018,50,45745,802,7.1,183.78,4,3,22.0,0
C02483,28,77436,680,6.5,222.38,3,0,23.0,0
C01359,25,69744,759,7.1,148.52,1,1,15.3,0
C01330,34,40955,559,12.0,333.85,2,1,21.6,0
C02151,34,49605,792,9.9,56.37,3,1,15.5,0
C02123,44,64632,724,2.3,221.71,1,1,15.7,0
C03982,24,37995,729,3.5,129.49,0,0,22.8,0
C01253,23,39069,764,5.9,208.41,1,0,12.6,0
C03279,60,57270,623,3.4,98.79,0,1,24.5,0
C03375,47,49260,697,5.1,183.51,1,1,21.7,0
C02815,28,62848,582,3.7,207.35,0,2,20.5,0
C01849,41,56122,602,5.4,216.06,2,1,19.2,0
C03038,27,76254,625,7.3,276.51,2,0,9.9,0
C00389,56,62399,763,2.9,182.55,2,0,24.1,0
C00236,49,51676,717,3.9,205.62,0,0,22.2,0
C01078,27,31216,649,9.8,179.99,2,1,18.2,0
C01985,46,54203,619,7.4,306.04,1,2,11.0,0
C04364,59,49147,680,8.1,282.71,2,3,9.4,0
C03963,47,38053,754,2.2,138.63,0,0,17.7,0
C00771,47,35246,603,8.2,157.03,4,0,7.5,0
C02166,57,84865,726,8.0,275.71,2,0,19.2,0
C00674,24,36269,733,1.2,216.67,0,1,22.5,0
C00250,22,69315,746,5.4,208.48,1,0,10.1,0
C01575,26,57931,709,6.1,137.06,1,0,18.3,0
C03420,32,30264,602,10.0,165.18,1,0,18.0,0
C02082,24,57831,645,6.4,322.91,2,3,14.3,0
C01824,56,52238,677,6.2,88.86,4,2,10.3,0
C00717,41,63322,599,4.3,74.03,0,2,26.0,0
C04669,50,32588,700,4.3,188.78,1,0,20.7,0
C02049,51,59852,562,9.8,126.14,1,1,21.8,0
C04179,39,44387,755,2.7,274.29,1,0,22.9,0
C02725,52,65896,675,0.2,295.15,3,2,17.2,0
C04522,48,36374,724,0.8,69.46,4,0,19.1,0
C01461,52,31077,750,4.9,125.94,4,0,19.2,0
C01669,42,42871,745,5.2,155.19,2,1,6.9,0
C02757,56,40964,641,0.2,163.65,4,1,33.8,0
C02001,56,61364,620,2.5,284.06,2,3,9.8,0
C00405,40,52673,724,4.1,287.0,1,0,17.9,0
C00385,22,41272,825,0.2,190.14,2,1,23.0,0
C04536,41,46608,786,8.8,154.9,1,1,20.9,0
C02153,55,72708,647,6.2,214.41,1,0,25.2,0
C01634,56,47350,632,0.2,109.42,3,1,21.9,0
C04587,29,56177,714,3.3,183.13,1,1,21.3,0
C03926,43,86806,615,7.4,176.69,2,0,21.5,0
C04159,28,65797,637,2.9,87.53,1,1,13.7,0
C00224,29,45164,830,4.3,226.02,4,1,21.6,0
C02194,29,45918,717,9.3,270.38,1,1,10.9,0
C03137,44,77532,641,4.0,157.24,4,0,14.8,0
C01825,51,35931,675,8.2,71.88,2,0,13.2,0
C04601,60,63572,667,4.6,254.55,2,1,12.9,0
C00798,39,58874,783,5.0,37.36,2,1,8.8,0
C02872,60,74948,685,5.2,155.17,1,2,19.8,0
C00010,24,56344,704,2.1,243.28,0,0,14.4,0
C01945,36,57736,658,4.0,28.83,1,2,25.2,0
C01839,29,48845,779,3.5,256.51,4,0,24.9,0
C00256,26,38319,664,7.1,323.89,3,2,17.7,0
C04509,31,51922,720,8.3,241.61,1,0,17.4,1
C01582,29,64521,629,7.3,120.58,2,1,10.2,0
C02957,24,35149,661,5.5,127.02,6,2,15.8,0
C00925,30,51173,712,2.5,154.88,6,2,14.8,0
C04430,57,66396,788,3.4,184.62,4,2,19.3,0
C02509,37,71847,486,7.4,277.72,3,2,21.1,0
C03776,28,50262,766,3.6,196.85,1,3,23.4,0
C04137,59,57431,565,2.2,130.08,2,2,14.2,0
C02780,22,60807,710,6.0,193.07,1,2,8.1,0
C00540,21,48294,690,0.8,125.77,3,1,11.2,0
C02746,37,62671,850,4.9,251.64,1,1,28.1,0
C04499,30,57044,684,2.9,109.36,0,1,18.7,0
C04572,24,62323,555,8.8,276.8,2,0,11.6,0
C01146,40,75210,622,5.1,154.85,2,0,12.8,0
C00668,55,66693,622,0.4,231.35,2,1,17.2,0
C03020,50,62292,702,1.4,96.08,4,0,20.0,0
C00358,56,40271,584,5.0,134.06,1,0,17.1,0
C02832,52,47937,628,6.2,138.08,1,0,15.0,0
C02784,54,50324,698,5.5,156.91,3,2,21.5,0
C01354,57,54251,656,0.2,266.29,0,0,16.3,0
C00471,50,78639,633,3.8,220.92,3,3,13.9,0
C02704,54,35440,712,6.1,317.28,3,1,17.8,0
C03331,45,56751,646,2.4,182.08,1,0,19.2,0
C03638,40,38481,594,2.9,229.79,0,1,18.9,0
C01397,45,59440,640,0.2,238.23,1,2,27.4,0
C03585,51,60200,615,8.2,52.65,1,1,24.3,0
C04487,42,56733,640,5.0,196.22,2,1,14.6,0
C03377,41,57194,679,5.0,230.12,0,2,12.1,0
C01257,29,43885,681,9.0,207.39,2,0,22.4,0
C03513,26,33275,687,6.8,242.09,3,2,16.2,0
C01251,30,44511,762,4.9,49.67,2,0,18.7,0
C04808,56,53482,705,6.9,186.51,2,0,16.3,0
C04299,22,62876,553,1.1,160.23,1,0,16.7,0
C03285,37,22637,533,6.7,193.18,3,1,21.1,0
C02934,38,69887,585,5.3,211.17,4,1,15.9,0
C04176,34,38661,674,9.2,210.68,2,2,29.4,0
C01853,39,80164,616,4.6,161.99,2,0,20.6,0
C04870,48,54763,681,2.6,104.76,1,2,18.3,0
C02106,32,44837,760,6.0,126.9,2,0,28.2,0
C00134,43,75585,679,7.6,321.4,5,0,21.1,0
C00929,37,54876,668,8.7,136.03,3,1,18.2,0
C00824,47,42723,727,5.3,306.72,5,2,19.5,0
C04544,45,36804,659,0.7,216.27,1,1,21.9,0
C01532,21,51192,695,8.8,176.9,2,1,17.3,0
C01215,23,55223,654,5.0,264.08,0,1,19.7,0
C00505,31,37455,580,3.7,311.08,1,0,18.9,0
C04286,51,53492,663,2.2,269.73,4,2,16.8,0
C01997,43,54443,600,0.2,206.25,4,2,12.9,0
C03073,30,67181,597,1.2,104.19,0,1,19.3,0
C01959,47,53765,587,4.5,121.15,1,0,24.0,0
C01385,36,40488,563,2.6,165.08,4,1,22.6,0
C00895,50,49777,759,3.5,111.48,1,0,12.9,0
C00456,43,33902,739,3.7,227.35,2,2,21.6,0
C04880,51,75816,622,6.7,129.94,1,0,24.3,0
C03710,54,86407,689,0.2,32.82,1,1,16.6,0
C04619,46,78685,615,1.7,191.59,2,0,19.2,0
C04269,22,40127,715,9.8,112.04,4,1,13.5,0
C03523,54,56816,634,1.8,165.95,5,2,22.8,0
C04135,60,25764,616,2.7,20.0,2,0,14.9,0
C03603,27,67459,758,7.5,299.95,5,0,14.9,1
C00714,51,44527,666,8.7,243.75,0,0,17.4,0
C04187,31,48194,579,1.2,228.23,1,4,14.3,0
C02215,25,30658,677,6.3,173.05,2,4,4.6,0
C02924,42,81728,679,4.3,153.63,5,0,15.8,0
C01811,30,28939,676,9.1,279.81,2,1,28.7,0
C03487,34,51338,625,1.8,156.94,3,1,13.1,0
C03142,37,66747,609,8.3,186.73,1,0,16.4,0
C01828,60,82662,710,0.2,256.83,1,0,25.2,0
C01156,44,91267,738,8.3,261.4,3,0,14.0,0
C01325,55,48408,649,8.0,216.0,3,0,11.8,0
C04313,34,81026,668,12.0,258.99,0,0,19.5,0
C00511,60,62968,670,8.4,345.07,8,2,13.1,0
C01681,58,70151,641,3.0,55.03,1,0,19.7,0
C00500,38,58407,579,0.2,104.23,5,0,19.2,0
C04537,24,48295,591,4.4,234.3,1,1,20.0,0
C01857,35,44165,707,7.4,99.6,3,1,26.2,0
C01389,56,76466,599,11.3,178.35,1,0,16.2,0
C03720,31,63204,663,4.4,97.78,1,0,21.3,0
C02387,59,38687,649,12.4,317.28,1,3,12.4,0
C03237,35,49304,680,1.3,139.97,1,0,16.4,0
C01541,40,38140,634,4.3,116.76,2,1,19.5,0
C01218,50,59721,722,5.3,101.16,0,0,15.8,0
C02682,25,75598,728,3.6,333.67,1,1,11.8,0
C02994,55,62256,648,7.6,275.62,4,0,1.4,0
C01192,32,75046,726,8.1,202.37,1,0,15.9,0
C01543,24,72949,610,1.9,172.93,2,1,18.4,0
C03302,31,32484,586,6.7,270.21,6,0,14.6,0
C03325,38,73057,725,0.8,118.39,4,2,17.9,0
C02540,40,61292,744,3.1,111.49,3,1,20.0,0
C00954,38,47585,734,2.0,112.36,1,1,19.4,0
C04331,28,43448,717,6.1,137.6,2,1,10.8,0
C00733,57,64407,666,4.1,201.86,2,0,18.9,0
C01157,25,34157,641,6.6,180.91,2,1,11.0,0
C03295,28,66485,664,3.3,165.72,2,2,20.0,0
C02983,53,70096,723,1.1,262.69,3,1,28.9,0
C02157,38,54189,739,8.1,153.91,1,1,17.6,0
C01063,26,63188,677,1.3,216.5,2,0,29.4,0
C02617,60,40354,525,2.3,195.53,1,1,10.6,0
C01168,36,48048,654,3.8,177.16,3,1,23.3,0
C03223,52,45299,809,6.1,165.97,1,3,15.3,0
C03637,42,60432,650,8.9,162.57,1,0,17.6,0
C02939,57,77913,648,8.6,271.18,1,0,20.7,0
C04492,28,46784,741,9.7,217.84,0,1,24.1,0
C03141,40,46535,621,2.2,150.61,2,3,19.0,0
C00144,37,64363,818,9.0,235.64,1,0,23.8,0
C03578,55,64204,815,8.3,237.35,0,1,24.9,0
C02783,51,60507,565,10.2,212.18,3,3,10.0,0
C00718,40,65149,729,5.6,202.45,1,0,16.8,0
C01820,32,47836,572,3.3,220.01,3,5,16.0,0
C02503,51,54621,762,3.3,177.04,3,0,15.3,0
C04361,21,71379,695,9.9,192.99,1,3,8.0,0
C04172,31,54514,701,3.6,75.24,2,1,16.7,0
C00396,55,71441,513,6.5,20.0,1,4,15.5,0
C04837,26,73736,684,0.8,254.52,1,1,21.9,0
C04493,48,52112,694,6.3,173.98,3,1,28.0,0
C01366,21,50427,812,4.1,199.0,3,0,14.3,0
C04559,51,43584,693,4.4,150.03,2,0,28.2,0
C00596,53,53215,689,8.9,293.01,1,1,12.1,0
C03953,50,39580,615,8.5,57.73,4,2,16.5,0
C02915,37,47476,547,7.8,202.19,1,1,12.5,0
C02327,34,49892,647,3.3,301.49,2,1,20.1,0
C03767,48,69908,833,9.9,160.79,2,1,18.1,0
C03441,58,60522,642,1.9,141.21,2,0,15.8,1
C03852,22,56679,625,2.3,186.51,1,2,22.5,0
C04133,50,30955,681,2.7,138.67,1,0,9.9,0
C04592,22,42700,767,1.1,116.83,3,0,18.5,0
C02144,45,48124,716,10.4,121.93,6,0,17.4,0
C01572,35,69513,685,4.7,114.64,1,0,19.4,0
C04080,51,71490,756,6.2,172.69,0,1,17.7,0
C01123,31,62359,612,5.4,200.51,3,0,21.4,0
C02787,32,46876,737,4.1,87.74,2,0,20.3,0
C02968,30,68908,764,2.0,167.84,4,0,23.7,0
C02505,23,71950,668,7.1,174.57,5,0,19.9,0
C03466,50,58050,706,7.1,282.97,0,2,13.0,0
C00676,50,57783,745,6.2,195.52,1,0,12.3,1
C02809,52,66778,720,5.1,221.84,2,3,8.2,0
C03349,25,40100,810,5.7,109.57,2,3,21.9,0
C00729,40,66652,714,10.9,67.23,2,2,18.2,0
C00413,32,49906,664,3.1,154.8,3,0,10.3,0
C03147,46,69020,770,1.5,97.39,3,0,14.7,0
C01517,40,62755,674,10.5,271.46,5,0,7.8,0
C00826,24,50106,712,3.1,201.66,1,1,14.2,0
C03268,48,93555,704,11.9,163.18,1,0,16.9,0
C03975,24,54460,719,5.1,192.88,0,2,19.0,0
C00617,30,92077,769,4.4,59.94,1,1,19.4,0
C00115,41,60384,709,3.7,192.37,2,1,17.6,0
C00418,25,100893,655,0.4,310.19,3,1,27.5,0
C03070,23,48951,538,0.2,83.53,2,0,15.1,0
C01626,60,52640,494,5.9,136.15,4,1,22.2,0
C04951,34,63586,575,7.2,268.07,2,1,14.3,0
C04186,43,49629,655,0.2,271.94,0,0,11.4,0
C02897,47,56819,791,0.7,203.06,1,0,24.6,0
C04672,48,37831,656,2.7,143.38,0,0,18.0,0
C02083,33,44438,694,7.5,194.87,2,3,12.0,0
C00754,58,48726,684,2.1,177.48,0,2,8.6,0
C02547,52,46542,643,6.8,217.11,2,0,24.4,0
C03970,45,39788,750,7.1,275.51,3,0,18.1,0
C03374,41,60125,652,0.2,189.09,2,1,16.3,0
C04108,54,53109,713,10.6,314.78,1,3,25.2,0
C02445,44,63391,681,12.7,209.33,4,0,22.0,0
C04381,58,25311,768,4.7,92.39,0,0,12.6,0
C01067,58,45616,658,3.4,153.63,4,2,18.1,0
C03914,43,42391,542,5.7,155.62,0,1,12.1,0
C03499,25,73369,581,4.2,287.88,1,0,15.0,0
C02739,40,38842,597,0.2,194.87,6,1,12.2,0
C04001,33,79329,729,6.4,92.7,0,1,14.4,0
C01569,57,57564,784,5.7,110.2,2,0,17.3,0
C02428,36,37015,646,2.0,215.14,0,1,18.5,0
C03747,38,35105,599,5.4,146.12,1,0,23.9,0
C04640,57,53689,664,0.6,248.83,3,0,27.7,0
C01688,37,53930,725,9.6,258.69,3,2,18.7,0
C00852,53,54086,661,0.2,66.98,0,0,25.2,0
C03547,37,58645,573,2.5,58.09,2,1,18.0,0
C00896,45,66462,678,4.4,91.05,2,0,26.2,0
C04593,23,71472,538,4.4,103.18,2,2,15.5,0
C00336,53,45084,667,5.2,148.27,3,0,14.9,0
C02840,59,60690,691,4.0,200.43,2,0,20.7,0
C03088,28,57497,531,0.2,179.38,5,1,14.1,0
C01349,50,32843,692,6.7,252.28,5,1,19.4,0
C01016,54,33810,690,8.3,209.37,2,0,15.1,0
C02817,47,62457,676,0.2,57.22,1,1,19.7,0
C01632,56,47786,643,0.8,212.24,2,2,28.5,0
C02490,35,44976,693,4.4,135.86,1,0,26.8,0
C03731,49,43483,684,6.5,230.58,3,1,16.9,0
C03252,50,49045,688,5.3,193.49,1,0,28.0,0
C04635,25,73412,654,0.7,111.47,2,0,9.9,1
C02071,28,67137,724,7.3,129.63,1,0,22.1,0
C04453,40,39498,757,4.2,255.47,2,1,5.3,0
C04883,40,39441,698,1.4,188.7,4,0,15.7,0
C01636,42,67909,661,2.0,91.5,2,1,26.1,0
C02480,26,71838,733,9.7,200.39,4,2,23.6,0
C02266,24,46587,739,3.3,226.07,2,0,15.1,0
C02960,40,72336,654,2.6,119.97,1,0,24.2,0
C04732,48,53387,595,6.6,150.59,3,0,11.2,0
C03060,31,40819,731,13.0,199.11,3,1,30.3,0
C02142,56,77524,676,3.3,276.79,9,0,12.9,0
C03119,21,43402,517,0.7,219.17,1,2,21.1,1
C04726,40,53787,564,3.7,140.05,4,0,18.8,0
C04046,21,48703,706,5.4,175.1,1,1,30.4,1
C03357,23,65516,644,5.9,174.31,0,1,15.0,0
C02745,28,56597,653,1.1,250.83,1,0,29.0,0
C03507,54,27878,762,3.8,130.97,1,1,13.3,0
C01680,41,53676,709,3.9,220.99,3,4,25.2,0
C04250,36,38691,624,11.7,170.98,0,1,10.7,1
C03148,54,60897,720,1.5,195.24,1,1,9.8,0
C02295,49,50940,807,6.0,280.13,2,0,25.6,0
C00581,24,66036,746,2.0,104.53,1,0,24.6,0
C01471,56,50255,720,2.2,267.29,4,1,18.1,0
C04071,24,37791,618,5.8,167.43,0,3,15.0,0
C03344,45,75621,686,6.6,101.79,2,2,13.1,0
C04584,49,62599,643,8.6,187.86,1,3,27.4,1
C03673,44,47753,645,4.4,65.98,2,1,27.4,0
C00560,55,48062,550,8.0,200.39,0,0,25.0,1
C02850,35,76928,721,6.5,217.39,1,1,12.2,0
C00513,54,57766,727,4.6,195.98,6,0,19.8,0
C01082,60,35146,850,10.1,109.13,2,0,32.5,0
C01665,42,63382,718,9.4,163.98,3,2,15.5,0
C01013,30,51584,602,5.3,251.12,3,0,8.9,0
C01932,40,53015,668,0.2,351.28,0,1,15.8,0
C01151,35,48587,682,3.8,260.73,2,1,13.8,0
C02839,29,59476,771,3.5,116.44,1,1,18.2,0
C00117,22,74922,623,8.3,210.92,1,0,16.6,0
C00741,53,40284,803,5.3,144.63,2,0,26.0,0
C04807,39,40513,738,1.8,198.36,4,2,11.4,0
C03676,38,70026,710,8.7,247.1,3,2,22.0,0
C00831,30,69416,610,3.4,203.92,4,1,28.9,0
C00120,25,40877,578,4.1,198.56,2,1,17.5,0
C04854,23,56069,706,0.2,185.08,4,0,14.6,0
C04739,34,58063,785,0.4,198.0,1,2,17.5,0
C00636,48,38368,611,4.2,215.83,1,1,23.8,0
C04466,24,46106,675,7.5,172.3,2,4,19.7,0
C04365,44,60243,850,4.4,90.49,3,2,14.4,0
C04143,27,45295,777,6.2,206.81,4,0,25.1,0
C00992,42,56503,602,5.6,279.17,2,1,11.4,0
C00877,42,57483,550,5.7,238.66,3,1,27.3,0
C00005,38,46974,516,2.4,154.73,2,1,12.6,0
C03052,28,63849,668,6.1,204.13,2,1,22.8,0
C03125,38,67969,754,6.8,104.09,0,1,19.0,0
C02661,38,68350,691,5.0,214.51,4,0,18.9,0
C02492,31,29934,735,7.9,129.4,2,1,17.8,0
C03855,40,78558,736,4.9,143.41,3,0,15.4,0
C01716,56,35081,758,7.8,233.61,1,3,19.3,0
C01149,48,49351,670,4.2,277.11,3,1,25.9,0
C03262,40,61461,633,4.3,30.96,0,2,21.5,0
C00575,21,36619,785,2.5,272.99,2,0,21.1,0
C03770,34,50672,573,3.7,170.67,0,1,12.7,0
C03737,36,25880,703,4.2,229.39,1,1,12.6,0
C04147,37,66795,717,1.6,245.13,5,1,23.8,0
C00854,30,57273,649,3.3,240.66,0,2,14.6,0
C01983,23,52169,599,2.3,188.73,1,2,22.9,0
C02775,42,68885,818,0.2,235.34,2,1,9.3,0
C01167,21,46308,645,0.2,190.0,5,0,9.8,0
C00972,37,69166,668,5.2,90.08,0,0,25.9,0
C02702,52,43591,850,3.1,126.88,1,2,20.2,0
C04496,46,24654,717,7.9,211.09,1,2,25.9,0
C03848,35,46612,637,3.6,238.63,2,1,16.5,0
C02369,27,57622,719,7.1,244.06,3,0,12.0,0
C04116,39,28895,740,0.2,114.34,0,0,18.1,0
C04132,58,28603,651,1.9,152.47,3,0,15.8,0
C02951,22,61562,712,4.5,90.25,2,0,28.6,0
C00525,33,70421,685,4.7,257.7,2,0,28.9,0
C02456,40,56059,698,1.5,241.69,2,1,19.0,0
C01842,24,44799,608,4.4,225.45,4,1,15.4,0
C00538,25,58889,620,4.4,276.93,2,2,4.8,0
C02807,32,80643,809,5.3,187.86,1,0,10.1,0
C04342,37,45311,782,5.6,173.48,1,0,17.3,0
C03176,43,57846,671,1.1,151.44,1,0,15.2,0
C00785,40,48267,712,5.6,60.48,3,1,18.4,0
C04058,42,66372,623,4.6,256.86,3,0,10.8,0
C01410,32,26918,581,5.3,114.11,1,0,12.4,0
C02538,40,83508,680,8.4,156.54,3,0,15.9,0
C00155,38,46843,698,10.2,243.41,3,3,17.1,0
C03010,53,63551,644,7.6,158.08,1,0,4.3,0
C01687,38,60247,648,3.3,90.9,0,3,17.5,0
C02902,53,76510,646,5.8,239.7,2,1,13.7,0
C04950,35,55221,617,5.2,135.11,2,1,28.5,0
C03864,45,33296,746,8.0,207.81,4,2,15.9,0
C02734,29,45011,578,1.6,285.4,5,1,11.8,0
C01896,55,71827,691,3.5,62.77,1,1,17.1,0
C00570,43,46499,761,3.7,90.77,0,1,5.0,0
C01817,30,47998,779,4.0,169.53,3,2,5.3,1
C02066,41,52460,606,2.7,199.12,1,0,22.0,0
C00128,51,57744,712,1.4,163.23,1,1,11.8,0
C03395,34,46265,648,1.3,299.12,3,0,12.3,0
C03328,29,71656,678,2.7,259.94,2,1,9.6,0
C04987,59,76667,740,3.0,150.67,4,0,14.3,0
C02976,39,37007,636,2.0,253.19,5,2,14.3,0
C00981,44,60712,683,3.7,125.91,3,0,17.9,0
C02301,31,66298,566,11.8,145.04,2,2,18.3,0
C00191,48,50062,806,2.3,134.85,1,0,21.9,0
C01140,42,85485,766,0.6,217.6,2,1,20.7,0
C00700,24,60585,671,8.2,230.54,1,1,21.1,0
C04781,54,36060,670,5.6,32.4,1,0,18.1,0
C00607,33,41447,695,1.7,216.03,2,1,18.0,0
C04277,23,46222,635,2.8,306.65,0,2,23.0,0
C00302,54,47952,724,5.3,159.95,2,1,14.3,0
C03421,41,50688,730,0.2,243.5,2,1,11.9,0
C04821,42,46901,660,7.5,289.39,2,1,25.9,0
C01061,51,52282,660,2.9,138.19,2,2,17.1,0
C02566,38,35936,666,8.3,90.56,0,0,3.7,0
C04995,46,42077,581,4.1,219.84,3,0,10.2,0
C01070,21,50433,547,0.2,148.36,2,0,16.4,1
C02525,23,52328,768,4.3,199.82,1,1,24.3,0
C02206,52,69878,793,2.6,274.41,1,3,25.0,0
C01244,40,75253,721,2.8,248.42,2,1,13.1,0
C00017,41,52681,753,5.9,175.21,2,1,19.7,0
C03121,45,75117,668,2.4,176.72,1,2,20.2,0
C04643,59,67568,591,3.0,239.27,4,1,14.7,0
C00816,54,38617,698,3.4,181.72,0,2,11.6,0
C03068,49,45701,623,8.6,187.14,4,2,20.7,0
C04785,54,49923,651,5.7,263.94,4,3,17.1,0
C00960,37,36286,732,1.1,239.79,3,2,19.5,0
C00226,33,76540,766,12.8,309.29,1,4,33.2,0
C03355,60,47950,682,3.2,120.63,1,0,17.4,0
C02486,35,41330,725,9.9,298.14,2,1,8.3,0
C00563,40,50944,667,7.1,101.24,1,1,19.9,0
C03437,32,54235,730,6.7,216.32,3,1,24.4,0
C01694,36,59580,550,3.0,306.38,3,0,17.9,0
C01046,27,40670,824,4.9,189.9,2,2,17.8,0
C03447,33,84974,690,2.1,189.34,3,2,20.9,0
C04566,34,45899,701,6.6,49.32,4,1,26.1,0
C00955,52,60985,647,0.2,94.51,2,4,27.4,0
C04986,23,75268,668,7.0,150.31,5,0,18.2,0
C02736,26,53802,673,8.6,203.4,1,2,20.8,0
C04904,49,64311,583,4.4,139.48,3,0,21.5,0
C04736,37,60072,577,4.0,94.62,2,1,15.9,1
C04824,59,62076,687,4.4,169.73,1,0,27.6,0
C01219,53,52467,722,8.1,184.97,1,0,19.4,0
C01528,26,80512,598,3.9,163.09,2,2,27.3,0
C03988,23,78077,760,6.2,248.93,2,0,20.2,0
C01301,51,29999,779,8.7,187.02,2,0,13.8,0
C04892,43,39656,667,7.0,67.64,3,1,26.0,0
C00161,60,40107,668,5.8,153.53,0,2,7.6,0
C04068,37,52934,693,5.6,109.44,3,3,14.4,0
C00957,37,44304,653,6.3,241.55,1,1,6.5,0
C03792,28,35250,610,6.2,196.19,2,0,24.4,0
C03235,43,47028,654,6.1,255.07,2,2,28.1,0
C02870,29,71088,621,4.8,135.98,2,0,17.7,0
C03778,55,66381,542,1.1,132.73,3,1,26.9,0
C04434,25,56818,683,6.7,57.13,0,1,24.0,0
C02962,37,55461,690,5.6,60.91,3,2,26.4,0
C02201,35,54118,590,4.2,120.34,2,0,18.8,0
C00099,46,54317,582,10.0,344.04,2,0,20.8,0
C02558,55,61427,660,6.3,138.01,1,0,15.5,0
C03184,23,83772,754,7.6,243.81,1,1,17.0,0
C00254,34,42070,726,3.9,135.96,2,4,16.8,0
C03924,37,79164,597,9.6,100.04,0,4,20.8,0
C04200,30,55295,714,3.1,215.21,1,1,19.7,0
C01446,22,33797,730,8.0,119.26,2,3,16.6,0
C01649,60,63279,642,6.4,142.18,4,0,6.5,0
C04683,48,43437,683,7.2,119.97,1,0,13.3,0
C04724,23,81861,674,4.2,176.19,3,2,23.4,0
C03992,51,71393,671,3.8,217.41,4,1,25.5,0
C01697,39,59277,555,0.2,147.78,2,0,13.4,0
C03192,48,72263,804,3.6,135.63,1,1,16.2,0
C04500,34,72993,679,6.4,190.28,1,2,11.6,0
C01155,33,69524,708,2.7,276.37,2,0,13.7,0
C02256,48,47652,778,6.6,228.91,1,0,27.6,0
C01683,22,51792,722,6.8,249.58,4,0,14.5,0
C03171,46,53392,593,2.3,140.0,7,1,13.1,0
C02057,50,35385,595,5.8,234.64,2,0,15.9,0
C04091,50,37428,687,0.9,122.85,0,2,18.7,0
C03109,57,52406,657,8.3,119.91,1,1,21.0,1
C04549,41,65443,650,8.1,158.6,2,0,26.2,0
C03724,60,86248,658,5.7,158.24,2,0,25.6,0
C02050,47,34404,729,7.9,80.06,3,1,17.4,0
C03644,40,44714,648,3.5,212.15,4,0,17.3,0
C04928,44,41858,636,9.8,198.15,5,0,17.7,0
C00624,37,42320,777,7.8,227.25,2,3,13.1,0
C00263,32,59534,641,12.8,125.6,0,2,19.9,0
C03370,25,48803,606,2.3,133.73,2,0,21.2,0
C04062,21,56615,735,10.6,212.3,3,0,14.2,0
C01803,39,45590,771,5.8,119.02,5,1,20.6,0
C04737,23,48383,722,2.5,204.39,4,2,23.0,0
C04993,60,43822,640,11.5,193.39,2,0,13.6,0
C02386,56,25790,739,4.6,162.77,1,2,27.4,0
C01960,28,74051,554,4.5,158.26,5,1,13.5,0
C02977,40,52325,602,2.8,182.82,1,0,21.9,0
C00489,51,43672,756,0.2,163.99,3,1,28.2,0
C01844,54,61208,680,4.8,279.77,1,2,21.1,0
C01735,55,73068,563,1.6,147.2,0,0,16.3,0
C02912,24,54136,674,3.3,180.6,3,0,20.6,1
C03220,38,53568,682,7.4,176.19,4,1,16.0,0
C00147,22,62047,688,9.3,182.95,2,0,10.7,0
C01987,54,62932,651,9.2,307.88,2,0,14.7,0
C01370,46,44020,649,2.2,139.89,2,1,26.6,0
C02812,32,36379,820,8.7,319.63,2,2,9.7,0
C00660,32,55670,559,9.9,135.12,0,0,17.7,0
C01795,40,55467,628,3.5,288.84,1,0,16.2,0
C02512,55,23125,850,1.5,223.17,1,1,22.1,0
C03398,59,62196,622,10.4,236.41,2,4,17.0,1
C04283,27,82470,585,5.8,58.88,3,0,26.3,0
C01148,51,61722,666,11.0,190.94,4,3,15.0,0
C03273,47,70546,615,5.9,176.51,1,1,24.5,0
C00609,59,48232,658,3.2,277.82,2,2,16.0,0
C03583,29,67820,779,9.8,196.63,1,0,15.3,0
C01931,24,32294,633,6.9,169.92,3,0,13.4,0
C00198,25,40647,622,4.3,184.29,5,1,23.9,0
C02932,47,50251,612,3.0,210.5,0,1,29.4,0
C02328,27,64809,716,1.8,181.08,2,2,21.3,0
C04390,44,55216,672,6.5,121.51,1,0,2.4,0
C00767,45,65562,721,7.6,117.99,0,3,14.5,1
C04497,34,46586,812,2.8,168.08,2,1,21.8,0
C04219,42,44216,586,6.5,207.87,3,0,22.5,0
C03256,28,72169,613,0.9,151.68,4,1,11.3,0
C00203,40,59368,670,2.9,179.7,0,1,27.0,0
C03511,59,41325,683,6.9,20.0,1,1,12.1,0
C01734,55,43215,751,6.6,204.02,2,2,23.1,0
C02778,57,60881,676,0.7,352.87,1,0,19.8,0
C01708,57,42417,710,0.2,236.73,4,2,22.2,0
C03475,32,51363,731,7.0,55.41,2,0,22.0,0
C00855,32,63254,758,13.9,197.71,2,1,19.7,0
C04738,35,58784,660,4.8,105.16,3,5,17.3,0
C04098,26,70811,765,5.1,214.63,2,2,24.3,0
C02161,53,39132,758,5.7,232.69,3,4,26.8,0
C00699,23,49033,590,2.2,118.53,3,1,22.9,0
C04948,41,60729,661,6.0,222.13,5,1,19.5,0
C03000,47,44384,734,2.9,164.32,2,2,17.6,0
C03697,33,84430,710,4.6,96.0,1,0,9.4,0
C01637,27,56168,660,6.6,261.41,2,0,14.3,0
C03458,22,57031,680,6.9,164.55,1,0,19.9,0
C03582,51,45344,643,7.4,67.68,6,0,21.6,0
C01292,55,78167,784,2.3,211.96,3,1,22.0,0
C04660,40,52938,719,8.0,114.01,2,1,22.5,0
C01854,27,52177,720,5.9,177.59,1,0,16.8,0
C03764,46,45679,748,3.7,105.42,4,2,12.4,0
C03305,25,60822,656,7.5,135.49,1,2,19.3,0
C04913,22,34859,715,4.1,90.49,4,4,19.6,0
C03744,38,51548,710,12.4,86.11,2,1,19.4,0
C03446,49,80589,673,3.9,161.99,0,0,17.5,0
C01999,32,56520,771,6.5,72.26,1,2,25.6,0
C00664,29,42805,622,7.1,261.97,3,1,23.0,0
C04780,23,56712,536,4.4,144.41,1,2,16.0,0
C03749,57,48164,649,3.4,115.15,2,1,13.0,0
C04414,49,62174,694,5.5,173.64,1,1,22.5,0
C04745,48,47066,771,7.4,47.11,2,0,23.2,0
C00710,39,43353,609,7.0,137.92,3,0,18.9,0
C01283,36,59231,702,8.2,193.53,1,3,23.3,0
C02676,44,33661,654,0.2,170.33,0,1,13.3,0
C04030,37,41912,663,10.3,193.43,2,0,16.1,0
C01307,31,52331,818,9.1,209.2,1,0,13.6,0
C02238,31,45679,760,6.4,181.02,5,2,29.9,0
C03303,45,43960,575,6.6,230.05,5,0,15.2,0
C02039,60,55886,651,7.5,124.9,2,1,20.2,0
C01530,57,59442,795,0.2,125.13,2,2,14.0,0
C01664,43,55448,672,3.4,210.2,1,0,21.0,0
C04935,36,53959,666,0.9,197.07,1,1,23.3,1
C04954,26,55266,686,2.0,257.25,1,1,15.7,0
C03628,30,59351,788,9.0,107.26,3,0,24.6,0
C02694,37,62033,697,2.0,151.53,1,0,17.6,0
C03061,30,47298,693,8.7,233.86,2,1,15.2,0
C01598,50,33348,644,2.6,94.05,3,3,25.3,0
C02730,39,52169,533,4.7,102.96,0,2,11.2,0
C02626,44,54267,690,0.9,309.84,1,0,20.4,0
C03158,60,60677,655,8.7,161.61,0,1,18.5,1
C03315,37,91169,719,8.7,225.5,0,0,24.9,1
C01723,47,53588,759,8.7,264.98,3,0,18.5,0
C01060,33,79722,683,10.1,67.7,3,0,12.4,0
C04637,53,52973,651,7.7,197.47,2,1,15.5,0
C03243,56,64011,595,0.2,311.1,4,1,25.2,0
C01679,57,66203,608,6.3,149.16,4,1,17.2,0
C01758,45,86801,806,2.9,155.35,2,1,17.0,0
C04192,34,57982,551,2.9,178.26,3,0,29.5,0
C00564,28,66094,562,2.3,207.78,1,2,19.5,0
C02791,58,41761,694,10.2,196.06,1,2,18.7,0
C00864,51,48341,681,7.4,230.81,1,2,14.9,1
C01485,37,39156,742,6.5,111.07,2,0,16.8,0
C00207,51,74299,679,4.1,193.55,0,0,14.3,0
C04489,47,76616,611,6.1,199.67,4,0,17.0,0
C00871,39,52574,714,5.5,112.05,0,2,17.0,0
C04494,31,53636,789,12.8,174.32,1,0,23.8,0
C00503,59,65890,651,0.5,61.27,2,2,10.6,0
C01029,43,35364,694,8.8,176.78,4,2,10.6,1
C03841,55,73492,752,7.6,125.83,3,0,22.2,0
C02691,50,61202,610,9.7,229.25,4,0,14.6,1
C01571,24,77631,652,7.5,78.85,4,1,13.7,1
C02774,49,64023,691,10.3,164.81,1,0,14.3,0
C02732,41,75903,647,4.3,275.92,0,0,19.7,0
C00805,50,72241,633,7.7,140.22,0,5,26.6,0
C03646,42,35660,654,0.2,119.87,1,2,13.9,0
C02455,54,23766,587,7.8,110.59,5,0,17.2,0
C04599,59,48621,606,5.0,300.06,3,2,16.8,0
C03105,49,65779,613,3.1,126.51,2,0,9.9,0
C04876,47,38080,780,0.2,248.01,3,1,35.0,0
C00201,35,79605,526,6.1,164.49,1,1,18.0,0
C03100,31,80054,610,2.3,110.5,0,1,14.5,0
C02279,35,58707,642,4.2,93.76,1,1,27.2,0
C03562,27,33674,648,3.7,168.18,0,2,27.1,0
C04475,55,76059,684,4.9,313.42,2,0,29.2,0
C04515,57,19672,638,2.5,177.25,5,3,20.0,0
C00392,28,58460,768,5.0,70.0,3,1,17.1,0
C01496,38,50435,675,7.3,67.32,2,0,25.3,0
C02696,35,18000,738,5.0,125.7,4,2,26.3,0
C02028,59,68302,759,6.0,187.6,4,2,26.1,0
C02569,36,60274,623,9.7,212.17,3,1,16.4,0
C00065,37,45978,748,10.1,248.95,1,1,14.1,0
C03885,27,76590,731,9.9,47.82,3,1,21.4,0
C02063,26,41244,678,5.1,190.07,0,2,20.1,0
C00493,51,48981,722,7.6,72.67,0,0,13.1,1
C00380,31,53256,679,7.4,286.17,2,1,14.5,0
C04860,51,48417,799,6.5,227.83,0,2,29.3,0
C03994,32,76292,736,4.2,39.12,1,1,16.5,0
C04888,42,84593,718,6.2,142.84,3,0,24.9,0
C01077,49,50316,679,4.9,138.83,3,0,21.0,0
C00879,42,68652,640,4.6,111.83,3,0,13.4,0
C00338,33,70990,664,3.9,209.13,1,2,20.0,0
C01017,36,35275,586,9.8,89.1,1,2,34.3,1
C01276,49,65446,840,5.6,171.1,4,1,14.6,1
C03799,21,78268,648,12.5,130.06,1,1,19.9,0
C04552,22,39337,739,10.0,266.32,0,0,21.4,0
C03343,24,44080,657,2.6,147.85,2,1,21.4,0
C04912,42,49585,707,3.2,261.78,5,0,11.2,0
C00996,46,55698,774,6.2,124.7,5,0,17.6,0
C01982,45,34142,679,2.8,103.36,0,1,1.6,0
C04298,51,77203,705,4.9,171.47,1,2,18.4,0
C00162,47,52053,598,1.0,53.69,2,3,28.8,0
C04799,36,38176,664,6.6,37.11,1,0,12.1,0
C01501,42,74619,524,4.0,186.3,0,0,1.0,0
C03844,33,42133,566,1.9,320.18,2,1,18.4,0
C02614,44,55516,707,5.3,168.22,1,0,14.6,0
C03462,58,42019,685,4.6,130.64,4,1,17.4,0
C01022,23,26560,598,5.4,215.92,3,3,17.1,0
C03074,52,40187,753,3.1,137.3,4,1,19.7,0
C03944,59,61322,650,5.6,40.02,2,1,23.2,0
C01586,33,48075,849,4.0,239.7,3,0,20.3,0
C01956,37,48016,742,4.8,192.12,3,0,19.1,0
C03153,28,59333,711,4.6,228.01,2,3,20.7,0
C00035,56,82248,747,6.3,67.79,2,2,18.4,0
C04015,32,74332,594,9.6,163.88,3,1,19.9,0
C00776,59,56281,637,9.4,180.61,2,2,11.7,0
C02557,52,44550,577,7.2,175.94,1,0,9.9,0
C01479,30,55188,598,4.8,216.17,2,0,23.6,0
C01364,29,61051,714,7.5,240.67,7,1,19.1,0
C02613,28,56093,623,1.9,68.5,3,2,12.1,0
C02825,45,68087,645,1.5,252.3,2,1,12.1,0
C02042,56,39244,613,6.6,274.27,1,3,13.0,0
C00242,44,51403,715,4.4,270.9,5,1,18.2,0
C02062,43,39879,667,3.8,166.19,2,3,18.9,0
C02364,25,54013,565,5.8,177.95,3,0,21.4,0
C00601,45,62280,477,9.5,228.32,1,0,21.2,0
C02436,43,59080,696,3.9,121.28,0,1,31.3,0
C02889,26,71537,690,10.8,195.69,2,0,14.2,0
C00647,39,69061,728,8.1,228.86,1,2,9.1,0
C03891,43,60690,611,4.2,258.26,3,2,10.3,0
C03557,49,67961,699,4.0,213.56,5,2,18.7,0
C03203,51,31105,684,4.3,168.7,1,1,14.3,0
C01529,21,44975,602,6.2,164.58,1,2,26.1,0
C01268,35,56209,686,10.8,193.17,1,1,15.6,0
C01900,34,60377,669,9.6,80.62,1,2,13.2,0
C04659,37,52204,682,9.4,301.73,3,1,18.4,0
C03006,35,41945,623,10.1,50.94,2,0,20.5,0
C02735,38,44964,645,7.8,175.31,1,1,1.3,0
C00190,33,73111,677,3.7,224.45,0,0,18.7,0
C01807,21,62236,724,2.6,189.78,4,0,14.1,0
C00976,30,53270,654,1.1,137.45,2,0,11.0,0
C02748,53,63553,711,9.7,91.26,2,1,19.2,0
C02048,42,40453,688,0.2,91.97,2,0,19.7,0
C02559,22,58520,738,6.2,162.44,3,2,16.4,0
C01083,59,31895,666,6.6,173.43,0,1,9.4,0
C00475,46,44170,679,3.0,254.78,3,0,11.0,0
C02905,47,46528,625,6.5,216.41,2,1,13.6,0
C04844,28,70768,809,1.1,231.39,1,1,16.9,0
C04118,26,48235,597,5.8,372.71,1,1,19.5,0
C03386,30,58130,604,5.7,236.98,0,1,8.8,0
C04556,29,41641,684,7.2,177.45,3,0,23.0,0
C01185,37,65903,693,2.8,138.89,2,0,25.0,0
C02434,33,38516,786,2.2,217.9,0,0,18.9,0
C02392,28,39730,653,3.8,165.67,0,1,14.7,0
C00770,36,61995,709,8.1,239.63,1,1,17.5,0
C01686,41,43502,623,4.5,161.84,1,0,21.8,0
C00131,43,42763,673,9.7,87.81,1,1,15.9,0
C02920,36,84921,798,6.9,101.84,0,1,20.3,0
C03172,58,53459,615,2.9,272.38,1,2,29.1,0
C03445,57,67431,653,6.3,265.62,5,1,22.9,0
C04427,31,51983,795,0.2,149.07,1,0,16.0,0
C00467,27,54983,669,7.1,135.07,3,2,16.8,0
C03093,49,63471,652,1.1,180.78,0,0,22.5,0
C03773,42,68561,615,4.8,250.05,1,2,17.3,0
C00861,59,62270,581,7.3,225.84,1,2,23.8,0
