hours_studied,attendance,assignments_completed,previous_score,passed
4.370861069626263,62.41844910800191,5,55.62329876492247,0
9.556428757689245,59.974725773884195,1,51.71470496422968,1
7.587945476302646,50.5692347501716,3,51.39302531782469,1
6.387926357773329,76.43600020608928,6,72.36517019945639,1
2.4041677639819286,68.59744963051773,10,86.39256047858649,1
2.403950683025824,91.94205953944022,5,95.57377124722201,1
1.5227525095137953,41.92657482892349,8,34.750233500413266,0
8.795585311974417,78.63207565330758,10,49.45849334688806,1
6.41003510568888,85.77693271069367,6,47.85096414100685,1
7.372653200164409,85.56919415129842,0,55.0207764501686,0
1.185260448662222,93.1644380257315,5,59.70339841801997,0
9.72918866945795,83.74202456976965,10,57.242003019211516,1
8.491983767203795,95.66860369886177,2,96.650304656684,1
2.9110519961044856,59.95939598925349,7,60.59903392590701,1
2.636424704863906,70.19256500509258,0,68.61147997594006,0
2.650640588680904,40.84477979697344,9,82.40432963401346,1
3.7381801866358395,40.417455238197476,1,80.75593578905651,0
5.72280788469014,54.407597227091195,2,70.80751966861982,1
4.887505167779041,46.048431828345116,2,90.2582416449433,0
3.6210622617823773,55.61268207614522,6,73.69269162585795,0
6.506676052501415,50.62259767170384,7,91.23311931720195,1
2.2554447458683766,41.71120149031889,8,51.19360254077526,0
3.629301836816963,94.55824878436297,6,39.24165738393349,1
4.297256589643226,40.49338788333349,7,87.36643195844884,1
5.104629857953324,84.16492866022512,10,56.77625355824365,1
8.066583652537123,49.12887321517099,5,75.57592001488682,1
2.7970640394252375,94.733777319976,1,81.61178375287153,1
5.628109945722504,93.56775637539315,0,52.86973327990743,0
6.331731119758382,79.23406878215545,2,65.36143719990272,1
1.4180537144799796,80.3340489880363,8,92.64485605976529,1
6.467903667112945,40.32034851818131,6,91.58552646669304,1
2.5347171131856236,99.09229396681613,1,82.45499542589351,1
1.5854643368675156,92.66995621454886,0,83.39176723604517,0
9.539969835279999,93.70637354380551,1,92.83791143569324,1
9.690688297671034,79.55467222305231,2,81.54326711029412,1
8.275576133048151,60.68721571927219,5,53.770975151244684,1
3.741523922560336,93.61891894542885,8,38.4547875748013,1
1.8790490260574548,57.491015689071546,7,59.53188699823161,0
7.158097238609412,73.76269260053218,9,36.11403910975734,1
4.961372443656412,45.98385834063294,8,38.10395438935519,0
2.0983441136030097,95.317337807965,10,96.51204649855987,1
5.456592191001432,48.4462274662728,10,77.31208724217429,1
1.3094966900369656,53.49380834382444,7,89.61260903292094,0
9.18388361870904,73.4880494876929,6,75.00294352914435,1
3.3290198344001523,85.8455800127789,5,59.29780198800498,1
6.962700559185838,77.16107835617794,7,31.761114772310794,1
3.8053996848046987,53.92803476800937,5,96.90859258825262,0
5.680612190600297,40.05658255164942,1,34.96527304368069,0
5.920392514089517,85.42903481844635,8,72.71141462138829,1
2.6636900997297435,99.11243955466563,8,37.154224821136076,0
9.726261649881026,88.59478721836543,2,49.890337501269784,1
7.976195410250031,67.61239708939692,8,43.00722201091563,1
9.455490474077703,94.22603568394639,1,68.76018406112138,1
9.053446153848839,64.590860387101,2,92.095274158547,1
6.381099809299767,71.49604505460806,5,74.49356154584012,1
9.296868115208051,68.627786043741,3,76.49316136543824,1
1.7964325184672756,66.8574323599315,7,93.62520473493117,0
2.763845761772307,86.51144615763434,0,82.45976595797737,0
1.4070456001948426,71.60613443616953,5,90.61690854688229,1
3.927972976869379,59.00302732151296,1,59.14744643019058,0
4.498095607205338,55.4894900595087,5,90.5749436440484,1
3.442141285965063,42.264839018046004,0,75.21029719960912,0
8.458637582367365,74.99170971298275,1,39.492544791893664,1
4.210779940242304,53.797684924062054,8,32.709875585694625,1
3.5284105871864266,48.888035320982986,5,47.082408958004905,0
5.884264748424236,79.22979782966067,7,56.48447541786838,1
2.2683180247728636,80.87255546929293,6,88.62975062565997,1
8.219772826786357,85.12929353545996,8,81.88711899177076,1
1.6709557931179373,70.21461378031549,8,96.87630094648424,1
9.881982429404655,93.6432763122332,10,69.14223591225542,1
7.9502029236699165,96.18056520389368,3,82.34191561255962,1
2.7884411338075514,88.44225638754936,6,49.26983696698373,1
1.0496990541124216,78.13560892049124,4,77.5704525026715,0
8.339152856093508,58.22325721547132,6,79.43058417754003,1
7.361716094628554,98.97669529721327,3,89.38907298936928,1
7.561064512368886,56.4481700315163,9,67.54824576125586,1
7.941433120173512,52.15941531942586,10,75.4303603316624,1
1.6664018656068134,66.52924682719497,10,44.213416707342915,0
4.226191556898454,43.41043424274331,0,81.57313630885159,0
2.0428215357261674,98.70966788030745,3,88.68882058480946,1
8.767930832880342,75.30601338498549,9,71.56164223304916,1
6.609683141448022,73.41712549985051,2,38.09721236619387,1
3.9780822236738427,79.3477767939832,8,51.900014941836005,1
1.5720251525742128,69.8214188666324,4,63.2860255707903,0
3.79884089544096,41.92381102567249,3,77.4013673981984,0
3.9266498982407234,76.7386773304238,7,52.42289755056578,1
7.566455605042576,82.97043261738584,4,88.820373593738,1
6.738017242196918,65.00494363744319,2,56.02528539557825,1
8.98491468318694,85.43773432427157,1,32.998544356287255,1
5.249934326457543,53.62007796030524,7,85.57960916688845,1
2.0763482134447155,53.27659546397104,1,75.09562186577288,1
7.419203085006955,49.68501926125444,7,86.13695463114883,1
7.847065437552077,62.31968558734971,4,54.422286928682546,1
6.051494778125466,90.820722123345,7,31.234113450685207,1
7.938704619591049,89.67472372894386,4,35.16270465604796,1
5.444160367279517,62.96945247781023,0,37.82605464905791,1
5.704595464437946,75.3471241588142,10,86.36033047089913,1
4.847869165226946,83.24897898849494,10,51.100432805211014,1
1.2287721406968566,54.472406477681375,1,99.8528956595724,0
1.97102284293974,50.08846515368482,5,83.08718775478198,1
1.2828626711806081,98.32575959273866,2,72.08084671631623,1
6.727693701374023,77.05343879257711,7,98.85335883974973,1
3.82920382968694,98.88494331001984,4,52.14164318215625,0
5.577136220482325,60.26535922793374,2,41.59308983848198,1
9.168098265334837,82.1819019984479,9,81.60910787559206,1
3.2436300623398746,53.35621819247426,6,49.465836515274916,0
4.693446307320667,55.672010276434776,7,97.272584964673,1
7.799960246887438,70.71412727617744,3,99.16485185751196,1
3.059183489424602,59.17708753048427,10,94.84830765177476,1
1.6928191884591368,50.05729383043507,8,96.13332340366813,0
3.6077630762239123,55.77284211935956,5,73.0958372191452,0
2.4509915852860398,42.14490366795188,0,78.4483054698041,0
9.367278871083158,82.26541728864919,4,36.59723104408861,1
8.273083416079754,69.5269994251517,4,83.41351118100822,1
6.700633808593811,45.65458398427154,6,44.14443541538261,1
8.84314531168946,50.301639587709474,6,88.82282417930679,1
8.23304869209203,46.15207228675864,5,97.3072274427701,1
2.6791305299743224,76.7555684965526,7,44.86643404158313,1
9.0330309864098,45.65262181674963,1,35.46217823239349,1
5.854080177240856,85.25693998211297,6,63.872309748752286,0
8.266961396476564,41.230655159223474,9,85.40845603638164,1
9.06482169931144,54.96254727975352,6,83.9448118960466,1
3.8620312747467747,93.44000055351444,3,78.77729539596089,1
1.9904673207490908,83.11187908733476,9,87.44871931643189,1
3.051416462877475,44.37809997554126,1,42.24918468166069,0
4.843970097636307,89.26756626911079,3,75.63564305201622,1
8.362132893302437,69.58210729241229,3,72.39755211283548,1
8.74657524930709,90.80698163012975,5,40.74022066317852,1
1.0625691747807164,76.0443864670236,6,59.00989494469834,0
5.596725723198092,80.90998192197152,2,89.67708035166832,1
4.7566990283390105,99.61009362374249,9,98.02612628337118,1
2.9989702942365724,53.94013275544109,0,76.58011243041463,0
2.0787883060031453,77.4367344856833,2,94.5358729390371,0
4.038536542632651,67.6192834034439,8,39.24344614083921,1
9.486187335212673,42.367117175361486,0,98.2542367950063,1
3.908826388186797,40.868238490171905,7,32.345454942649944,0
5.669115595690295,47.15371466907152,1,66.9081491429771,1
7.3271706300566,78.94550443231289,5,50.37058306295734,1
4.272666421413646,74.02978527480353,2,86.97363747493665,1
9.746038744488645,73.20577366982364,6,45.22805424682575,1
9.662025654479,41.911405751695604,1,30.807102571319717,1
3.2660406624282774,68.15817978160042,3,59.02266214653352,0
5.475236553031469,95.4773690705517,9,34.48755983665114,1
3.707904788350927,63.855512158638795,8,50.306479843142434,1
3.5635644493972087,77.49534818730737,5,75.06233841666887,1
1.3319825261907952,86.78912053738861,3,50.62922236315962,0
6.486079005819072,87.03551674851326,1,47.20552591248629,1
5.524111209059753,71.15680494371628,9,40.884696414923766,1
1.463308761249904,91.47711672414019,8,39.46205918591629,0
3.507818178129503,63.48268560182482,3,66.81001612269935,0
9.174392973699883,93.3215928870879,8,77.705491606043,1
3.1560570160027517,54.41362998373272,1,61.69132440149449,0
2.304053848821008,56.81298441943426,6,38.652216933349536,0
5.405074842498067,43.187237451940064,10,75.34294096650683,1
9.870854086995406,87.73491019253697,10,68.99853288251467,1
3.178497443603504,65.02331417396233,4,56.68928186858129,1
7.049219926652907,53.74699683468394,7,53.10328139882095,1
7.854576537958458,53.90741665699478,10,42.82070238050994,1
3.1387378959315972,94.08399647375398,7,40.240962118201985,1
7.553947137506736,90.0349960276622,3,53.71401861280896,1
4.3100481944732785,73.211853121431,3,32.91417868724187,0
6.690752475342215,76.96664802494327,7,60.563918896091515,1
6.7017673968480524,68.45953423301746,2,72.11017504994551,1
5.821972156672826,63.49999257272853,6,95.91579927050235,1
1.8126079304896747,94.9286128730999,7,73.80797002944159,0
8.51772246030314,47.536762211218125,7,73.68532327991298,1
3.8870205847456223,65.10680738297367,10,56.20903639225239,1
2.678666593598688,60.67371447927252,9,39.33220093967356,0
1.3669762739928752,69.88904321506891,3,61.285635727908954,0
6.318036488694176,67.4579124727105,8,71.90734233472597,1
7.098079256580542,71.13337189906488,9,80.68235176590628,1
1.1492904603507053,48.395138633619645,3,87.82607417268017,0
5.608837524693529,70.78849009079663,7,47.91496644476851,1
3.0384619767814414,54.54512883323265,5,46.88540526595212,0
6.806555113685048,51.059880939291475,4,69.57099041731627,1
2.569297861044923,43.89005312717147,3,69.62106281941006,0
7.218439642922194,85.75915352536845,4,45.2563457691942,1
4.480618116704837,65.6465152513936,10,71.12327172458912,0
9.43056989863061,77.5986209987055,0,54.21151949820764,1
2.2376884973139393,83.6556005982846,6,74.7520443215043,1
4.069597159452327,80.7589999188132,7,50.37312995705412,0
2.021261691165302,68.23004314538093,8,71.46042544501034,1
9.322242564507064,63.27391173710379,2,83.78170288658461,0
8.896054180428829,62.55759457843982,8,98.61111429913565,1
3.3214746494364005,78.40292781580338,9,93.77476395302301,1
6.939856414307611,69.6876612965124,4,65.24771231292166,1
8.354999801810942,90.94793487931064,9,64.18443583223326,1
5.996807304395161,92.48211905960272,5,60.63900041550241,1
5.766855205204059,50.23362268039111,0,31.94254185920469,0
3.1766706181040654,48.174019092743535,8,41.616814824038315,0
1.837924910253093,77.82405556215997,8,34.1432361812839,0
9.074941821579941,58.073544883736766,5,78.74485593427246,1
9.103762514469974,41.11424312590593,7,58.92642551527159,1
6.697913115459412,93.3185601617773,3,34.46389146457867,0
4.051268119438307,53.614046034628494,4,78.3402554357709,0
4.142886171513948,95.75683910114854,4,75.11051039795606,1
7.533601109832154,83.04606705269522,6,80.3973981483348,1
9.073992339573193,85.75920939468907,6,71.98838824330984,1
8.983777818386056,52.08768974758962,6,41.307769196309884,1
8.018879912718614,54.05166553700877,4,34.29746084195182,1
6.77828481538859,71.27606522944394,3,87.19986791589261,1
1.7572596849554394,50.32599115899173,7,45.106629927610626,0
2.454658426851524,58.32590156098193,0,67.97704683319282,0
9.086987696743714,59.28774867686827,0,63.9651910312531,0
6.457861536936309,49.57779599516584,5,94.473677830556,0
1.0827734645496667,52.31097000370964,1,68.67078325980088,0
1.913243885794289,87.3131105204954,2,70.60118197710054,0
6.971515921972502,50.031751272836104,3,52.36535236010689,0
1.0455542546159682,41.70744351063535,1,97.10862912380628,0
2.4472724627574878,77.7612965577363,9,72.86616710174643,1
5.938604104299275,98.558987163547,6,30.348626851388065,1
7.227056779234239,59.872828877387285,9,68.92575846144743,1
6.867651335523405,47.11934219177514,0,55.470577181364085,0
3.018423785145038,74.22323952205184,2,32.247854300918256,1
7.409612992127823,94.38125266573877,1,60.208484985495915,1
3.135241787471201,87.04370678970872,8,84.14965418650408,1
3.9285972834334095,77.35095210476297,7,65.26526205694537,1
7.718422646062217,58.90338979645596,2,74.76213602979962,0
6.846696091424932,72.5128103965732,4,74.78190260042219,1
8.6430106944476,45.474690478255326,2,76.97135117383988,1
6.91851603070309,80.73672545684019,10,57.13173361980028,1
6.114777430019244,83.50576113385905,10,55.900338733979154,1
1.8430729104528323,97.90189737459514,10,30.32091719416927,1
4.309442227534902,55.6238415247043,5,40.79557223702447,1
3.386821309135529,41.10738514258136,4,96.55671489470862,0
3.195906790411752,72.73650786562904,10,88.96917010517468,1
9.75709499277201,82.40743026380886,1,49.257590617293204,1
4.537879522000844,87.42444855297927,9,58.08343642480483,1
9.02841899659402,51.624335981488635,7,95.7944926369243,0
6.680247633975366,55.70517214222142,5,47.5311135687504,1
8.153301731874835,70.75545551603778,2,67.2773078502251,1
5.523733837946729,59.83604859820011,0,31.54558488387832,0
6.192134961637232,91.6306891952467,4,73.38143854469646,1
5.432659244369775,68.42560922432321,10,95.10515187220764,1
2.7571868901824006,87.97471864612018,1,91.93203693880156,0
7.502069037353548,74.83718562894123,1,65.13784544392732,1
3.526951261967702,86.38540849702672,8,75.47493805940161,1
1.2188436978830846,59.96037919181943,10,69.88587358092998,0
6.80925066316451,89.88499731581868,9,34.688197090792286,1
2.5939961146634403,56.47433893306129,6,41.110644081372214,1
9.464127259176228,72.76592848019745,5,97.46721203388319,1
9.585357193023286,52.84042679043245,0,47.91780878101713,0
9.233779511984036,68.5315912975716,9,56.91144512674796,1
4.331428302298999,59.09051257052219,1,65.62610155681551,1
1.1391095487598069,56.002205838232854,10,98.53924905753391,1
9.354867063289529,98.01910108168225,6,78.29954543608436,1
4.8536573348558285,49.60444632920384,2,74.07189484112557,1
9.699893371393026,87.23955024744372,1,66.70799807086016,1
9.672579793803276,99.04989756899289,5,79.047209021619,1
8.677085099206241,41.19408902440467,7,76.48111233698427,1
3.6500400286262713,81.9416448425257,7,93.19886245826874,1
4.465879557417328,55.174708333377225,10,67.92847137552359,1
8.660230043651712,42.42926945969827,1,59.505181173334286,0
3.852298046406499,64.17337473739785,5,86.50134196447098,1
2.5254347201748324,96.1130686102525,4,85.98483342807728,1
6.0112113621251515,40.70590566201986,6,41.88855066084612,0
9.425392967447028,75.2731415157869,3,46.57543984995189,1
7.264268170074757,70.08378871571946,1,97.10467829097941,1
6.1305505308042845,92.40304986226285,9,61.087667686766935,1
1.8745884439369167,45.040102871237536,2,66.37624875718328,0
6.535065040292528,80.89156179319902,8,51.71120872058668,1
9.91048465093837,80.80658190599664,9,63.67497160281474,1
2.260756137128716,80.144801011737,7,82.03496250369591,1
5.664966871273631,96.54006969610222,8,63.76415682245727,1
8.8963576473516,89.38525174041283,4,52.03492759710657,1
7.66691755978784,42.51836357461036,4,36.720070307606356,1
7.273141668957412,68.26497104227079,6,94.97830643763137,1
7.322356755883983,63.87718337208001,6,91.0160475961327,1
4.2354203609777965,58.608833265448126,0,85.39554603448056,0
3.64232659838044,67.08020350924583,4,78.58496746897956,1
8.284250399306622,63.05165109555865,7,66.08569191154083,1
8.291020552112627,65.94003399271992,6,92.81777502857153,1
8.803650867220934,98.75571193651855,10,85.41910589579349,1
9.219164973008242,45.317978484974844,1,87.12075892771239,0
5.60208158974844,95.3338521903238,7,51.66853310996265,1
5.513646652184796,68.8142028082616,1,59.64207913816788,0
8.184656610700976,77.42453472997246,9,79.4761584886281,1
6.849675376999887,89.81097799706163,0,55.97436122454276,1
7.31770189531933,61.62778174895533,10,64.57822572928367,1
8.16213402492491,65.82531448527801,10,75.25590773935863,1
9.010048076358096,64.57110881672284,10,60.64308811089967,1
4.041956411663822,62.483861352145595,2,85.5127725014023,0
4.380246573759496,95.5317592988137,2,38.13951872191605,0
1.845837458567821,89.73579347158073,5,80.2639556847412,0
6.204521268965566,46.539999391778565,2,40.164704242789455,0
1.3234804641706788,46.487401148625764,6,95.64877584499682,1
5.190382163192141,65.67217089117946,7,51.98263764864711,1
5.883801712368189,45.91944260396854,2,85.68026527276298,1
3.5788712691545594,77.14558571626718,8,66.49918846760733,1
6.317499345121097,48.62149643570403,0,36.376094661151186,0
1.2745022494514449,71.34239583800806,2,70.78107980737697,0
1.3361336987429298,40.43319682022307,2,93.85244158177989,0
8.403405045936925,58.9957809047588,6,41.00640831065327,1
4.241715772701366,80.63144342035932,10,52.49148645525822,0
2.143544613866963,69.04233641367091,10,60.741106967041816,0
5.700189340493239,98.69616915993929,4,49.25371443384576,1
7.9299419778874976,92.44622776397264,3,96.06456323154528,1
2.9423892474715885,61.544246742589074,1,56.42501853659259,0
6.606014282371002,42.72919248833647,6,76.0643440939975,1
1.768127184943912,90.73757800690113,2,45.67417350590461,0
1.4651354905174694,94.67405861888028,6,45.379415623715374,0
5.782191684113332,89.23764360514221,9,42.309453492275736,1
5.865716094490959,47.67699645518589,6,60.43685844687063,1
6.736869113483859,99.87490806473727,10,67.30007416030378,1
7.534822003503954,55.51505329316643,1,30.752371602610722,0
9.782668715162812,83.45229476850221,6,88.30463993291802,1
5.646703134710758,94.4820925801433,5,65.89277247717692,1
3.9066082564712135,54.14122685984257,9,41.004694639150244,0
8.156675752918332,94.49551328062397,3,34.71053187520921,1
3.437490261358668,58.568894751692014,10,34.42395079905296,0
4.950742786350725,98.58479334304337,4,48.03504408009703,1
1.7061074320803935,56.87560122282848,7,64.95045035796852,1
1.2281566907391177,97.2061494854701,4,90.21676752020988,1
9.663835732101326,43.21267905356049,2,93.20757988236325,1
8.523821084609853,82.55632070018878,1,88.26295439855826,1
7.263767854843282,71.92666803022021,5,52.999442768450656,1
4.680576499728429,68.67262462736383,5,51.45904261942695,1
2.559648880637612,53.4096588553504,6,99.12208416084984,1
2.4079333840397745,82.33574738658952,7,77.68964409912212,1
3.252186083481358,51.448569486778425,3,51.34663588802792,0
5.943039982355084,73.17050775908609,7,53.03561066273625,1
7.431363304300561,55.194721782415044,0,60.42511075174879,1
6.941776390459581,97.33728278688136,5,73.52646884773861,1
3.5194050725134858,41.71787163013917,5,92.85854119801752,0
9.593787525968747,51.98369680667419,2,43.881498378748645,1
7.641072250261916,54.53863638324687,8,35.90823783791238,0
5.989186472602606,64.844069546069,4,58.402648676796275,1
6.5054867161091705,53.963814512203214,0,47.18188378274036,0
4.776400561850109,69.48094541612711,6,70.32228714073725,1
3.229578905510417,92.34793139551235,9,78.9450386003195,1
4.2037541078613545,82.72380528455025,2,51.75151676022009,0
7.820614994179322,74.79771883210665,9,77.9815902203392,1
1.1295413976678028,45.34019067896078,9,54.02030784004646,0
2.0446537645622462,81.63952650335654,10,74.44776977663835,1
1.4140237781957747,49.98485705865639,3,74.314256472318,0
1.3665592208707311,87.18204315770188,5,49.47117923951507,1
8.699145256099065,55.00340551060919,7,74.50059261971424,1
7.332920734420213,65.02292369925405,3,56.666856700655906,1
5.267564461785927,61.02821213907568,8,53.55184610524657,0
1.8805074458590134,91.52883488049142,7,50.25014229465448,1
5.4245428760514915,47.59266752280449,9,54.19516820940023,1
5.261245937025091,73.93869294308732,9,85.07214244428036,1
2.5588168291901368,48.52369656658374,5,47.162516992076206,0
4.904664843141758,82.2877501679312,6,77.73911836024169,1
4.586542609576361,94.30468766766887,7,93.043440948663,1
6.542650882469948,66.0764592320352,1,54.530025872419344,0
6.715842857808794,69.28553561589855,4,32.065844514643025,0
1.4077360879484007,95.64537018896573,6,31.722422038749308,0
4.371513531638241,71.25948331896143,7,39.7652021845213,1
6.632739241428127,69.25590628297365,4,37.70313901690659,1
5.528226327220789,74.69974616225825,2,82.36596749100033,1
8.7084085706949,81.35378418177712,5,50.639550183516086,1
6.928242684570505,46.41300250522188,4,75.67568415204789,0
2.466409843732867,89.26663166449097,7,32.971880500775455,0
1.6351187266038685,66.13030164719555,8,50.701819325469984,0
6.78177350385684,44.34091059384913,8,46.39023642740963,1
1.2386017948745964,87.17096015189279,5,49.3816357246654,0
6.2719802314611695,62.616998301176324,3,43.35024383936596,0
9.462072172824618,46.02204970570324,3,73.25412147716239,1
6.179267600882911,78.02674237259504,8,76.38710087596668,1
4.493529335858697,92.8078812060185,3,40.392584333828225,1
6.789593965981179,93.26521056483918,7,81.88021892303304,1
5.12427601442365,97.45980848853839,8,47.50318333810402,1
5.910551103843415,92.06232758600129,4,49.80457517496958,1
9.473183278988726,40.128455160728514,5,88.01658371905357,1
4.474923740206968,62.81446998480341,2,93.08161406898344,1
9.650715074415228,89.11255479433018,4,87.73294194278964,1
9.148155777604574,61.97518035990845,4,40.34339742456504,1
2.762120213103668,76.09291038278238,1,99.94873445675638,0
1.624251707876489,76.37901684247191,9,77.05087903476579,1
1.9070020123968399,61.90151824232939,5,65.74680350784928,0
1.1639964308639477,94.26843563687726,8,96.8388985427405,1
1.8499866468033557,70.19370072316705,10,87.21662767986155,0
7.147060960747211,67.88705235625005,6,78.42201277401156,1
1.6406978361420608,99.85082473971374,7,88.68780739374932,1
3.8707806726438516,69.610021844357,1,56.98266082945483,0
8.60387779872509,50.703895115714865,10,77.91069118081495,1
1.209447421622433,70.78416537180628,8,43.34060131108376,0
8.330216343300421,88.8410041311958,2,99.16004446869715,1
3.5366929729605996,86.61161961389689,9,71.22871900653824,1
2.0634834485949063,87.31490590650826,4,86.99660732047153,0
7.270634488277356,82.4814270398747,6,58.513791637172375,1
6.660485621018956,55.253069744001294,3,83.10121734926265,0
8.897248121743477,91.72504515041388,6,57.116942962855234,1
7.615639394234972,93.6066079225759,7,71.3003560872408,1
8.231328373463636,51.649161797112946,9,84.46943709804185,1
3.538311153141758,47.827338193083634,9,38.1531739307367,0
2.5969558940175053,98.53629811534672,3,54.97500959587538,0
7.755532764767725,92.09943781902207,4,68.14558642832678,1
8.261512653405376,93.59416883259681,10,53.37983942617185,1
9.91454627800606,93.1825830774637,2,51.641706432896115,1
4.713559092202838,72.50120944202371,4,49.71648627078985,0
4.348162772135049,78.78410419994799,7,45.94542752665531,0
7.987716646677971,72.7217711280185,2,89.42331937889415,1
4.06723186227716,43.072380951419746,4,94.65823905804147,0
9.376815930432082,84.73018512116636,9,79.01186137094297,1
8.725714766587107,70.31992200015281,0,32.09996589355537,1
4.860946246375165,78.86254448741379,1,85.03632365903013,1
7.757839610123476,70.15838829853212,2,67.23578887807557,1
7.7908858667621415,69.50867933934735,0,83.06770615185243,1
1.9281148195233935,50.307346568666006,10,60.613686156398074,0
9.1229761601161,56.72282290846894,10,32.88973404219639,1
5.547271352030714,49.53116151663735,8,77.72214901137586,1
8.438117194969674,51.73997773752055,8,61.08899447701086,1
3.880446409275506,98.3786428252183,4,91.18304468816726,1
9.059709056465804,49.186806746331904,3,81.66965557749992,1
4.502815108607468,56.15622545831246,4,55.169322344446655,0
1.0975388633226852,75.4353794643151,3,80.6857371848673,1
9.148437787773373,76.61071457419851,4,64.66460196146716,1
1.821580091075202,49.23844778462974,6,43.96107665816816,0
3.873822738313734,87.62304554711274,10,59.39204236081552,0
9.550557703457244,87.1121720747695,7,45.579367615605214,1
9.555464322438006,54.23906225223347,1,30.348356395686398,1
6.160940993109575,57.319978160527626,3,47.27570415124022,0
6.686534909528193,96.27927192756982,7,44.66649281357752,1
5.036009697804878,89.54028675876869,6,30.303583608083105,1
3.638896945282581,81.86782198375143,8,84.87477576701525,1
3.957980908329244,44.93399329063603,4,35.388945671959654,0
7.052666104693346,65.09584485415454,5,61.43413517572175,1
7.77137076493912,73.55811232460962,10,59.25182229879454,1
8.124211393532637,51.24467727902662,7,42.69856821138805,1
8.106563285150985,66.89359492649348,10,97.68079545761667,1
1.8208549274382133,76.0615526493214,4,72.2613523448801,1
5.449782742323233,59.64260080692395,8,86.94591320073852,1
1.5180288401497986,86.85668913702924,3,64.72983900644651,0
5.94575994091362,90.42697489832833,7,80.59683421610391,1
4.973774512360393,59.41656816604424,2,97.88454458182306,1
8.989337644824698,90.31942926954743,4,54.388378966217104,1
4.158235112968708,46.2145939661809,7,65.29846968969619,0
2.053603147848453,90.26374591735939,9,66.01758290844046,1
2.2869251384755227,49.165025900056996,6,99.4396371426897,1
7.85359568545725,44.975629150583565,0,46.316940247454916,0
6.56396256984635,78.50652426646067,3,77.2715256010955,0
1.9101040851051123,68.31624194531766,1,39.67607749189847,0
1.756961255034977,94.47343602476997,1,94.89514724379737,0
7.30872218313208,61.791351765450955,6,71.32673433011888,1
1.6548670572777417,57.229135806257716,2,90.1588068927629,0
8.396740533613206,70.0440943686519,2,92.66690810376554,1
7.3561800444084655,67.35677114611968,5,68.99769384729034,1
1.7321390257770979,60.66568277303129,5,77.74050898667389,0
1.7635394267667273,81.62447792189971,0,78.91044480202373,0
9.87975620651058,85.5737100348345,0,62.233657645613114,1
4.368437161805083,91.1790381418082,10,60.43867731118654,1
4.335779323602019,98.37139628262057,5,43.03317532847,1
8.315196105317522,55.99937152795027,6,56.874019235084646,1
9.525237196454729,82.96560894939769,8,99.35298583818884,1
9.874009574405838,63.65549412974471,3,48.89031039829401,1
7.780403667330475,80.62491831706649,9,83.37086360732727,1
4.386336269778242,68.55890142095322,5,34.15432290396471,1
1.7515064502880189,99.62638616607589,2,62.72281581853608,1
7.994322243346931,83.73412814744499,10,34.088709234200195,1
6.025638247622245,97.14947802605947,3,63.305995366552885,1
4.817998083222786,90.09817296887115,8,31.928672256656384,1
9.157189465852625,94.17406066980226,0,72.93063400387334,1
2.000777340755362,88.86515183288049,4,71.05563699852163,1
5.433625938617732,67.54954782255469,10,85.84902558412489,1
1.1021828029067717,55.10730720081306,6,70.83003415409429,0
5.217945777947136,62.219210527031336,2,94.81994136457513,1
1.5067294811365362,41.214173958397026,1,84.81732298520492,1
2.0693612464126474,71.43959004788003,10,39.285956422560254,1
2.057736220993944,70.30346801622451,1,48.58312318142636,0
6.842892719044572,71.5150278898293,0,31.836141843815547,0
7.71440391338881,98.44187349832383,4,57.02938011009651,1
6.250318885874437,94.68724020729036,2,65.66753776386153,1
9.659552936270877,49.70276669980648,10,96.21623741474465,1
4.373835215713337,62.13295129335335,6,66.5587202597273,0
3.571408776536747,65.43737076779571,0,84.67196293600628,0
8.817392153705143,61.631975071098864,8,48.76168088150308,1
3.0123625466750736,87.90975781623479,1,40.72109060811822,1
9.669002854965502,71.44226019205522,7,86.7585377678377,1
1.109390272208347,74.3259890182975,9,47.31976017622139,0
9.728909440368751,91.18081353927553,3,90.99345823697745,1
1.388439207555185,88.35568920492152,5,41.88949129843742,0
9.02028802328264,47.93269136921798,8,89.61105787105748,1
5.749309981776698,82.83487504501807,6,84.0993306052115,1
9.936683165073703,66.12616773412213,7,72.78544711984227,1
1.6641690826185898,57.67893418375003,6,89.51544744758313,1
5.984688559611887,43.00112925413118,1,53.14970825177231,0
9.72372282057189,69.23497362072706,8,41.62239019657714,1
5.707880597531339,61.32620084347188,0,40.992847257311894,0
6.664587743217362,55.090782380584045,1,48.92512396709928,0
7.261738200861554,81.68030377581745,2,61.2358992526037,1
5.090869582909959,86.16912323893521,2,91.32160055568588,1
6.648022720756571,54.68737114176549,9,36.26749565104156,1
6.258828807307902,42.966846200760834,3,94.06694311043246,0
9.110422094418901,90.92516203391409,4,94.78462972380603,1
1.409017423073121,40.5975844722582,5,80.90654734685054,0
3.528668706330073,96.22674963528831,0,93.01985295381627,0
9.553703356689029,77.65719243896235,7,83.89906411245735,1
9.012374055018247,59.31079811207922,5,66.98106756090276,1
5.100910775071417,54.78867457460417,9,72.05251583581611,1
6.581193380213831,40.54033985586852,8,73.97571335343079,1
3.496430646830194,54.128285020652626,4,38.88252966881777,0
2.6930904375138516,48.263698091028466,6,43.51378962622573,0
5.173285644459839,76.72997324338874,10,66.63581067091127,1
4.180170052234475,49.99273531562808,3,38.065981893965926,0
6.252905006657849,71.71779025219716,5,97.54855072322778,1
1.6996117326848634,75.40698534066826,5,65.49890949600952,0
9.769553268995498,57.88250190081487,3,56.60603013691417,1
9.875896700316426,42.103896941123125,5,41.027802631409145,0
7.2834554261777065,42.235232836851765,7,59.157372823263046,1
5.824867297097083,41.580839931635055,10,51.169833089478416,0
3.78574854657695,84.34748002819278,4,36.15490198414243,0
8.324155177362538,59.08058228885788,1,97.6903706666615,1
7.162580552984913,87.77801115805983,8,48.54846672342627,1
2.463552454104022,65.90396943057095,10,78.3329169493467,1
9.198344660444583,67.17988604979783,3,36.39257512756959,0
8.402835186308522,70.77295615057443,3,93.92183065287406,1
9.548199219627316,82.78188738250623,10,71.3526016092404,1
7.531475575495239,56.41017194978242,6,75.98104002636285,1
6.520736763422109,47.29524097201161,9,84.7249052468208,1
4.76418732661557,73.36344011148769,9,72.41407300655585,1
9.39455635018612,59.61865739456435,5,34.963522088927895,1
8.794575005503674,66.54947882008224,3,60.07076965425068,1
1.4069680309557047,78.81680250023832,5,48.34210653318013,0
1.2373027704752682,69.64754446847624,2,64.07019144768287,0
4.388170301902447,77.21672902605057,6,58.30276131772166,1
8.294979977036496,72.65200012681767,5,87.85731821091933,1
9.8854851638345,84.38778231616595,2,47.29332865468396,1
2.3537520199317536,82.35619706269719,0,44.09107414945639,1
6.347176438169216,72.05139350851715,9,97.06604068154024,1
4.428017709679194,80.73418125158241,4,96.46616297224257,1
9.72922958033143,92.41357613635677,9,99.54254754423208,1
8.579070308221379,65.93627726729011,1,69.7866405682436,1
8.54495834240024,64.76578436492761,6,37.9200772412299,1
5.218238438154732,85.85473725114281,6,91.6117418516038,1
4.733375521038987,74.95323022251964,3,40.15804889803484,0
3.4606636473763563,44.26040681335532,5,40.89160282204093,0
1.507379469858344,93.52672094146487,0,43.53782972402615,0
8.782501386295479,41.84698613425841,1,75.73931847751649,1
8.316109082170698,84.90378137258459,5,37.503933725912574,1
9.997459059575176,85.52764856225878,1,84.47971403082363,1
9.969731533665149,97.18666511691583,10,34.07761171706379,1
5.998885350423647,43.24806450413924,3,37.73125924702741,0
7.9208867366245945,75.81141164706946,3,60.414099916657,1
9.502891568941852,65.67043423762317,9,56.542005136493046,1
8.646826516096702,59.83797729157252,8,99.27957878782038,1
3.226132915688779,45.41911361794438,9,97.68047697030923,1
5.054897217790842,73.75924718027855,6,43.277726514893786,1
2.162434736363455,68.74244354047681,6,96.26658815549239,1
9.586459245328502,46.27326748906145,10,78.45833328083762,1
6.455571710057921,76.749370425825,0,58.61902158732637,1
3.0577852495311646,84.2771872151763,10,81.77416525126588,1
7.045306159652711,86.03669806321889,4,93.00986759945827,1
6.5631541641210625,94.32239129574565,2,42.60990876592825,1
4.223464462295564,64.56824451332663,2,43.71889829643628,0
2.022018329796661,97.18436611732821,5,58.61045335593623,0
7.044158760335196,91.92576430496116,3,41.84482399345495,1
5.68276930813414,57.79009426143634,7,55.22782399940711,0
7.950865525620754,49.55698224096751,3,75.19840689437598,1
5.68147151000794,66.1233637676808,7,86.89726877336983,1
8.669633502866862,64.11392247735799,3,51.135445637977966,1
5.9671615489703695,74.54315831987225,2,49.72114786633866,0
6.0484417438184765,75.00317393966489,4,84.58200750724242,1
8.889882423925105,84.99921906279852,4,56.67183582017564,1
4.631345795911574,70.59339689233661,9,87.2932757508189,0
2.2061370560557667,46.28935845644593,9,99.53662242304493,0
1.2590440868200508,91.49748013318637,0,98.57680731886019,1
7.796235301062571,58.585874991111226,7,76.38808683931023,1
6.582785962181182,98.27784761839553,7,56.26492479642154,1
7.336717912893012,47.07160652078621,7,34.58429016337339,1
2.9166774535801965,97.4950703339502,9,81.66284429019426,1
2.2273432802809277,45.46070841295102,3,98.45770687372708,0
1.1309019910109375,53.86216827682357,8,34.75891242509397,0
4.155288029259372,42.794796525192496,9,30.43173974344481,1
6.309259181691698,82.3067887983397,2,88.22433376072023,0
4.530196405897591,91.01792419430751,6,37.1581273426766,0
4.937274298213562,66.04426490895882,5,35.71360863119057,0
9.137428250443735,95.71132450254578,8,93.72352477562251,1
4.134299203209704,75.41794430533598,3,35.56925681703169,0
5.625905402438297,77.80042812679139,3,37.98123583427983,1
8.052877114670288,90.7251521020462,5,69.87015726887853,1
4.568885040891431,57.80801230311033,7,82.97699211233038,1
6.598780302050861,61.255943279657544,2,57.970058109995904,1
8.761273378720706,94.35711515167867,10,59.44124124832733,1
9.54568561291878,94.05780976232583,7,74.2838191005797,1
2.323661328361341,98.58896657205224,7,65.3797706381547,0
9.339288626453449,94.11029898650027,6,31.303980494440225,1
5.429046637715844,47.642322162001655,6,37.950823039053994,1
3.324199494690625,89.42345716821924,4,70.7120010867782,1
5.132221806144352,64.59030868657564,1,85.55637567885063,0
9.820293177569294,99.44808135675628,1,83.41722018009692,1
5.4335628459358265,68.33685785972807,9,81.80395915055516,1
3.958764492587574,73.23016495013323,7,83.98908313456938,0
6.700607688850532,71.78649491540791,10,33.11104334271661,1
3.1613105690037377,59.304221791496666,5,92.6571095473812,0
1.6827699529779752,44.50132533357509,7,92.24981736481723,0
2.159917497195843,93.73907382411511,2,67.23467923683297,0
2.152412550619952,88.16054875157721,0,47.40160325881358,0
2.3671242416106493,48.37160683358016,5,71.45249309470034,0
2.2494445538446914,86.60609628100437,1,69.05201484627005,1
6.767872703228932,77.55079996303661,8,45.607004538314726,1
2.6369207595923037,64.54862727505734,4,72.21911252500684,0
4.111005549914768,55.241268945733765,4,85.81058812704268,1
9.071095689154106,91.58372701013394,9,86.42748053216793,1
5.265654762365851,82.01129555764318,7,34.178847559594004,1
7.008019646689244,72.86439456814821,5,43.80143182687251,1
2.5508788408146685,76.57411203390785,2,76.77563524152367,0
2.730601169278037,45.46397092493086,8,90.18823617900115,1
1.3678175463983098,68.43518565467151,9,66.48519577144509,0
2.520415567649481,51.62201756714212,3,79.52679678344863,0
3.5073130512876274,52.50302074052952,9,31.47504074598304,1
2.5930943584907213,79.678237737212,3,72.58945683197796,1
1.7983228038135004,94.67536911005729,1,97.33364011056211,0
2.085722839905407,64.22539662870079,2,76.27102249229165,0
5.147008912294532,52.46495638073142,3,94.55930016202238,1
2.8570034656521326,78.92481623419926,6,69.62066206917515,1
4.278428749432679,92.27122278101906,2,89.03651164431494,1
5.530755437693712,84.89912806734945,7,38.69136857800033,1
7.213553457664288,92.12543383219523,7,38.64592840207716,1
1.3538092585698904,72.19328026064795,9,38.412553043705614,0
8.194693590181384,85.11257466215145,10,64.21946864256964,1
6.6511035054181695,48.40387356153619,1,53.118449258598055,0
1.7358312875398472,60.89647692179149,3,80.34300976187251,0
8.862207616960994,63.37294986889135,7,93.1835340010278,1
9.287851604786319,70.67774477476208,0,73.35623800014373,1
1.5497016386937736,95.74458161540943,0,44.92473892690055,0
3.4918988333248335,92.45779361333047,3,95.16138072703797,0
8.255811518137552,48.07152953735107,10,66.95001366965879,1
7.734337213452926,50.36737911294779,1,80.39618871950287,1
2.6606891742073957,61.45843297533468,0,92.3354095304624,1
2.8841439100303927,57.444631953440435,7,99.28823524692318,1
4.334248925122438,76.88625718937574,1,65.42447643711716,0
5.360706866719192,94.16656286587269,3,86.56439030785717,1
6.564292943772664,97.73749250035522,2,69.68069457227693,1
4.320222756127952,79.21617715211359,1,64.05177621970643,1
5.162812445198331,90.2895520840652,7,67.63987634934028,0
7.727238443203809,71.51213201384783,2,63.89926706751929,1
1.330148826015381,52.49961681160238,8,59.47196831562764,0
3.2719324990961867,71.48130472560865,9,80.66044833597914,1
7.420146272960972,73.30495608625907,4,47.47730711633614,1
9.056861539184794,84.54745385281339,8,73.14670260642004,1
5.6050969790409955,53.192979382440946,2,79.90721244351008,1
5.789021367387841,62.098622925203905,4,92.44635833734935,1
1.9645481020579845,61.84164815287398,9,53.231400425630994,1
5.026711301411092,97.5663757444699,5,90.24193724612451,1
5.793555398095209,66.63669761960314,8,96.17038199281046,1
3.1822345327125667,85.3056380378888,7,75.40755679192031,1
3.4231890785444286,85.04868288246635,1,84.0003105546109,0
4.395557467941604,55.93265108819448,1,58.39948718732114,1
1.1806407799995373,74.31218136230393,4,96.6494793849285,1
3.8987124902486046,93.65817359911888,4,76.96030185604968,1
2.9030320629689017,68.51186316741696,4,51.71097660324372,0
3.9474761696012317,96.70705044055276,3,58.2982943063816,1
2.077859186373261,52.867493759449694,7,73.24288598921032,0
9.014745526659055,44.44954634644184,10,46.38946151586066,0
6.342332081986438,93.48723238868496,4,82.77400830382044,1
7.111920872300407,90.86087187773299,0,45.728406138875016,1
8.102541147466045,99.55539255603068,9,71.42524370396575,1
5.485979790361515,80.76360928674556,4,78.79045590963791,1
1.7822825927868133,96.20127560002896,0,90.1823526963077,1
5.83395887636693,89.61694150504664,3,81.37302910522533,1
6.281570062187912,90.6655799872052,0,85.91775640865995,1
7.70895526765897,74.1484942272561,5,93.90522610484938,1
4.884935916067114,62.94187587500265,5,71.84400928554507,0
2.148222725160074,96.0734843525969,0,89.23960074634117,1
3.55398315218852,65.92703053695367,7,46.23105617176205,0
4.267740667587716,72.32916203498014,3,87.0313219554381,0
6.8132551719844106,66.76685842751127,1,45.518071891453616,1
6.137004742020207,73.88909883761183,0,95.42404531199459,1
4.204870533080616,68.23030473953963,10,53.098133622036805,1
9.878637239136816,42.87805351476855,2,42.0286598722929,1
6.451973374211985,92.92289116046192,6,40.371813209044134,0
3.1350411256239505,66.66362913494619,9,43.109055185648266,1
1.9160422535836337,75.33661891044092,10,61.32782159942162,1
2.375732252658988,48.351268165479226,9,66.55045737560413,1
3.213619555460573,40.20327087895835,7,93.9650082766743,1
2.446132359336001,54.71740561861858,4,56.67103620493869,0
2.679103216461752,82.27516192800101,6,45.223761615093785,1
3.565856518244624,45.951671806772715,1,82.06747782875672,0
2.560362357652793,94.53324642318807,3,39.42580855500242,1
9.070888821637826,52.901354161371074,5,92.45983604106316,1
1.7221037109547799,52.27561685750655,4,58.657974464616274,0
5.720602506132292,50.89047769728973,5,72.96890385584858,0
4.693571442906954,40.838902778281884,1,43.03290398315659,0
9.841407552177458,86.30832810869407,6,40.18704043558857,1
2.008350119512471,92.50207187471551,7,85.91875623283988,1
4.580700391411675,76.84976215697193,10,60.079160434019194,1
9.72523389947832,51.29199890079174,8,99.07199689083471,1
8.789564133045822,57.11667981645279,5,66.70085611167161,1
8.353648638543518,68.5556018418978,6,89.19570375303827,1
3.3211254434044584,97.26075709739806,0,98.59745751050046,1
2.5379882865105925,54.84108230906457,8,49.68051130559511,1
7.017788979319879,83.89875423519328,5,86.06171985087562,1
9.364383902148273,66.36689339757521,3,31.54043143272522,1
6.010866037125368,57.87084090160131,9,77.58278826427201,1
6.144514205229099,67.35495622132683,8,82.16407637824946,1
3.5198118429425573,44.272403052473955,0,63.415459870485165,0
7.925436398727432,87.92124225582174,1,41.34736470822514,1
2.6833937370177106,54.598115678978026,2,73.17043836549149,0
3.913113127638193,83.52472739157822,0,92.82700616048902,1
4.828927947547751,44.10090228689168,1,95.19234397047883,0
5.568493408160095,97.30591336994117,1,82.2271673293722,0
3.181687591735722,51.58089912434192,6,48.45992808979214,0
2.033531422652832,92.96452457242484,9,90.9228848241944,1
6.495580381974693,88.56839257692607,5,92.21761466911865,1
3.597674979162302,98.07159544488496,8,55.70695440216544,1
6.231143992803511,68.67343965674497,4,42.80872155805765,0
2.389264437467821,83.64383763075709,8,91.22616038933577,1
5.330260916693358,62.24263942226705,9,91.956812067697,1
5.793304892964272,51.06209428118163,8,37.06342591858498,0
1.4664118314018422,66.58455597600692,1,97.68890045557418,1
4.029438503745285,49.94494092330729,8,67.31563871551585,1
2.209732092450768,98.92267736718304,2,99.56111364600554,1
1.5703747342549097,45.77478946844298,10,61.1505775151677,1
9.909642091509507,75.35270340715722,2,67.32983375516837,0
3.9011846047725065,77.58783131524336,10,48.62579823798719,1
8.288870012691714,72.28477257244325,8,92.92632118607585,1
3.2917658928738747,79.73115314271001,6,61.059848195080406,1
7.133524500015364,46.970846500713456,10,87.02298375391686,1
7.842050739007179,73.30111145231746,7,35.581399256655786,1
6.360748665470599,57.232754267641695,6,85.17726399463689,1
5.244185696951425,96.41056379806341,8,64.31701995760324,1
4.706568227325417,85.72429920638353,7,30.378551581317417,1
4.139814398886958,98.35086892958456,3,45.83840572991564,1
9.365762298230432,42.253364184411375,1,43.56111480101819,1
8.475574670089562,57.10799051084252,10,82.62352069166079,1
9.685242195998613,51.72535519830094,4,63.404153285525304,1
2.1186750113699024,40.66927523870983,1,41.18028776809682,0
7.577807276832798,54.539543814779286,3,47.97620839316768,0
9.44506411138934,80.72655901122573,1,65.28537637141193,1
2.6310975954909415,53.86533532807411,4,31.37467381237717,0
1.5984664063009975,70.54020672895709,5,59.688791166956165,1
7.670085843610531,93.26908689789991,10,77.4642982557618,1
6.170258018619207,81.62547522094451,0,66.24282097001151,0
8.576458990824449,63.67774419436192,7,71.86696787528491,0
2.2579513896366055,62.3481363347265,1,52.86326819081549,0
8.15740580673901,67.34414884050909,4,42.81530068138291,0
2.8146458804297008,50.622486463594385,10,86.68189032486268,1
2.4729034857913406,78.04004604495928,7,93.39444100054523,1
2.4783921813789362,61.84916914627633,4,65.75183992624255,0
8.33117248208244,91.14192095572261,2,51.35288488069736,0
6.986774986265801,85.39315960346897,5,65.78433806625898,1
5.707588822922074,76.6307898455296,0,91.52898644461769,1
4.229474357111522,61.85213335897096,0,78.39844431625822,0
8.894804867317974,52.59590990040906,7,90.10312604030821,1
4.532005966803719,86.56911184633736,6,52.98655961546352,0
8.349394955244193,69.1845459394652,9,79.83853898362472,1
4.952214177131966,53.48500229064145,9,75.71342800581316,1
4.392499864824169,51.71047690240037,10,70.0131522455292,1
5.164118071026458,49.92405427008154,10,66.97574056613561,1
3.7124008674772786,86.6296717723357,2,68.56845181977178,0
7.72848442158626,53.7392311180187,7,89.47697628086894,1
5.5244835108323125,71.59853581151185,10,94.11961507029015,1
3.0899142563213555,67.09278165838339,7,37.900232506966674,0
9.096171159471115,74.77665395369704,0,69.8140104313234,1
4.455020992358903,92.62929402227167,9,94.28858957312643,1
5.891975750025898,92.06484340490384,6,39.43179896113659,1
9.158248998680923,67.06456430949157,1,58.90015613078344,1
6.618141963225929,40.921975044083396,1,36.23561199456328,0
2.0520823663752767,65.58662834285819,1,37.94334814068162,0
9.458489112521276,76.37161224544843,4,93.28775687916733,1
6.6493724776427605,73.46588554588371,6,61.232570938134536,1
4.014150531913775,79.08016634801234,3,78.2117757803219,1
2.2534486539704854,49.24454394838501,10,39.72400962704733,0
8.146226703432664,78.79210592684396,3,31.536323767492906,1
6.580654803356621,50.95909712462633,8,92.33387701442048,1
5.801149827786894,85.03143884180494,9,70.21819476843154,1
9.045033247458619,60.345256795760804,8,31.39914288997048,1
8.097374901020777,82.59372600288722,6,99.46376366495909,1
2.365073917594761,42.87193593436643,9,64.45346681096305,1
3.805498610159934,64.4716015354548,3,63.31135557156931,0
3.236402258330192,82.30207133579997,7,73.46399290258348,0
7.695516633154092,53.612230979889645,9,30.55331739368235,1
1.3017919126220145,87.71722268783336,2,69.8396861594508,1
6.129007163841849,77.84678398629592,2,74.06387327927598,1
7.862128171666215,75.2537063289879,6,50.786749767215085,1
8.890890730855745,61.212931252260226,10,80.87966868378089,1
4.078735738443167,68.94708822286705,8,56.42022713525774,1
8.391315742048116,75.84095805867119,10,80.24411941206981,1
1.995685632596865,68.34772683489342,3,40.067762491676,0
8.618070625610663,81.8987994364336,3,93.95884712287125,1
2.147397960987842,66.02181598641758,0,91.56201615593821,1
4.575585615043305,52.13639090452182,0,40.54385332614394,0
8.175658292015981,52.83602696806284,2,95.69177559598647,1
2.349256846138964,40.348226130576464,6,69.04461909370917,0
3.0632625570937733,58.05746293352035,8,79.11547748554779,1
7.500273115537596,84.93505842871117,3,88.82056546635701,1
7.480328828914669,87.64976253025657,1,35.84989629560025,1
6.770328695967676,52.148052525745,5,41.84990502263166,1
7.2455360002039,97.54263981228446,5,50.327364504017325,1
5.884519990128366,70.1441676088076,8,63.404313697090956,1
3.266191530162575,95.01872494111015,3,54.223815440911835,0
4.111263941535275,82.40591691169786,7,65.4092463859437,1
2.634379451212831,83.34600538134478,2,43.01419191406154,0
9.176055052002654,45.102617278364264,1,77.75078979532152,1
6.250526152895084,53.19946761381584,8,33.90144168286118,1
4.607662750872759,40.52888999766836,5,55.301465434557315,0
5.1580522327971945,82.96765842860425,10,42.53232712697858,1
9.525550056506338,60.6662973057106,7,81.09532903094762,1
2.380162628044722,87.19915096458081,10,91.8557337180938,1
6.276068488151175,60.33617319622158,9,35.515034644243244,1
5.5529981099601935,89.16002513793165,8,84.952649910648,1
6.503088118911831,47.84189522489878,0,92.70056056054716,1
1.1629916543875645,50.40238940545049,0,98.17791516298387,0
8.849115180497364,60.45259237503619,10,70.55703756615623,1
9.38906454235251,64.50924333293639,4,52.917432020518476,1
6.086198652302881,60.922168650578705,8,52.53815199071312,0
7.26985741489203,85.81882195139319,6,56.52790555061168,1
9.302494430595662,45.817083557602885,6,72.88671851293388,1
7.3651477088205874,61.07302117830928,1,64.31610084973875,1
2.3728513862283522,90.23439997092757,2,75.75445184847845,1
6.186595241501319,44.007824635730316,3,32.75197114707033,0
6.460435417445703,96.54061046028144,1,37.411708526677955,1
4.817176041721474,99.17901053632077,9,98.35776495987328,1
7.627998120622506,45.3140904295048,8,99.6769851530367,1
9.409303132921133,57.47635133534422,4,82.26611719975729,1
9.330116616160987,62.34403996212137,6,47.94780051267209,1
5.057554342637189,86.58348211916356,10,96.73672140803849,1
2.019142412566797,75.75560872700403,8,44.95919556541925,1
9.863570790661012,78.66194202955404,4,81.2001925699324,1
8.550082778013408,85.45058936911036,5,38.06808181844272,1
2.1219641308294017,47.07873996622154,3,75.4233148991884,0
9.28757694355635,89.99256741461573,7,83.16605023492951,1
8.829067258559155,82.33718825080865,0,90.17481012116578,1
5.669542514134649,74.64050351178221,0,81.40142977816073,0
6.321478921704363,93.3841200869834,4,94.64397487488164,1
4.591024334831173,82.01838123302844,9,66.46462805305075,1
1.492854749398282,52.101997757861525,8,77.42000248253294,1
4.016775174813109,65.78472286454,1,55.868505956184634,1
8.225681037382103,69.642572016144,10,30.727261450251877,0
1.0416882070414257,43.31305760502434,2,82.96850688271383,0
4.001492545220298,97.27825080160335,7,90.8902453509844,1
4.58351824231849,47.714635647812706,4,42.17471339068089,1
5.836560426441306,81.84767603360362,2,32.004852616570375,0
9.278700547714845,70.3738621654528,5,41.51512918510245,1
4.1171139492936515,41.537934993065356,5,92.67025052675024,1
4.122578817066049,95.4848485518617,4,50.685727255993086,1
7.637511232987736,91.11020852913599,4,46.35928803975702,1
5.069961468008264,71.45547567423013,5,31.021287739025144,0
3.021443406459838,53.736540168366716,1,50.79386030470464,0
5.07195564519424,47.29737344080566,5,80.09473539155654,0
2.2677131834181985,61.803548765927594,1,97.13625018633537,1
2.58748287855601,55.325696862765426,2,51.89188627063433,0
5.4853099546553175,70.40147206037793,1,46.847972414748526,0
4.770329045540931,97.98455776740573,0,92.1648314323844,0
9.2336131096129,74.49720959377848,0,89.675339558256,1
4.261545092049698,93.39586335340587,8,52.971229410058044,1
6.225295152502391,79.05273024974663,3,34.81636076299378,0
6.690378591275773,68.51479159523203,4,99.43926083267199,1
1.1178501092950026,91.27645376400227,9,77.64930012232495,0
6.971836348150395,68.28208661037985,6,94.8606347958894,1
2.6023237018277627,92.11769023062166,1,53.9312132023623,0
9.649632857225097,57.49460617454592,10,75.33797933580959,1
2.3379645497780164,47.72878442577929,9,77.2148061144629,1
4.731617113543214,91.3188678617763,8,91.10338272772434,1
1.7681470127077947,75.24490982756001,3,99.51406259812029,1
9.971868266613527,93.3455438949376,9,37.60663249667906,1
5.519755092981184,96.269632419543,9,74.1781791801302,1
6.358465155880394,43.21770342228695,0,53.550796385381034,1
1.6036882964958474,70.0581581115321,7,86.81608989420853,1
7.7496442335926,62.49787294447175,3,82.79035893225097,1
2.889150337860272,77.55150382420703,6,92.47629669567397,1
9.082488604966423,87.6154718321394,2,54.059201409633815,1
2.8462567643380643,56.835412958462136,10,42.917124091043554,0
2.716189485972999,73.40790306239029,8,31.526117400581487,0
1.328947010632854,82.52371479429397,4,47.88546786027479,0
5.248602505989993,48.06586497014404,4,55.70200778286617,1
6.083570199363548,88.84401435707602,2,96.22468901635943,1
1.5913777548551713,76.3665759911784,10,64.39608436930769,1
7.9797485502550956,96.97224622681911,8,68.95076528761527,1
5.079599512732249,60.3717351478416,2,91.60901334336803,1
5.7195124239482205,46.48875654023192,1,91.95486596348985,0
4.966864722444053,70.39007206221552,10,66.95410785942414,1
4.606867547877934,45.148646302566334,8,37.95924491133322,0
6.036762981773961,98.17159139944042,8,48.93613152768607,1
2.3971622133764123,42.321097495431495,9,61.98217400042856,1
2.63735317445744,85.21023406643849,3,82.58186466245206,1
8.756070589121656,71.50614388853464,3,79.81772238303785,1
9.515039159202695,62.11723914989732,10,74.98957647098356,1
4.359783846517777,43.950529870519276,9,91.61718918616411,1
3.436702058291984,77.33001545041647,5,86.18524858149877,0
6.795995889151142,75.11321976345732,8,98.74799685653413,1
4.678607539882868,56.852996384055984,7,92.2410964653209,0
1.2284772009431038,94.61330208461872,9,43.69594994904,0
2.4053733762957132,58.24660044057021,2,34.03315958642769,0
7.443750059626578,66.98352463552636,5,59.01576608310263,1
6.930315477191362,72.62574735511934,6,73.22531156308953,1
1.2438639325313514,46.013912690577165,5,75.01724497865274,0
2.997749457396545,95.92970315281795,2,48.72589330628511,1
3.0796731692926427,62.472169147062466,8,90.19166751140693,1
7.047034692388555,44.846752832460616,3,53.04725245517989,0
1.1773948397892773,63.2374704205198,1,94.33802244682005,0
1.9369772378611647,76.01215282555484,8,63.0120980912255,1
8.199244768358703,70.81916030927977,2,30.727346622928522,1
2.6069019584890025,81.67251844223644,5,41.34289178363223,0
6.874714970666872,43.32903652407464,4,37.16234796584983,1
3.1436450294205387,57.07243661632337,1,33.081805706021534,0
1.8949725348341064,89.15383461040614,0,79.98121175674731,0
3.1885497189950867,44.793621267481655,8,43.46211111422815,0
7.500402386700932,91.32915728175746,2,88.70338560845403,1
8.701268212956572,45.51376552462638,6,48.512818017010105,1
8.471978781102925,90.06725289350177,8,32.26289745435891,1
4.5746517665660935,61.6473040647236,8,87.44727407826605,1
7.012766229135815,76.73254379543295,9,62.6302095371691,1
2.844858658742389,49.17322693887989,5,71.96538081882957,0
3.6383295723491194,43.97012330351085,7,53.53591020490942,0
9.067022366690077,52.956292241208104,8,33.22282773089493,1
1.1170173115966242,47.67122907452173,2,55.91239624148872,0
1.7695767776902127,58.744353860777906,5,66.28004592055005,0
2.870976296314246,70.86299479066122,4,30.818062247563297,0
1.2387898348643773,75.32556781390056,6,70.20030225426731,1
2.632918915808176,87.39208644278457,6,92.5129508191421,1
6.247374048727229,79.37439359490152,8,45.24883656940184,1
4.792820955332481,76.52549950777318,0,94.87384128038792,1
9.034045399692774,64.70692164914648,5,36.832596317651024,1
8.356992055645968,68.42850609760832,4,87.78054451559751,1
4.076356165280884,64.87124976341087,3,88.82270508115101,1
3.3348109008816325,90.529961803683,9,48.043190402869726,1
4.417231673505402,53.80002715290399,10,97.04903855359271,0
6.31265448263327,40.343255892517874,0,59.16191079982444,1
3.4125727674058863,79.07919383357435,3,39.887926122591566,0
6.617340170642207,52.147731018329885,9,71.42001155790166,1
4.684704869721164,93.40690817858857,10,99.76302928316863,1
5.968424627667822,91.54277978239936,6,92.9504084271506,1
4.92513876221785,44.603642315692355,3,49.50219782805717,0
3.650191835877259,46.383304324844644,0,70.3890619564863,0
9.53607976265941,69.71029553479998,9,38.075736177377166,1
7.872452147437848,76.55335976616128,0,62.32913630359626,1
2.261018581898073,56.49450024893444,0,66.6149047383827,0
8.816211783081215,83.00786300196224,10,52.069480883179,1
5.386880784245623,75.69496125513228,9,63.89309580559039,1
9.050970042046822,59.48944658491328,4,94.39569207268215,1
8.198697303525837,41.522289282538935,6,65.00963460258114,0
4.8269215402231005,85.00901687791105,8,88.16932173973183,1
1.2022237748810567,52.885219949504965,7,52.21733004144037,0
3.4180962344645147,90.0684246077577,1,97.99829556607372,1
5.874707931947802,65.21741560325532,8,36.54242634116298,1
6.701303978435325,74.62464655790592,3,70.99106527893925,1
3.3209891688988207,92.37692382454011,9,85.29214566167619,1
2.254204666655417,91.8173800551972,10,86.98286904171718,1
8.514372131193692,62.2911745146144,4,43.879677755092935,1
9.85961962633197,52.53333356289059,10,58.11521220794903,1
5.731211640724172,86.50876466371568,4,73.69373207248722,1
2.5451135726347314,65.98481221612786,3,52.111789684069166,0
3.4507659386743206,51.52251961354025,5,76.0807210649436,0
1.1655160889272005,94.26552053902901,0,56.51464699188918,0
9.228689259044492,51.88625165446524,1,54.56064258096556,1
2.05975974601127,41.54843009147386,3,37.564772004328674,0
6.188648279628282,41.2167984260452,3,32.7477015197132,1
3.466496986184854,77.33892138725585,7,88.46916530085274,1
5.9876020226421405,79.70050364305182,8,64.2681144509252,1
6.862783495166778,58.66250230341903,3,69.40111932463046,1
8.467676233364815,59.2006593548238,5,56.05547157699364,1
2.8577914458454288,60.36963490359656,3,39.57194318316393,0
1.0989624579263242,80.80951280553272,3,61.47003983838445,1
2.2319706706192655,43.48802746160972,10,46.02699546218181,0
9.100167776632945,95.74698116147954,8,88.63781327440473,1
8.865010698062637,53.35126265064679,3,99.07519766521429,1
6.376717919532775,99.98039231452553,5,92.23672948330639,1
6.40465174390288,50.29136162723122,8,66.97919861479413,1
6.9853300709163,86.29278743874265,2,73.96922216274311,1
2.5783415076110465,53.4047526957775,6,96.36857799174668,0
9.229707513324637,44.85080809859524,6,67.70773535121077,1
4.768934724028658,92.49599946103893,0,74.70123863040854,1
4.448246754245477,91.52507555145351,10,74.04606526196298,1
5.670259347545538,64.21422354697609,1,79.56848062687257,0
1.4226937009754954,82.14376855242561,4,74.81995697048231,0
2.4965503188047147,73.42395596103503,7,76.94937786389009,1
7.642302547837334,91.17736682042494,5,80.81261305629587,1
1.7451880113261382,58.903358159119264,6,86.63694607675642,0
6.428368985197494,71.4203439999391,2,58.21384784841029,1
3.2081419871318886,69.12234227227303,5,82.20837889824048,0
4.503660526377789,61.23434957541153,8,37.01426314077736,0
3.598243630936299,93.48730387338233,2,91.333169256907,0
4.201054448184542,49.95267547975213,5,50.30310155364343,0
7.471413146658209,48.970518371241766,6,58.242221986109854,1
3.6740954406085753,74.61457211936508,4,86.2527288860256,0
6.097641762672074,79.44965379909652,9,74.5890926663704,1
5.284453619791897,51.677155259473906,7,51.603959289581766,0
6.973040488263833,63.443046535277446,7,45.77793777872482,1
9.431467653922821,96.79383057872462,5,97.0400114097413,1
7.593148874892252,54.79704536144044,6,36.144345272211076,1
2.934463407316811,80.10164212704365,2,30.30345760265389,1
1.2806482155515622,84.40896362185545,6,77.10544316004453,0
3.360376398698426,66.88772196790957,6,73.0132098957763,1
6.355701376302293,96.25155920557498,3,81.63297740662486,1
1.462832321358253,84.19940411312743,9,81.21436821263327,1
5.467296224811127,67.47547479165387,3,90.42813890862162,0
6.371585640252003,74.16011210656563,2,94.54760132859198,1
4.008195017352648,81.55680660550604,9,84.25172117805202,1
7.938209833712397,75.53141082575308,6,46.26049611354677,1
1.9593842782039461,92.72185502956455,4,62.44473248092819,0
1.6762400356222789,61.41331973682407,2,74.92006684591223,1
7.55369880583243,57.993144403348296,5,67.75556881913194,1
5.459421845855786,52.83033336971586,5,41.122825870423725,1
7.195621567849624,42.266978083875706,5,71.24911214368319,1
4.913446047433716,42.58083786280332,1,92.05700546037829,1
3.2176182991519613,92.20331158655696,10,59.296205628556834,1
8.371920859067798,80.70358878435444,9,76.82529771047825,1
8.194742910720812,79.63194492618916,6,73.11540003934367,1
7.252268237689841,76.87856913609316,6,56.39301957981613,1
3.449306235069664,90.9531486816463,9,69.5689845003063,1
6.312076001821784,68.81601553993765,3,44.71484237292027,0
4.248765072460241,92.22464971349802,10,68.22750810866313,1
1.8242386599397074,61.56670157093435,5,85.91807133432654,1
9.255822179160186,95.60245026034544,3,83.12634387138864,1
2.2313676782706526,81.9194188048744,3,55.05681848649502,0
9.552136184387223,55.430628161465634,5,37.84596511345561,1
5.014051956621602,73.84509530131751,8,85.99597955279062,1
2.666196359547577,71.98183368929534,6,48.5527362646166,1
5.877108526405223,48.27392930382004,1,33.71306370484474,0
8.856512522887675,75.47457434503684,5,61.1635072151202,1
7.590023977686051,58.88713742301748,4,81.76293706825834,1
8.259050330753048,43.140926008576145,5,86.59453383424314,1
6.929050300396456,96.91936946239389,7,98.75415044553537,1
7.230489080660672,78.48942214385727,7,43.25853788210865,1
8.642760864087872,92.61513591225082,2,50.5656395322373,1
3.2470120797326736,80.56336030079518,8,72.66433489356481,1
5.404824672788264,61.41902152840677,5,86.79405879812174,1
2.99088497637642,70.76128433972869,6,46.38525148697447,1
9.889012071969823,80.54480562083063,8,58.69401152616314,1
9.49653405717952,97.61513951208624,6,58.588046791674444,1
1.354841302316553,55.220167547301784,9,84.10557131688248,0
7.350176552641196,92.49862351744706,8,46.865254397524495,1
9.327234856740992,95.44466831765617,0,97.81309882871494,1
2.6251781061460018,80.2249308795374,0,65.73246688448236,0
6.111507074973665,95.87599764408027,2,49.74467856237199,1
9.239394678292376,63.87271524864211,8,49.89988418029406,1
1.3055138072721895,97.18097056242657,0,31.280999069277932,0
7.276782405221559,82.1669726299585,0,78.4701623529403,1
3.676141066352957,42.52034604512871,4,84.31638118729185,0
9.319565758388773,94.41236990914317,7,32.26994410465827,1
9.73952420648831,69.06836854199156,1,71.01541773916674,1
9.498398402020905,67.61961908666997,3,84.71708674392954,1
5.267927949917174,73.98799635877805,5,56.33680338737015,1
8.758383858903821,48.96307280627367,0,60.29191079982827,0
8.600944586815633,68.14996291404393,3,55.313742993849814,1
3.871904259189301,89.86763300306474,3,52.09555029965318,1
8.460239267356096,40.92894754825092,8,64.37992065563446,1
1.3330687124394336,56.37502961946228,8,41.62704620932572,0
6.366428906338477,40.14727518663065,5,60.84813768623013,1
3.0700795355893273,64.9426785489909,7,95.92775869905438,1
2.0851019719955093,83.69893062962407,9,31.918146845804927,0
1.6925788146628824,87.9263097468777,3,41.53203910971202,1
7.266598982903258,96.71138566762039,9,84.43916734524947,1
4.058874673912595,76.51027677824719,7,39.24399629395982,0
7.522900943758853,55.27761199917373,2,48.98966296519218,1
1.5882070671904813,95.44887694820193,1,61.8387246831049,0
3.837613040475493,86.51894523282257,5,96.02135803487732,1
5.855421631378035,74.46570898018868,4,42.84508311124986,0
8.116508483550671,81.73841294313615,7,94.61592158030214,1
3.8687725263886295,95.45898130044574,0,80.29671588989967,1
6.633022387933082,82.74364170837529,10,76.98014382202204,1
8.973799734125684,62.10247045508404,9,80.64797668350224,1
6.542768693640741,82.7816921373458,2,32.18726332785362,1
3.096635272782704,42.41668976412327,6,36.92301827486635,0
1.2196070340088423,63.18493370983487,9,53.43890701181599,0
8.830889865108368,64.37938191073476,3,35.177727320407435,1
1.1914246976534844,50.01029406525008,9,99.13127966467954,0
8.872315054157795,41.38512883310621,4,70.62885457016243,1
5.760434206244907,48.00287419826457,7,64.11405698000888,1
9.451609286616065,79.2772897478233,0,84.98582494293308,1
8.189049121962988,88.13732898182126,0,98.38714447683928,1
9.981406994800038,99.29220956361846,6,96.85910000593422,1
4.156406339065391,60.78181018650966,8,85.51454193520873,0
7.904694600380142,75.96275333566611,3,56.40219658726136,1
4.617378222483179,96.22869800890732,7,34.61716441045347,1
5.318880582735179,50.02250688028916,9,36.88638844103568,1
6.64754916896533,83.05873518056455,6,30.080663855621125,1
8.863094027677048,85.29872398894979,1,30.133199025739913,1
9.856751222793656,45.338532152160305,4,95.54952592534234,1
7.914460724780664,91.6749631109839,8,94.89118784452494,1
4.759901039506004,88.78630282665063,8,76.72876597933615,1
4.792213020493632,42.00418039464607,2,80.86737069542117,0
7.638240714300023,45.465064892803085,10,65.92459196550264,1
3.148994311914721,42.94761363351114,2,46.64895792618327,0
1.994267018182552,60.08461190796173,1,94.00695343761664,0
4.191599418766989,70.55733944079557,6,49.4384027151545,0
3.5851509248867357,71.94086367727773,5,81.77698826647442,1
3.6667730841039106,56.06000558616656,4,47.18049793067158,0
3.1024697594491895,94.69581319361646,6,90.91038926344245,0
1.378838706727257,62.09576739231479,3,75.58676040978366,0
1.1608654126007243,42.73300935792115,4,74.98865143897123,0
9.889501507624283,58.013626692483186,8,36.8157065719344,1
4.849958203622761,71.86656535264933,10,59.36282322184411,0
4.4589398244371345,64.49330935529392,8,66.74359552847196,0
7.116825544237629,56.43055114595555,3,50.582540188777706,0
2.9642849907855773,47.879394985859044,5,91.6682228283426,1
9.549650655552028,89.14987000577378,1,88.63689590578552,1
8.07710512973997,99.76871452745152,2,64.5534638639771,0
1.8046990208103355,59.772528011432925,8,53.802184185088045,0
4.758226982064356,62.89726265059623,5,86.10795904039512,1
8.912064768059482,77.08225148061743,7,43.78240132788672,0
9.502588200622693,83.10648848413248,10,35.006142056554296,1
5.2066136012488275,63.52177208821547,4,33.19973402503634,0
6.520702502896369,94.29577101890891,1,32.70782826286002,1
2.503305514828677,73.6002393537351,6,64.22220595291249,1
9.92051763523279,67.02340458435586,5,47.871954526955214,1
3.0850453124509905,78.80036518959432,10,78.32625849533632,1
9.48458596721613,97.1682308949504,1,75.77241018283537,1
6.846819840931316,87.67313766530233,5,67.94140050008174,1
6.469631153909732,42.40078783210746,7,54.69902969995741,0
5.614196599148578,59.93859464439758,0,89.53193714900112,1
3.076028305459828,68.23268109707337,3,79.67919273100375,0
2.5887522880495744,58.871054332546315,0,49.006828682216096,0
2.9843758816315784,82.01125364982738,1,65.1182063619457,0
2.6779443592982908,89.57614899175486,0,40.93898461769843,0
8.01626026210078,83.88070571111629,5,53.01434037713351,1
4.151127332500571,99.35999720969652,10,99.79981280044736,1
1.5205840890705673,56.352858873581745,5,45.66909541870372,0
9.721923671267302,92.4993697014653,0,78.8811649002697,1
8.954072964670832,85.99735991046917,3,46.689305204391985,1
9.349770548756917,61.730725453488766,3,95.6694177304068,1
9.954170403817917,84.04747261941813,7,51.70929914932573,1
2.5650572429753855,46.244557385094815,5,54.26823522526965,0
4.566178170123929,87.36000894043315,1,71.57018411463311,0
7.824146281336822,71.93983615522616,4,71.16782397804543,1
7.26418556248413,57.53741036255519,3,70.53534728580259,1
2.3850631570586955,79.34663810705081,9,70.12782678843685,0
8.34249812491556,78.49719992286454,3,51.853082560414606,1
3.019965146529946,52.569173363175985,7,60.40871563369792,0
3.0143585334036076,41.82384488869157,4,71.54034101986839,0
5.832769806040722,66.01735521410043,2,76.9889086566981,1
6.336459413575328,74.17071216066527,9,47.71903094665164,1
6.220775870540301,92.5963167022359,3,79.10325431920586,1
1.8233815365797938,95.69300773885567,0,94.62933750788457,1
8.897147763673424,71.72831308940599,5,83.05493923406522,1
3.3904003832983545,85.2282090261127,10,35.89629619759052,0
2.1656342915452376,66.35819633967981,9,62.83883540630147,0
8.998732718820794,84.76492939437358,3,60.46846848773521,1
9.60086348406778,52.28809149635001,5,53.55523184127845,0
8.759148555389055,62.26388408821188,1,64.39240979321022,1
8.285644672523903,78.05367992881689,4,60.77436413799151,1
6.8971778257511955,41.08947793642473,10,30.431933401715227,0
5.957716335482254,83.34767862033723,8,46.55886946644489,1
1.7828808392026914,90.13213007609001,7,44.96475016976431,0
4.676078917636288,63.94849966563709,2,54.44816788699597,0
4.354196653110826,66.87654503062986,0,42.21197192070135,0
3.337784053842936,91.07693273299185,9,34.74610105980584,0
7.510781023197264,86.539278119562,2,43.7628998524509,1
5.4628816157089375,57.2889693420025,7,89.79307504936256,1
1.7294159431688314,59.43856639369234,10,85.79275386051704,1
2.981648817548302,80.7326939434358,2,60.946733819802134,1
7.149328872936364,73.79188554688967,4,91.44705237851343,1
1.6851777354127018,49.73377426578982,1,46.28659326845487,0
8.660862226438919,58.59579455374998,0,70.89463988394621,1
5.4563187431257685,93.99899661271925,10,40.004741288248766,1
5.325279195939832,81.2904662033358,9,88.33804826845727,1
6.331670061935658,99.15845906113117,4,39.140709024429675,1
8.422128693326343,86.02075179884616,4,32.23021112849102,1
4.1302828711197375,96.51846592861541,5,49.141096104773666,1
7.102145373031572,52.971314432228525,1,93.06545625429163,1
6.09158767596212,86.28909248901554,8,39.061995734851024,1
3.403254431524792,41.213051208867846,1,53.14691880868777,0
8.907669877196422,80.24560130269204,1,52.14904951085349,1
8.176834194462353,68.15693668721448,4,86.11523918678238,1
6.926066511925829,60.80560431520412,8,59.50677798460172,1
8.655235561848176,91.74426113758534,3,72.80969347302783,1
8.805647808638222,91.25606155945184,5,58.30681040830128,1
7.3752667904353135,41.33810229391862,1,68.60199105958083,1
8.533119955273047,76.57030734696586,3,34.37085068122022,1
7.277243155023553,62.069933459257385,8,56.182060669809445,1
7.121266945842704,64.93966009002695,1,89.85740864179675,1
6.5675024039366585,89.92244435312656,0,78.37472942275693,1
7.774449756018771,58.59038629166069,3,98.7280330902634,1
2.427445947637663,96.58292863825721,3,85.15436761633002,0
8.927836832790355,50.77802958232844,0,61.60568004242418,1
8.846591749707088,79.76334540209066,3,77.339632038968,1
1.2632255473110323,80.32630402082589,2,84.31395729818024,0
8.432350755082865,55.13170968567509,1,48.87785619449388,1
2.1598288072610066,59.48503653803212,9,34.2012523430909,0
4.016069688332277,90.08790955479643,3,58.40930875989838,0
7.69157430662447,85.70831529729715,7,40.127121347176065,0
2.4468390644347737,59.74575281888558,6,49.40687838337513,0
8.36170321707156,72.03739281609603,8,96.27918468318933,1
8.489207601619677,43.700817775185726,7,89.2957815255763,1
5.567209603847526,52.524752943917754,0,71.47246841973622,0
1.0574728454515023,69.14923353162395,1,58.08796945726606,1
3.583343198574215,45.1584241167527,1,48.503125214549605,0
6.55234226538168,90.59994129351625,7,70.00207958030667,1
9.830675602246812,83.08037260645887,3,67.32121747710248,1
6.686321743150016,96.61802023890968,8,84.6546565867073,1
3.338232229577438,81.60801435784163,1,94.96141321348401,0
6.706051327896502,96.42408233573113,3,53.02561109310133,1
5.8598684174427,73.2707533414579,0,44.44079775297559,1
8.018608556360292,76.01311666371817,2,58.195973116199355,1
1.9628257494426258,98.61826327757565,5,60.627891168924286,1
7.849251122518252,78.52774881185562,8,32.79092026390537,1
5.871399208084992,41.8471941316448,10,90.3187572539666,1
9.666928034730951,83.42816659783139,0,99.69146370672468,1
4.076849494348175,94.32812152824494,4,94.62460848980658,1
6.693597038205533,87.7348149876596,1,90.24654856408372,0
9.388252949590157,75.02999635752536,6,99.48202124216787,1
1.9225875519161133,80.27821078561098,3,93.54659023824203,1
9.43505638512806,99.4115073551003,4,78.18573345203221,1
7.19097150070732,45.4397253105603,7,41.67296541405174,1
1.610533531946547,80.03468971799437,1,40.944508633580746,0
3.708672102521346,57.00386167423563,2,33.41458225943469,0
7.373548797807534,78.40542379517021,10,58.82816070313315,1
1.6061554132189453,76.45741455303633,4,86.61768539630026,0
6.23953414158646,49.207409926489724,9,64.32071613592373,1
4.112947512576611,52.40479874441435,3,55.642519399810766,0
6.588239659907294,77.2977746825928,4,37.64651049391248,0
1.4116783043126158,47.69379683822645,2,33.62273163634117,0
8.843831255371386,55.91085250781937,8,57.94254003965251,1
9.761400722596573,90.11473286428014,7,36.99477661286127,1
9.719900697571223,59.62549036009832,5,37.248372091658794,1
7.746866485686322,69.28360937617978,0,57.67438974794524,1
2.170776161175688,96.46842010875042,3,65.19904195519013,0
7.824368763361203,53.62894533021678,6,43.067802088216055,1
1.2212822481292136,63.377561041480625,9,77.92449803823058,1
1.1991119637609753,76.38746653261273,4,59.308440047796765,0
3.912491972345871,85.32033577023833,3,36.43457764171012,0
5.397788713641992,94.09920320276231,8,74.59238871939007,1
7.933666760270139,94.92837925441091,7,54.98613730865972,1
7.149658389458547,86.59840446235738,2,33.66250339533863,1
5.013124357390735,53.69985019559863,5,96.35871057670346,1
3.462639996534993,41.48855980255395,3,69.98378699739688,1
9.9741205014194,63.02643582133743,6,63.44042583214461,1
4.835631720123756,48.492931059269395,0,90.13961763976843,1
5.062483218967079,82.62325884629789,0,95.57183005196073,0
2.4726143907250226,79.667835209543,5,45.4225307716348,1
8.153285938749365,42.63829849728729,9,86.7101151172519,1
7.243140032033398,90.19562674785706,10,88.17559487419857,1
2.9869265150988435,54.924595977470936,6,33.80819562743193,0
1.7414294105425843,65.93362452946253,8,79.83608806247909,0
7.124493718672418,80.07602412734454,6,34.40775172597039,1
6.890600928530217,65.7651272111352,8,71.62712724729305,1
3.459335742983884,66.47726816799661,9,76.84657439970718,0
9.557772060253694,43.93767972014442,8,55.69410818456788,1
2.3595210260281023,64.08661295560023,7,91.65512476603607,1
4.891013209383417,85.89087359319902,6,86.03581948772306,0
9.49254328150839,94.91058023119587,2,94.81717995349774,1
4.7775458523351,64.8098282238023,10,52.042266864168724,1
6.74673352897677,65.41514961274473,2,31.50694600432676,1
4.578349581665148,82.15762637941913,10,86.80228868982864,1
3.4679368211380304,96.56632006631659,4,45.60841491975086,0
9.855798831638454,56.02365641436161,6,62.700922839693895,1
4.684006056835387,66.40865239227621,9,87.21248203048215,1
9.04689283311221,87.75839461313807,6,45.129462507270354,1
3.0695914530197754,76.58161416244232,0,51.83361339504266,1
2.9179423362257495,46.63518063783728,7,60.73559904364524,0
1.2802067459606024,77.66396413373594,0,49.02773951158087,0
6.865001428382966,51.204777075839615,10,62.29249961019801,1
4.316737093513851,70.61295604470425,3,30.671765114616868,0
8.779224248556734,71.7461960596263,1,44.853158092592906,0
5.258889160224014,92.5722017334991,4,88.27873517640828,1
9.713740851232496,67.74965644074629,5,58.94373709591005,1
2.6697296413280904,56.766545334153655,3,74.54840374193577,1
8.817608511600497,53.85798089296189,3,46.26015493448797,1
7.989371675125676,92.45511260106016,6,75.49150651140663,1
7.938296601796468,50.2606512650937,10,99.99817073523798,1
8.60304905305199,65.55211365298862,3,71.67013475777634,1
7.84921591848699,51.23038689561682,1,73.98509938493362,0
6.635982894682739,86.39824240686252,3,37.80638771233983,1
2.1812038991414884,68.46235839847714,6,58.23670301661892,0
1.2927356154212672,61.06862143340872,0,90.25074289380227,0
9.287630630341182,61.66597843758801,3,88.39903815608326,1
6.549852830686643,91.13285240337876,5,66.56793772529254,1
8.168835618785586,73.22643725766628,7,93.24179048164407,1
5.33370116361295,83.07207106787581,7,40.00559127440026,1
2.0557737006615504,93.82231097504106,8,76.07325832630676,1
2.126672129822954,94.10450056243852,4,47.42185035515368,1
7.170087585060743,59.71054326027179,1,75.18929835736657,1
4.872753054095164,97.14707578878313,2,36.11797823736371,0
2.8047225403030307,41.49255292087633,1,96.05263665734572,1
5.424350920672932,62.610133660969936,8,85.04324277133449,1
1.577880433676207,93.7479314505305,5,44.06730954271235,0
6.237742617229589,56.478212789018976,10,74.60935980004261,1
3.4209406399158793,56.384887019279105,0,83.14019483762297,1
8.178031905734693,58.157337104913324,2,44.661207528055265,1
3.793257630312164,76.73880309081534,6,36.533121539978396,0
5.09698134173621,66.29996653686123,6,54.62458362669899,1
1.1045848591729057,83.60409018120055,4,39.50280388366624,1
1.65202199015103,93.69463855387994,2,69.59981935729604,0
4.532442007660164,80.45196249657164,6,59.68804367013905,0
5.319449512454112,52.268003211854534,4,62.36970366706338,0
6.400184933073733,95.96091414163013,5,68.00044341388451,1
3.624963208383729,55.86957240084871,2,98.7436502159821,0
7.254836975138883,48.99365771968949,5,85.48449664807762,1
8.741101574702842,45.398036731657655,6,74.06300464879955,1
8.018658900040148,73.80302443996993,7,55.45939301355353,1
1.3565694281352143,46.825747748839106,1,31.89485471958756,0
5.32456252532046,48.326553046757844,1,38.15693275031262,0
1.9443716057635738,58.001828835729796,5,81.16070753775686,0
3.178405142762747,56.89918058106783,7,55.8442749769346,0
9.879963339404318,76.25437061992854,4,53.41062050898514,1
2.282459886113619,89.0047167683609,0,92.22848510135944,0
5.489993381062204,85.68097937217354,10,63.915622335963974,1
6.563401608863072,55.749067282988605,0,92.97039401891767,1
7.322184734896935,54.7186298791588,9,92.06469572815398,1
6.036838151382227,97.94749180641806,8,35.612690420018815,1
1.087937626772653,40.494174495517605,3,96.1754084903475,0
3.938151774195927,92.78323198361295,9,35.38684185252902,0
5.6594047904624025,51.983711147344295,0,97.44542806730489,1
1.7907984923035003,96.83705938538607,10,61.683044231957325,1
4.155642380882627,60.53843708965118,7,83.26024730282035,1
1.298827979122299,66.42110643359514,1,79.43010570328974,0
1.7072064743951867,82.42723683666286,1,66.294648202717,0
4.5723094858143645,75.26014308839562,0,73.36183731849502,0
2.194441786387543,59.07635978240937,0,96.49427270494363,0
6.107867634354023,73.22985495206942,8,94.91460434642683,1
7.2051847222353915,83.84241306177317,0,75.80282351813608,0
8.205280291981746,42.54009675414952,5,76.04030752541676,1
2.8013521982032907,40.671958315342245,6,47.28570853742866,1
2.507343240331628,67.48401634437349,3,88.00364463026867,0
1.9411105630096022,47.91019706821085,4,74.28223331014539,1
6.72787224589273,79.86065748788286,3,87.83741543989012,1
7.35828153838211,52.84314737364605,3,76.04966872015837,1
1.2842753034307783,65.97106640774025,9,50.95240182221305,1
9.42591021619321,51.860256212456136,0,43.26369819115693,0
1.4677415528632518,72.90901514494746,5,35.38760909562088,0
5.871667017709634,46.963207563074135,9,71.01964525820888,1
7.381544675058247,41.386411167248816,9,49.88359502561145,1
8.83872211371477,43.06789828640183,6,74.135666021357,1
7.4267823891918505,97.25550649091859,6,34.105951141864004,1
8.215552747628127,48.53717311665615,7,56.29641455039389,1
4.0550517328852544,82.50869518821011,6,48.23872507588429,1
8.33342602371861,44.07557225336957,5,55.92338546007791,1
1.7210336174620764,46.489621134110934,7,33.7998400829611,0
9.05334990454475,70.53257508456008,2,80.69269931834125,1
5.928331385383626,67.89225580926062,8,38.16881332000813,1
8.355679929662443,97.09481856639218,2,31.008183844370727,1
5.070864560664702,96.69012718124424,3,96.24023709725334,1
6.792199256768725,86.77651855254791,9,43.50134676555349,1
5.737623948425019,76.12610980764099,5,87.96429089118226,1
7.584305695797987,67.29761904358065,7,97.51294198299871,1
1.7346698382753063,61.37071205970526,2,67.38848396981334,0
1.5431687559150742,96.82525281853333,9,66.82827120332826,1
3.223929106091318,76.17452868548114,5,55.71920714883868,1
2.435902121018695,74.74435166115967,4,59.79164053427764,1
8.846052099329814,53.914067306134896,4,63.74527778673381,1
2.9729258862223986,42.801869073106786,4,40.64660826044405,0
9.782787302372181,96.71131478557265,8,55.53157067582514,1
4.032062125939961,58.82411553067924,6,87.12759098266116,1
2.6390612411982937,66.55534139946752,8,42.76786837070307,1
8.107286564282312,46.87839661514241,8,81.08972728678808,1
6.928369979507885,90.21545979455752,5,75.61106201877335,1
5.483761448078251,41.657909971355835,5,34.01084426978614,0
5.998271958438681,90.0394457259458,3,31.57002079063763,1
7.472816004450374,48.41710076727801,7,54.676992380484435,1
3.0560926719816885,93.19384675786912,1,78.45191939922887,0
9.967005244510677,83.78635824016945,4,53.12925491524631,1
9.773138459321048,49.88021575043831,0,76.74133104203457,1
6.852931177122432,73.94907957156809,9,76.5820700119587,1
2.7958820583623063,58.75937886131317,1,86.4588235836988,0
7.122054181881622,50.69398593469501,0,36.96399302926913,1
1.6497856808125826,91.5509319646665,5,70.39902238312246,1
1.2758725198522547,64.21136599043376,1,34.37479837013201,0
3.3191459966009234,63.91262286192295,3,42.31629981913365,0
5.163606610653847,50.1932004883972,4,52.78506319992998,1
8.814452548675424,62.983940565146725,6,79.51724683006262,0
7.544521627896772,92.29701077973101,9,98.1714582502857,1
7.684358690799829,61.78772262937815,0,53.97645700701375,0
4.829440010032679,97.09621374998729,10,66.48011397818789,1
4.113414932922666,96.77853395250324,4,48.13389167957048,0
4.339348866861425,48.69391955844076,3,77.28427344267303,1
9.88884607362452,50.63867521135869,6,55.661010756531255,1
1.3609827227123423,91.76044421991335,9,63.71173214067943,0
8.803283465102037,63.565655135483155,6,69.74690130954401,1
6.208078677151541,40.26243893698056,7,78.03696309350937,1
4.947538772706315,56.43230918232226,3,34.203616290282724,0
7.527318943736229,75.8577395917336,3,68.84307656506155,1
5.380020472822325,87.95595795759809,9,60.18148684701052,1
8.860809142734945,48.00331702559557,4,39.3635560535767,1
9.106316776101327,46.632481865004124,4,44.56256678319532,1
4.795488341861098,95.3255592143399,10,91.87230637700962,1
3.4914501751154643,85.06890206935496,2,91.02432063701657,1
6.33115295734026,75.3867760466847,4,32.33311780965724,1
9.211270110550219,86.15120739975569,4,78.25810438653767,1
2.895959701050999,65.73126167839831,7,68.79311191961479,0
6.606699252071345,85.5073448385476,6,95.7871090203074,1
6.684041980832685,62.30817947647215,7,93.56039977156911,1
7.5980172017375285,54.645674349556145,4,70.56933389966534,1
2.1841091661453382,83.74080527757812,10,39.72684449229526,0
7.442424682138797,65.1803375294361,1,62.18705165685101,1
9.181292685990769,98.8826262595717,7,80.7615056850304,1
2.6171479798321777,60.96911093848606,8,96.621564456291,0
3.1378899243148988,95.30364523186395,1,55.46805840268078,0
9.742555846374756,95.97775291402476,0,84.92700331674862,1
2.628792574385408,54.51117682388477,5,77.83385272972066,1
8.689465840326212,87.8932708952808,2,35.480494399958346,1
5.430500708032313,65.9844703086739,0,69.05837952004015,1
3.2250796696285935,95.05148363382088,5,42.84561834775701,0
8.836749111452603,67.00745635811433,7,77.84845045244352,1
5.007747295023989,84.65822304024196,8,72.70593928584475,1
5.633356185367211,68.01804454982786,5,98.11336641436831,0
4.233100324597891,53.66804534277137,5,95.47678655873666,1
6.3365576629143465,51.961007736681175,0,30.656098351921685,0
2.4717148532652047,65.52587165538074,4,35.602060112018975,0
4.519733829865846,85.3296794208529,2,83.83940180006928,1
9.724710901017588,76.30428911084601,6,77.99501510832539,1
3.3232008943101476,81.3177573940326,8,86.0661918961824,0
6.910629980871629,56.93958104391655,10,48.67704458678266,1
3.926710578022254,68.88612075745633,5,89.45259381337337,1
7.961258131179406,42.66371589815962,4,60.969363039169515,0
2.177862946465148,89.05194495748724,6,48.33359392721092,0
9.728389405706903,99.39352973439247,10,30.742542330942467,1
5.084105872452753,64.41274375748026,8,90.99548243737156,1
3.1244541701181756,40.6578191878926,4,67.47406944681207,0
1.6614707259701138,50.187558373056845,4,98.27674586263949,0
2.5278211457878665,79.15161266502514,9,80.02769726970817,1
5.677965537004159,76.72475909223155,3,35.6292000442845,1
4.033028587881576,87.27188317513264,4,71.17338304814996,1
8.459950292943486,55.23304065766409,6,31.198717787634326,1
4.877987712956253,85.81791493282805,2,69.04472979490525,1
3.238428453288669,81.27904129142019,3,54.51411641693565,0
6.554304879436271,59.36886986283059,8,75.0307084303136,0
7.360994951969012,72.72928888341772,1,67.91019443723894,1
2.5033771711085486,48.836428509899605,7,48.29452263901419,0
2.508572946594859,67.15387020613495,8,41.36454263740768,0
1.3300428424018866,92.87184037333846,4,58.32980404392247,0
7.627618135590764,65.27148278952345,6,99.07854203947232,1
6.974240748596245,90.37400238852533,5,60.498904838449015,1
5.2716778817483245,75.41520191558166,0,82.41509964756041,1
8.597534040722774,51.51260278614141,7,33.98814679237595,1
8.251031376550479,74.8663746818738,8,56.52060350921825,1
6.26818927957077,70.35899974942382,9,70.62261260393026,1
8.814441524619328,63.91848011178304,10,82.58375593299375,1
2.8525708903309144,47.17782637096422,0,66.98685601219421,0
2.007276574579551,65.00251983083379,7,66.07068820605468,1
3.4277465036529065,44.36574257437763,2,83.47348388180183,0
1.5137817048038338,45.926143083925076,5,51.93014021232302,0
5.780525752009288,64.95499197596297,9,36.34273646099748,0
9.429451230654653,58.32288891810782,7,54.3005329712184,1
1.3540918660165868,95.53265955173342,4,41.12973648146043,0
2.098989226090241,62.54234832281623,7,97.61609428934032,1
5.069791254550918,85.471487324326,6,70.42580832336841,0
9.404875157751144,71.81485158197457,6,61.2620301929333,0
3.8454049447907543,82.24514011854012,6,93.8436314709597,1
5.565113278195532,55.60695898092395,8,93.02529711569723,1
1.3741557314535289,96.51429837029974,5,59.098809535194675,1
2.3350888086587998,71.80530981486544,5,91.23091535748672,1
9.879671106629623,89.87944427711497,10,34.48181532001086,1
9.68606826792441,61.902741608566814,8,92.00034017327827,1
1.0444598284096864,46.01268094303147,5,51.740846998880215,0
9.566306068809151,80.42269886325093,6,69.55855990384349,1
6.752079440339504,40.46557890024547,6,48.87820082906737,0
8.811264650680199,68.5175785939305,1,98.93596900185376,1
5.092658700704732,51.56811415998756,7,35.02459883353961,1
5.640364257213252,77.64253026612172,10,61.28687007464558,1
5.399619222312282,98.76519238827113,5,73.4691708383493,1
7.001778317914939,67.86417437923876,3,73.09285766361033,1
2.256861292806816,89.04989539153999,10,81.71308728353907,1
1.2697623088541015,70.46705121706727,6,80.70907284254301,1
3.7713694743207182,69.75040186624145,7,85.51998936402124,1
7.342126864629821,95.82540959072668,0,46.40011866427841,1
2.816681069106535,93.3979521248009,9,55.93545453813262,1
7.060891899924256,87.14802791127846,3,56.74231811861909,1
9.729208414965434,57.77534519900705,3,96.90877626370994,1
1.8451064421047656,72.70050494343644,9,58.651829995964576,1
7.053419064026136,53.4338339983411,8,45.530844749327386,1
4.993751973741141,66.63500188279238,5,74.26410984742255,1
8.813280289397548,69.05278394558744,3,59.90868403776598,1
2.594348105026473,89.89840241015986,0,47.50560441810238,0
7.23363357003548,93.76170191949959,7,80.05948321207407,1
8.543037606832993,64.87720374378867,10,43.43477006534099,1
9.501527975266209,41.06226670439423,8,74.33478284615438,1
7.1492322546068126,91.70643038736128,4,60.137149681595396,1
5.474572876075846,50.45672071008164,4,52.34170150314705,1
6.560625161810925,77.31291783342361,9,96.21875872411108,1
8.820144860308464,41.498254026047874,7,52.7085255470346,1
6.1354877197494675,63.97038851563386,7,54.32551619049778,1
1.2734835372715319,99.157618126921,4,90.94468548932197,1
9.3785382595628,46.04161606622819,3,39.03303540128452,0
7.20574075928405,65.42158911997853,5,37.56481247522427,0
7.088620471995219,58.42899701139713,9,49.78954488591518,1
2.9410763715794546,94.30528740329586,4,71.41451462921219,0
6.929969232093915,92.16040647444132,7,56.90101120770966,1
4.544779650887426,54.26192561837373,8,72.59881365849725,1
6.861096793373429,44.87126722302587,0,41.18254417311043,1
1.9593372727719165,77.62830364366705,8,48.301559413714294,0
6.920607741427324,60.182122713022586,8,69.56136336687301,1
9.994723531936,80.32506343636379,5,45.20044415811127,1
1.4339083497450043,41.92718536406887,10,59.59632413433114,0
9.794567657991855,48.00395411064937,9,70.08535138941826,1
4.662171646505835,81.1823339663586,4,98.15556315966401,1
8.836781053035333,52.74223931814987,6,35.59206605143152,1
8.04146935652446,91.4552605457441,10,62.22897849996335,1
6.10314634888001,43.515453262608126,7,57.73896725194916,0
7.646042883261939,52.92891896713448,8,87.69688746158246,1
8.906640051712131,99.91361490910413,8,93.02079833199039,1
4.637262894859297,65.98456615520756,9,93.49092179719554,1
3.943298454069148,82.1779398126786,10,56.25975191291157,0
7.0083404700722625,50.95978293142082,2,51.32586028268374,1
8.270613477471327,76.59212409913226,7,61.43960753185593,1
7.860566212989542,83.56636410216511,0,54.07904141802621,1
8.18032283972771,58.86859815199063,6,80.31956863977355,1
4.920249833316397,89.73382671855268,4,44.949973404070775,1
8.360507945575193,76.205054708337,1,76.10788588517168,1
2.081881498335476,63.34738057690181,1,94.88912731731506,0
5.900401881647646,73.45854360058951,7,49.5939498787277,1
1.0518279444830942,74.60565084615546,4,77.3823431612177,0
3.9212724691024325,49.93211756163196,10,40.04927850901648,0
4.298153813842581,64.16394219201797,2,38.49687594680814,0
4.565554224483298,60.60583528116959,0,38.09511346454062,0
7.25920486020876,64.05416335474757,10,39.69697188917442,1
4.4970229114331115,85.66663530911548,6,45.13154092166094,1
5.038242603602776,68.95230444800036,10,69.39813469212561,1
3.1378971778689473,96.41896919435587,2,83.68899540308762,1
4.35926612466406,57.62058480150617,6,38.8799916597641,0
3.045426645368363,64.94221469709574,1,90.90104584135074,0
1.6587633139159927,87.21740862874248,3,88.99013991011581,1
6.431037340432401,72.76147559924502,1,80.91716185520241,0
7.013915186995146,72.82168878546686,3,59.81760596230312,1
6.575413114086531,43.20040978031101,4,30.109006437786807,1
5.171446394205152,63.915979763107345,7,81.43354589102077,1
4.418072021613068,56.24402394530395,1,91.52903012735075,1
8.770002846146427,99.96010736986692,9,53.470046332030336,1
5.671736066225963,58.50130423793861,2,80.25912928547831,0
5.312636898667579,93.06979208763181,9,34.34333300528972,1
1.2307785922579213,80.57402410242864,4,79.66464100301499,0
4.071230448635407,60.45498455152543,10,34.781596459422516,0
4.421760569072713,72.61206270244742,8,71.10304351220775,1
4.589405028072104,90.43215279695163,9,71.82873001267055,1
6.221551323045991,93.00209788185471,10,51.150958809667365,1
5.802422920541906,49.623632500368714,4,35.53859089537121,0
6.471145835141002,60.37438847249018,8,96.45343422987061,1
7.883949353879155,60.1133908128143,3,67.49041828116292,1
8.316871648444842,42.52268776455668,9,70.58306875867038,1
7.46310768603845,75.8942655911138,4,73.05146223213316,1
9.599713263594412,91.28920317953128,8,92.37335488483086,1
1.1640932440872547,62.894463269531066,3,34.217895118273034,0
2.7620018711519148,84.40215669905062,4,92.53014374967731,0
1.068065874803279,77.6620248160444,4,46.777355602789186,0
6.827272427391427,62.53892412958005,3,35.45651747174432,1
9.082274940549881,48.463587969537826,3,76.0086096491932,1
3.1913406691866935,82.55943116655804,10,98.38829509796786,1
9.34331090316676,91.27391013647443,4,34.006944641461715,1
1.5424065126060476,81.15126954408952,5,59.828527262615616,0
9.409924241249628,41.07270904208909,6,67.084916774065,1
4.16460418515671,52.973973663459475,5,47.64832748724431,1
1.9127874560429485,44.16879909301191,0,98.80105044070777,0
5.372845832676931,74.2231659745736,1,74.86742502226792,1
3.3109891094845714,85.38866073042475,6,89.1045470992698,1
3.5638561176573056,46.63475122411957,2,59.10443773801995,0
3.765609684336579,90.30026923560311,9,54.77691210013724,1
8.22723308049397,73.33053870372899,10,68.72105264167647,1
5.85245149007729,81.39814072850349,1,60.46949098386478,1
3.8017692924040327,98.28411091651877,5,80.04636385957562,1
6.493004049798265,45.020859294861836,10,48.60726631482563,0
7.445356068008742,94.07344137866735,3,61.47137217646797,1
3.453616006601804,47.56616175924456,10,92.65929231058419,1
4.7219419137281635,63.57752839820094,4,82.92755302403306,1
2.096974840032528,91.08632177986686,5,41.76491155125261,1
2.630344145812123,94.3752542042721,2,92.08053805741181,1
7.130060685684845,70.38230041270872,0,71.23116133116316,0
2.6329451292606425,75.64627829652551,2,77.55010282907382,0
5.726470453003541,82.48884007591343,2,50.59795960944862,1
7.381416355501894,89.96552010716286,5,60.90809845449603,1
1.9618923078526946,47.29067017225997,3,86.47687352343758,1
6.105809976660132,88.60415849375366,6,53.147335313422744,0
3.309065053312274,68.876569030697,10,41.55431308571353,0
9.666341877138219,67.03740550649013,1,56.48134390884364,1
5.351910820479323,65.4339851198199,3,34.84530671865717,0
8.253932947976423,70.55269511476256,7,80.24995209394527,1
5.952038879406356,96.70303320367621,10,40.342213614193845,1
1.3907127956933725,72.8922263675291,5,49.95881349425913,0
6.698362380346201,97.19065229578835,9,91.67567038877245,1
9.562630079859913,50.817407836938436,2,67.83483605697398,1
6.414506381316981,83.44815872995798,9,52.49369084175329,1
8.372699734841111,88.73437231652483,1,68.336682301042,1
8.957858170135669,80.74772988009171,2,45.27943617423226,0
3.0527179475403923,76.41533681359243,0,31.76211907939271,0
2.90840355917404,73.88876686517094,0,72.26127352746622,1
6.498828899658926,91.65582895472176,1,79.98881529493104,1
4.699256228260342,89.29879582987,2,91.58472358121857,1
8.558751725800484,47.337323270835974,8,84.03183527453066,0
9.1002081105821,90.91525942185268,7,94.86743903468606,1
4.180792413724463,64.84411716642654,10,99.01674328800092,1
3.1318350307703384,55.22180979974865,10,82.14548134220587,1
8.024729637194756,92.18611408083555,8,90.75463105812338,1
3.4732543199332246,65.9214879780245,6,77.16120522597294,1
8.403528866623105,88.501881410609,6,41.965645384578835,1
4.813644282838865,55.80421671735067,4,42.71916984255995,1
7.0079490936232345,40.23575928533307,6,37.71816194206842,1
1.8598178245120136,69.72755157417666,3,96.00823039954665,0
6.614733922089157,46.013695398573056,4,77.09261884875662,1
5.065909108635062,85.26255733149458,0,85.29368253258673,0
6.279476168579267,56.56450816416462,10,53.1810135777055,1
2.5121278697037708,66.61873879620873,3,62.22951970537304,0
7.631863704497639,45.222013905493256,2,32.7845672285685,0
8.765173697889058,57.19955490683516,1,92.23051803045682,1
2.9506582008169806,86.88941459551432,1,89.71024005881256,1
1.8614309996814555,49.095274714139165,7,84.9367934405006,1
1.2127472744170276,78.82957366761744,0,34.0811447376834,0
6.777743503989394,95.04555116827007,7,42.19748149042036,1
6.463846324799027,80.79020558546321,8,53.3919460428123,1
5.92027671442663,88.6613013575336,5,48.414387273917015,1
3.087523865043779,46.53829775823495,0,88.6921886971748,0
4.518153963149632,55.04390956012327,9,43.6385030740434,1
6.350287016675558,93.67233113443547,6,67.24871257372821,1
5.470901729732525,82.90633681708536,4,69.99667684735186,1
9.890069681933985,78.37322958263867,8,59.75082930137761,1
2.227957773010598,79.826004167302,6,46.848155221132146,0
7.256300986428344,64.85203325827861,4,97.2206003616792,1
4.638868912938629,42.673397897059196,1,58.937946958831574,0
4.853796534330533,87.06649252424374,3,80.91169968756654,1
7.458379890923586,80.72279417292123,1,42.88325413593602,1
7.231925361919327,68.36826784676347,8,87.59678179753598,1
9.921303943319694,93.98557692209545,1,45.11242762635667,1
2.155548605087127,60.16957989910593,1,77.27146365011183,0
1.936986844457497,57.65930465387416,1,65.45472010307653,0
7.51904935415867,92.36777950476656,0,40.25899986869985,1
6.205482253057681,87.81925928553912,8,31.74644373092541,1
3.4674459990382527,70.89878863890068,7,95.1523785767264,1
1.7147743209008794,47.844084367471,1,38.79833594951779,0
1.770924246367875,52.90428828790315,1,79.34660000808404,0
9.047717871977065,79.3736794245284,4,75.68794712628889,1
2.726805922468686,63.1024742704247,3,53.920402971396854,0
3.9103440590396867,90.18839149995827,1,42.976802968830995,1
3.039907620042892,96.99730055993226,7,42.48297746187904,1
4.194966752487436,88.3382155164951,7,70.97294971351673,0
1.6248145847148403,62.652725379733425,3,68.28449062368318,0
5.671538118174434,87.32118575388544,3,91.31545142451625,1
1.6085130723299341,61.08650040824101,8,74.80021548883553,1
8.203208570401255,50.02600526593803,3,87.34924832563672,1
3.103408737193897,42.00359229195144,9,32.26891437168261,0
5.860107231440596,63.1430027656612,10,76.96952029200166,1
8.920711788053124,94.2135582218369,8,46.35960469007347,1
6.8578963214247475,54.33919526534059,2,47.69872719759971,0
5.796620078962018,52.39078989578704,1,80.44035703625387,1
3.9190037780383804,98.18924711446242,10,85.54030711774587,1
3.9970172175237813,41.50024677103553,7,56.021483259698684,0
7.025382596783711,87.14692902362526,2,85.30537718078143,1
9.947254250990508,59.28219734445222,1,61.06212727466489,0
6.9565527086444074,42.24927741217956,10,90.03517438592665,1
6.020050756330225,95.06815241257502,7,31.743264052501484,1
7.575854592153215,48.37853981257501,7,35.844654957039545,1
5.186850510553463,73.10675702354172,4,84.34462650873772,1
1.541281083407067,56.44325244577287,8,73.68627394812326,1
6.0606713429011885,43.91156813108146,10,69.13141775448628,1
9.618627560548422,42.99534913980275,5,72.97851651370013,1
2.577726481218937,46.933401930180324,4,95.11334391955056,0
7.210044017385991,44.2820208333628,2,75.88759220066464,1
2.8084031979315083,85.63348693119538,6,75.32332816618852,1
5.822449160257731,69.13397213700574,8,83.16296157943594,1
1.8700880468204766,60.573525480938784,3,90.66344939478788,0
5.053338426323666,65.10213460792043,10,48.33387347668484,1
7.805469960057215,95.7368041343574,6,73.17242014633129,1
4.128143718150839,94.64510876428884,2,70.87824744867326,1
6.984205520384962,82.94058880735462,10,39.43946370488398,1
8.159049647107562,93.08094264530126,1,66.42218817374984,1
9.344600375315075,59.178881655257484,10,34.868536031832576,1
3.111778736699082,62.86655956049697,0,42.94717111816377,0
4.593843242283773,76.82273091125369,5,93.90741573427263,1
2.371744119973757,77.41755683783586,4,38.347022707964044,0
9.932351519425376,68.90199028074045,1,70.52414098927562,1
9.343008711318658,64.03947090627719,2,52.643648719515156,1
5.859614172525037,99.1708186965217,8,68.87193035086287,1
8.578299649387791,89.26741756706346,2,46.44814797166822,1
5.6886217954483795,66.09881187328271,6,61.10656182743621,1
6.612271192024838,83.6375486343741,0,90.71334032037825,0
1.8021198890441497,56.17370159514757,6,56.335188447354945,0
7.797433784471272,46.01015957423979,8,54.712165660065494,1
2.1494213527171135,61.145861533164435,10,61.22826554887657,0
8.434608672272756,64.17836800740365,7,37.03449909710207,1
8.038252789033473,40.99222747364025,6,57.114291721163845,0
7.378702279686788,88.88752009815377,9,30.48301754397159,0
1.325443424722859,61.551604143350886,7,65.23780016042663,0
3.7281552035079573,74.82508994680882,3,89.35587554060005,0
3.368013129197586,44.437791236257354,1,68.64511727633423,0
4.241227667243672,50.499809725035036,10,72.54076247442137,1
1.7887847208745469,93.3816235196536,8,32.13943598818365,1
9.432620407279565,76.52125167296805,2,90.16604860812527,1
5.9842201664113865,97.01704301022913,10,56.9502486960181,1
3.749718795922212,99.92500206347901,3,98.23968764246948,0
4.5728336536685505,62.311606919985664,6,38.4325758671182,1
5.024822864543521,57.928183844996475,1,96.12703193496664,1
6.405349000245556,91.50136330954581,7,74.4003634435426,1
5.6411148492684795,99.91668562224726,9,33.66382102034159,1
9.274527758929755,77.77847405394743,7,98.01893544857118,1
5.472671346152472,87.70844335069134,4,30.971114770168487,1
9.929422133409814,86.90475152891648,8,81.14901180836938,1
8.662824619705862,61.320382493172815,7,92.26709638716662,1
2.8765946292160223,74.45622281542524,0,42.306808796111014,0
9.375356931795245,89.9834164758528,8,54.03500334884659,1
2.0472975809692846,81.28683257566333,4,69.28605383772022,0
8.357047376420724,41.269828838922294,8,77.5866500091474,1
4.4256096412892205,60.20234013385201,8,91.0313107456216,1
8.901768884005627,48.66854179567632,9,83.27493296148141,1
8.812510210967053,53.978332724682346,9,55.43318006732564,1
8.253328601058591,94.32936864947953,2,87.5203868250668,1
8.110273926763552,42.21359733464609,7,97.62537047609092,1
3.742112251882367,53.188042717715426,6,45.889032686914526,1
1.7282735474612696,58.57416113429389,6,35.186691541810056,0
4.626821608886453,77.01304431798368,9,59.86338123593272,1
2.561720634878578,72.04610140515193,1,91.69779727702857,0
7.254559800122156,53.09616897120317,1,40.52040534154363,1
4.11489753884007,49.85446403338926,1,92.0058731517407,0
9.780491807739233,54.20788207576713,10,99.45491166153167,1
6.768748696107988,70.15177760209933,1,33.78015616182095,0
8.40232507270925,56.27066714267221,3,64.66794616988388,1
2.192722054676636,96.85615009646332,6,53.021984629927516,1
8.758130340453603,67.83191328573085,1,57.55758984519177,1
9.30481471462055,43.527760992678225,4,61.614432664241605,1
5.3835572693704234,83.755984350198,6,81.77927695158328,1
6.456276439758797,59.73071729253938,8,71.39097922198235,1
7.883288208126959,79.20933592349485,7,97.28407617517462,1
2.573547645343713,56.77566223139392,8,53.293521946767385,0
5.523094688170982,74.24462450399919,6,67.90528577379199,1
4.587967249950818,86.32915028844788,2,86.93299716535878,1
2.317365929460242,95.68052450647323,0,56.11198918955761,0
4.307809800623783,55.66762866598462,9,62.57094404276367,1
1.6135507844694421,60.09141705993887,6,77.94821868796588,0
1.232307162545383,67.85598521715639,10,90.25209530230146,0
2.2164966023934047,95.63049026415933,5,59.09770292966802,0
9.668036004302564,94.08321140863943,1,67.2365330502718,1
5.945765823055153,45.39269680603828,0,98.25855997035873,1
9.69239945037898,47.91578954522865,9,32.97284133629028,1
4.892480904971188,69.7305506398383,3,61.376010166168115,1
3.806345197767336,46.39715636832541,3,74.51872957904403,0
5.555276765562197,60.73485240092185,5,30.58992202934876,1
4.955605197696191,48.90312269304866,10,71.77505510964902,1
1.9509821583556952,78.16242130791315,4,33.93399682641063,0
6.767436832211856,96.9697259043497,8,90.02908776537284,1
2.9443436425863965,99.80402621766288,7,86.49602668559962,1
6.576291594080466,62.514467949814886,8,32.25785957590174,0
6.85180983158338,75.94075822687674,9,33.416281719016325,0
2.368223678157833,91.37605921144487,6,82.75297520931217,1
1.5521466439960134,47.04772436778304,8,55.86814248048172,0
8.026854274615959,81.3738646631179,2,70.25180515568275,1
5.138203813923882,64.5306197035041,8,48.922978883576874,0
1.523474159549282,52.36876961680984,1,42.107821327286985,0
9.953796854527905,64.16521712484652,8,50.725398228329304,1
1.5200250489672997,44.557617217895015,5,47.26995901567916,0
7.255317059726979,81.72442891535835,3,61.38152067675341,0
9.853110327370722,55.16456012490718,10,82.26733157013803,1
3.1526209379433308,58.684338702692685,1,68.78905855488696,0
2.2802443181847654,47.26487789448777,9,72.6424815557803,0
2.09246445480186,91.8795468333935,2,62.905501752065895,0
3.72947632810836,69.60665675696431,4,52.73135481419714,0
1.9094122990958202,74.32881266718402,8,40.045617775234156,0
7.229452075247187,74.16596098569127,6,54.81958213798006,1
1.5606261831705641,64.6295868724805,10,76.56390313497056,1
5.584799153348108,51.551794926288366,10,81.36441960466743,1
9.970271684676792,84.707964909904,2,62.84270807357495,1
8.325732425554168,47.62337592146046,3,75.1498092208132,1
6.536974944079098,46.232427416728626,10,44.73787573189766,1
3.756282587079505,82.6087022557902,1,90.20464245067694,1
6.6150625266247465,52.53022122711903,7,90.61555154734972,1
5.743373175204865,58.40636508116994,5,52.42295490907678,0
4.834750455013343,68.51364802010441,2,68.33985675064491,0
2.1763933906617954,66.96107900377277,4,72.46634198906534,0
8.9794379371642,82.51474750389995,4,63.0701027149248,1
5.048061839391902,77.40590760660166,0,93.7799507490451,1
2.7516026063868857,78.66376973691195,4,81.78018627552275,1
4.309834157895606,82.84325983932743,5,77.07573448261128,1
4.727167772760343,57.55676364540792,9,66.40652550749951,1
8.447841060101869,59.33999870802842,9,35.93931309571197,1
7.6025294250526185,66.27986487373325,10,37.547496433406764,1
7.923744042772058,58.447730382011564,10,50.930620357081345,1
1.099281379857825,99.0962721382518,10,44.80655878582394,1
4.745385983617854,88.84311558528577,1,96.6771680335596,1
5.332097364717913,49.87928129536178,2,58.68687630562124,0
1.1727304914075103,40.33564935291217,9,91.36238070611265,1
3.3383188787053077,42.56699609483607,4,87.26557785663621,1
7.842608408099215,54.64380706257552,2,86.87991909159665,1
2.2339873515609914,46.857477150211395,4,45.09952676027961,1
5.817791183073325,72.00028689355432,4,61.31252691005708,0
2.9368168481551375,91.47971336364151,7,52.256639415299766,0
1.1090869717950396,84.20501325479364,9,97.92877026872438,1
3.1708131183958734,52.93654378493142,8,91.3721010906969,0
9.782863794190485,63.95795536154715,7,47.494656268116515,1
8.213834006946907,70.47365257187666,2,51.94642525671131,0
9.636189798889301,88.61235097020014,0,67.02364663044771,1
5.390686395337262,90.34729618636989,2,49.50240495919679,0
1.9876257880975317,94.58309871446656,0,87.71709766108378,0
5.931635400763237,70.5547150301725,10,87.34618945333679,1
5.089396011039648,81.65648478615178,8,80.70383064804858,1
8.599213744656543,46.70802227403623,2,78.25171433292302,1
1.8827432270582012,73.91733759723893,7,68.31110552464591,1
5.394170233196004,54.92150856826811,5,54.29785799758221,1
2.3504379822458583,65.90301310159667,2,88.58569169412698,1
3.9220833420105397,78.04303049840317,8,90.11825198762406,1
7.636213696490197,55.41915627122687,7,33.465662820491715,1
5.284163164318898,43.131103467805666,2,57.903358974685545,1
4.382994566311924,40.614031384525454,6,31.863930631515714,0
4.550286507130318,41.329572132671295,4,88.76341762897442,0
5.13502091565388,40.50098425082618,1,42.396527256542925,0
8.065148894533511,46.62130339347253,7,77.17067353715728,1
9.02876220046211,54.369322874207796,0,55.016307238605904,1
9.598012178535354,53.273290850937954,3,87.12458172625156,1
8.082130476297657,99.2077956507938,10,65.67808301776351,1
3.8386620617321148,58.3603663125366,10,52.70813471160898,0
7.193212354778879,47.645247001563945,3,52.670946707551835,1
4.938428116498527,72.73375265006547,9,52.88490696951045,0
3.2920355984144605,91.4774473238505,4,85.2005451843512,0
8.567844214833304,80.6836226072605,3,79.77809191786714,1
1.345837140660925,57.76492534812702,0,52.34498751425731,0
9.115857929218812,73.6969695874873,6,64.31456622605222,1
5.153297181622607,82.89135845202455,9,35.330736987052774,1
6.7348132912745236,83.68626954206454,10,87.92501878515962,1
6.934185299852045,79.99230731786133,1,48.616836661062216,1
9.056059666358827,92.24862548653708,9,92.24575992870878,1
6.730027139504866,92.20632750064627,2,71.77576851090483,1
6.525402262840556,74.7361935644202,4,69.74741135512296,0
1.5998683650462096,65.79138214667273,7,41.39031196199551,0
5.6656721975068365,78.494217733906,9,34.86747517130115,1
2.3515210073533748,89.09272008222779,7,68.68316066872788,0
7.6369039184933705,40.339126290471086,1,62.759238627865685,0
5.60999728731407,99.51982054089106,8,38.377812350408384,1
7.12205001287518,50.97362633975195,5,88.49114057627307,1
1.3750561054214585,68.21493913959857,8,59.20680834230005,0
1.7631281444122289,92.32178409057201,3,48.23204602736209,1
7.4469104925641405,53.50242394265196,2,85.17904652024718,1
1.6487590239880603,68.607713434023,4,93.91449097438559,0
1.6413105498873275,47.95493081087075,4,51.41738922323282,0
1.108976277113987,63.70457952329156,3,84.31649197811531,0
9.60851258469532,50.62812728758015,6,75.67637599059594,1
7.637575235131062,61.817664926269416,7,99.28094486278643,1
4.179262676518578,62.40785300756332,4,44.27948951878593,0
3.668820231588897,99.59024737589996,8,97.24752961545181,1
4.147329067712646,99.68878175822633,6,52.069043969692274,1
7.971881780630636,46.88717671963674,6,58.836800864968055,1
6.95233549963373,83.55812675970083,7,55.11780699018744,1
2.6667601108072114,43.10472878014607,3,48.79154879618631,0
2.5669840180067593,41.81152092023132,9,78.52558070012054,0
1.8855608474205758,46.32003365469786,5,71.24017245080913,0
6.942724477312043,97.92913942047605,4,51.39843619844675,1
7.8793539599956235,96.45181287368185,0,39.25487195627934,1
3.385417854925036,51.635669216840824,8,52.216294641324474,0
1.1885046492782152,49.700340133222696,1,56.686191817869485,0
1.739545007287846,54.43210519095682,5,56.64574101847491,1
9.710740313605275,70.93281964450853,7,55.00816736338133,1
3.659002997296782,74.1822779221246,2,33.410575435619585,0
7.923008330543203,53.29560582636684,4,62.482317553106185,1
6.621972119688374,85.39736728539671,6,88.53456680717149,1
4.437456756876063,58.573190164159044,3,42.6256404300963,0
2.851185359759996,95.32787953176462,4,40.19601403992169,0
2.092477763434658,79.40336238740383,0,63.02957386713678,0
6.5351167123498,66.1810716582167,3,55.9422108505008,1
7.971704025740092,87.39472010217072,6,69.28964484994856,1
6.795138281870176,89.07487756279988,9,96.29520167640925,1
5.772719199242425,57.42889633653662,6,83.26203752329633,1
1.3775610108847265,60.38287263016506,9,78.09407072269084,0
9.716398998349455,96.1573092237162,9,59.115586107557505,1
8.18842772489117,49.88446230179632,3,50.11518854671444,1
3.6353983303086825,42.52902501777605,5,67.81848723071165,0
9.819732964229656,67.24331935657295,4,91.98104693628977,1
6.416934306726899,88.07259401461774,0,91.37197573579601,1
6.241803923865218,86.30008637864475,7,61.1860464124452,1
7.732658614865789,95.17183773476995,6,47.23542472655756,1
8.305928092811238,71.9920398621424,4,45.774111517561295,0
6.9083074659835235,46.003880293992,9,32.379189173156284,1
2.1528617172958002,75.32133846016097,9,88.98649724071626,1
4.044407553950485,86.7037368611927,6,48.53866236833016,1
9.352752762934447,45.59968721618959,9,55.12993987043167,1
3.0215405065946674,50.359444065855385,2,86.64512986538452,1
4.34950321453762,40.737439669340255,7,38.401683624103725,0
4.888691946497763,75.61915476680862,4,62.28638551700096,0
4.95464490725007,93.20406351675427,1,38.5638965944933,1
6.5164562424507295,80.23979896012597,1,60.92939986579272,1
9.487682539702368,98.92240525545893,3,33.29977015401129,1
3.1662344064925447,43.78201914998569,6,66.23359782094187,0
2.0935123867082623,94.18006510908978,9,85.69968033499721,1
2.777234408739436,88.84409724320085,3,77.34076723538053,0
8.982324101883425,58.85449122997029,8,65.64183067041805,1
6.812297313896854,98.41159311023512,1,88.01310985044087,1
3.573161103152441,57.27626489028491,5,45.94515824714351,0
8.343522450717554,93.3582834296931,3,88.15573994889951,1
8.752329967270924,92.84491462445136,5,49.345443571172325,1
8.618629048212503,85.45945699617835,9,55.37404388405333,1
9.27033880275599,73.80822842877112,8,38.99011411623447,1
3.270169181560254,47.20016497701329,9,37.12283294535532,1
7.795377358716505,71.9183040697899,8,95.2478063149906,1
5.14485547546726,61.40777533929607,8,43.29847730294841,1
8.577986976010553,87.5330219893211,8,53.33073085433634,1
7.5564160944545185,85.4877523898107,2,67.04061892649533,0
7.9880270184975215,94.63675044235632,10,54.350699282219,1
6.905456539129643,40.889809745902475,8,90.90932983651453,0
2.596858925227362,88.54619300938276,2,93.05003344127407,0
5.905242270072445,96.30772318748012,9,52.819332017546444,1
9.862027655720574,87.358026946489,2,36.44193873166994,1
9.43649259847407,47.811667592222,4,44.71107638050239,1
1.388563622173105,44.87674629045326,5,63.207504451454476,0
2.483333341564934,41.25071438846205,8,50.19367295636095,0
2.1855589610910573,77.72471354968425,0,61.74305662720815,0
7.53381918986766,77.78035911159324,7,83.10924498046109,1
8.360067968712507,99.21482285309273,3,59.4446903642982,1
2.9216022967960473,63.88259044624574,9,43.789821934555704,1
5.552674236566461,59.91437709384981,6,55.057734840945265,1
8.5663272521008,77.46549563106355,5,82.00868527039732,1
7.595213902896255,89.53652035045565,5,59.68434841496445,1
5.880134849426635,96.20643697138011,6,47.4676497079727,1
6.313129214128956,88.1874499707423,3,59.91881474451323,0
5.57524492224652,65.60043883694829,5,61.836468137786184,1
3.677936061869385,78.09485411872384,2,50.746404334393375,0
6.085197935731145,91.37795960296702,4,99.69795624351272,1
7.199967718450816,69.43658129870437,1,83.73382132220601,1
8.859906242747268,53.001198622323564,2,78.47184908678652,1
6.726622185813232,50.18340638487238,8,89.8406889199101,1
7.850093833388422,40.0094646746834,5,76.64934370358122,1
2.4406447145911567,83.09427969887706,2,85.36862401385784,1
5.154017269778109,46.66583253075943,1,58.8767951163106,0
1.0839845784438396,54.63034598175643,4,65.02602389365293,1
3.220109780694607,57.8725798913676,9,33.28974683119946,0
7.5381554360170435,73.6227916082061,4,49.6452473986171,1
9.926289562144271,63.87743663774616,0,55.76086864633212,0
1.8926028962849433,80.48043952138971,2,73.78291577935309,0
4.613448842751595,43.338319559722166,6,62.49478993557324,1
8.200638718292435,47.43635165586637,8,72.54867836963095,1
2.8363207116600897,69.952690211996,4,79.93291341597173,0
5.995764543720576,60.21788727080979,3,32.99030673673693,1
7.597641664267073,57.74880176508158,2,48.07944229025301,0
6.543869052341611,44.02168474225137,9,41.96327107813127,1
2.692222611538745,93.74315048488009,8,43.121858341967986,1
4.198461118171655,81.50911516750304,6,65.2187776942394,0
8.054126060368574,47.297089409178966,6,81.79851435499478,1
5.98803862718815,43.902757464228436,7,49.09439237477641,0
1.0470665218862147,98.49235200587458,9,87.71144666949985,1
7.848916840252844,80.87035302637028,0,92.47195620460018,1
1.3178021944621516,65.0473642656245,10,54.53737104142466,0
7.711604044581089,82.10386244534709,3,77.69495772679576,1
2.8223250414871366,85.37990718880954,4,38.193450585957564,0
9.622661321074421,86.79773214332675,4,82.08197998400753,1
4.31146676171876,68.67263833918346,0,41.55167128336332,0
3.942384547042712,65.79296548749087,2,78.11910626397146,0
2.339992452992002,40.66168505613402,1,59.53300024221291,0
3.750437939411934,95.59342690851028,6,94.99194251329786,1
8.889856856453804,76.19847270333659,4,62.512240728267805,1
9.967009038645227,52.189236231398084,2,32.16319722273163,1
4.314785774561635,95.1762051652862,10,63.64683253721279,1
5.037495678590883,94.89591410621779,7,85.68491207019952,1
7.498638443824634,99.35104986196575,0,75.2959031620795,1
8.97576202418567,92.44339378833874,0,97.64206376302718,1
6.337399007681057,99.86706326920388,5,89.0290743045322,1
4.523731283600464,54.68117128739635,0,66.8586164028294,0
4.713596567637614,90.53497511195405,3,44.45643959237787,1
7.260563318471262,89.38169852774587,5,30.264224087548616,1
1.0289643724385082,53.856421553244026,0,98.63516779009578,1
6.576304037138566,45.906252940059446,8,95.6823788811869,1
4.199437093972216,98.76523082065597,3,49.190079585263504,1
8.147775981493758,57.761473091236624,8,74.67510503566089,1
1.8369157584081894,92.25350742806836,8,81.04676940203075,1
6.2938204025355144,40.24762928047623,5,70.46094227228164,1
5.328756008975113,41.26148843317613,6,89.00731723866684,1
6.780929733147047,67.9522785217821,0,35.44772539024096,1
1.5836823503467152,54.322881036103816,4,92.75458239051494,0
6.219854086853181,81.39047700615785,2,57.44133078165444,0
6.053361291635714,73.93385953407726,9,63.6483015102354,1
6.045940849745539,44.64914784702949,9,61.13135552951705,1
6.431388999368093,49.757697778943026,5,67.19003560785484,0
7.08821143503726,63.28295620350485,3,71.87179303200274,1
8.244900997126928,51.13624383732599,8,79.72404030854344,1
3.428386481153929,87.53334083463571,6,66.74582373526428,1
8.425444691620559,64.9642141331968,3,77.93412792062232,1
5.484301140371082,45.60591201054996,10,53.68082105134904,1
1.6935245122089806,69.06057413632749,5,95.56766091805908,0
1.5269583631958128,45.45029086368485,1,34.51717138598384,0
4.008144868264547,47.736238325189035,2,68.18784259927655,0
8.064072794003208,54.376589921692315,10,36.11773232152003,1
7.369128412668242,91.57166231484939,6,60.99369252258512,1
8.09753468205166,95.47675193997831,10,48.030765035698096,1
5.655421507974484,89.57546375992415,3,95.58324147078534,1
4.961790981599415,60.04463304507084,9,30.91527704701604,0
2.3270727403565554,56.3467864665299,6,57.384254179901994,0
3.953734782483804,72.94934144741435,8,84.74299247948682,1
4.9061742955648775,83.31118963198674,4,43.192298885602604,0
1.797403867116555,99.6023672896105,0,87.09117432663771,1
2.985507574400901,47.894242712735576,4,90.18075614773767,0
6.384027646573649,42.95751994142827,5,79.5602099752039,0
7.620968028152708,81.66135333971626,10,44.634842769831955,1
9.985127602536547,89.93354701023434,1,49.04270596070936,1
9.39801998209202,90.7809267919854,7,41.68543100867534,1
6.783086795816724,80.70781294462964,1,42.88446160409798,1
4.791232479646649,97.24094824715122,8,32.554460753276274,1
6.725596282374094,70.66028581267521,1,90.01205568387866,1
8.070864562722088,94.82888790017276,2,66.99516011994851,1
2.065025718310486,98.06872821949139,7,52.94314567209361,1
4.689144007266594,90.82944742018645,10,50.27038972443856,0
8.558220570720554,58.58551379551724,5,68.12874075133105,1
4.4544965673973955,51.77293907021772,0,52.86793752529643,0
6.146850441044679,72.8872038989091,3,90.46025825072437,1
6.289924247759784,67.18088502281131,4,44.76702045258375,1
2.6602862782027543,92.66550053156398,10,91.76112539889968,1
4.260118974870595,46.001900264029224,2,76.48647171024004,0
4.01060159867739,55.46440367869111,0,96.96404543184791,1
1.235770376788583,85.10793667112252,2,31.05750691449854,0
1.217725875022197,45.699198698638725,8,34.13668959978095,0
8.485273393081961,59.24586484130201,1,65.06262157556012,1
3.457637289755312,63.229323643238985,0,93.86651810224339,0
5.662708896149339,77.3556277937614,6,81.15564660711016,1
3.6885301622989575,49.487958743161876,6,73.54951527635333,1
9.466113206038065,91.63626942098257,4,32.21215089621286,1
3.3336708297919637,66.85253412797645,1,54.791465188882654,1
4.866911314650416,95.02130271283339,0,54.209702503200006,1
8.854572254361416,68.0721948180359,4,67.9459977581934,1
8.577402101126278,56.502415536444005,9,48.04794455427333,1
2.674912760616496,48.50972972126049,3,48.7009000624432,0
8.223789788161394,40.22470568267709,8,73.46025600537315,0
5.123681980641034,71.92944909909014,4,96.11972803199096,1
5.346719848768197,46.42940181561541,10,76.21253725456867,1
2.201319751743494,63.5036658178707,9,76.76910867867247,1
1.7254136238141218,75.35630567422521,1,99.03503693716809,0
7.551453762763886,56.541153814162016,3,40.74347169488531,1
5.468150371197698,50.513457541966915,8,32.36843419402523,1
4.931656323536616,86.4832973565605,7,82.18597655224087,1
7.5655740578715704,96.80747033689724,2,60.715120323291046,1
7.889616090919988,46.02642507171796,7,60.01763483264044,1
2.430173509024182,49.33541946310047,1,45.77123634541226,0
6.492026345298772,97.60075943516313,2,65.4804128363327,1
2.2181867404991698,42.26705330873477,4,60.95206406074112,0
7.762375774261411,98.65794019302834,10,54.181500549243005,1
6.912596406404256,40.27866898509933,9,60.992161153689324,1
9.609531589751121,92.42011933907989,9,56.86843395060229,1
1.6206221472077906,58.43951085926497,7,95.79274506626757,1
1.5134924903612887,96.31533149063779,0,98.61761602330847,0
3.539683672238801,59.01671731813513,3,88.79306527582278,0
3.355351153623154,79.25837929204336,0,99.32898637084875,1
3.2228091916479986,44.8019541859562,0,48.6003600320426,0
9.15629122468933,54.53978868722434,4,89.00475769432578,1
3.245915798645555,86.42076078875505,5,58.46403083318347,0
3.447547535157679,71.72115122072918,0,82.22954784444275,1
7.8345843617616735,95.67814370722269,10,44.09748484413313,1
5.04765858205486,65.72508450048126,5,86.83692628189151,0
7.990395012596631,92.18874194883539,4,35.84250983098437,1
1.588295418079467,66.93732624869425,3,48.93903947014826,0
5.388140743060458,98.75489672211911,9,87.5366831793009,1
1.3025224016495436,97.5900628839326,4,82.3011455275296,1
1.5638788310981906,59.748202333364816,7,65.08727284939025,1
9.157937080099698,93.15542022500819,8,77.09549420031462,1
2.2532083400583565,90.85668245293895,10,42.99018171471508,1
5.791786140476954,52.64082383965377,1,76.74345356423959,0
4.699860423406359,77.45742404699618,5,30.558331713904476,0
4.126089936329584,44.360938935388894,2,88.32511071670542,0
9.098500111185452,90.2026432350077,1,66.14013255992606,1
1.1964105709794055,50.47275301020979,0,96.07149161267073,0
6.9741071755803015,44.24888208314587,3,63.47149871259473,0
9.670549907921954,64.01314573232867,7,60.31610976284388,1
6.041513651156578,74.61532831597862,2,61.50369686784698,1
9.431402158297827,91.29501751358626,4,55.18100341927072,1
1.470320913574214,98.45455153130419,9,41.66725586898578,1
4.769139871667452,66.36955075419182,4,88.9443908861854,1
3.3414201186584602,43.62681537911621,4,57.235978543080634,0
7.577388684826568,84.94693474155224,10,67.0375899732201,1
9.83167381447522,73.91039537343624,8,31.39208415244055,1
3.30877056199823,66.87348069066779,7,34.217771089979934,0
6.88757141326667,58.55613272753138,7,71.80282606344912,0
2.7828786948376614,70.14391167061214,0,91.54596577595262,1
6.087972291144489,60.320776267421856,0,64.53770796182522,0
5.175392380195026,85.42071206484161,1,41.54822064235443,1
9.748047966683833,72.63362178955846,7,38.12891200561782,1
6.476745454268199,92.61086644924671,9,92.98516009750468,1
4.145557348781369,72.61263487896653,0,79.11464978106798,1
2.0268620639914,54.2957448003958,3,97.633688815802,0
2.361221458614411,91.06551293392867,8,35.76440349407297,0
3.0278523695611157,73.43314269580264,1,93.18289985163892,1
3.258699952062682,52.41046228861367,2,89.1942618768771,1
8.65554452057024,77.41046859737332,10,92.52296280469076,1
6.051005094542724,61.46300589654565,5,30.40340696249977,0
5.710518202369298,90.66433673752394,10,81.93324363690363,1
2.0329198468229572,67.19798431879258,9,68.42566799131473,0
8.741257240144915,83.586481486445,2,70.12256036308938,1
7.5053287288763535,45.73217245817423,3,62.844139114692894,1
1.6090152571000143,63.76146077814077,8,81.98738424237536,0
7.370515875067918,98.99448618834393,8,99.98875033334832,1
5.8918439560838145,88.5076173686289,9,79.73768514919144,1
1.7355281117210044,49.59644814201572,4,77.4635291227526,0
5.124705773757908,56.6658429686353,6,75.81064009760567,0
5.362266584170423,59.78894853138166,8,78.66481688931503,1
2.4919708614694818,79.02193362972673,7,53.94787272015827,1
9.51128332300254,85.41968556937934,10,52.41538205664931,1
8.649778343325957,84.97159652847458,6,84.90365847893544,1
7.021201035961975,70.59244337838416,7,33.71616121470759,0
5.160660049005465,88.64923227028908,4,83.14734167423687,1
4.705889874260577,66.2246849654485,4,86.9689109618698,0
6.858761204358587,47.43283391773372,4,66.51185717103874,1
5.908886824662149,73.8665104992288,0,93.71036667891107,0
1.5604579529369706,97.13808307606641,5,63.116120600302914,0
5.612523838932985,87.57961908355068,4,42.466066766709105,1
8.257632555095554,74.72203886153454,7,55.2979054094671,1
5.133158898372622,78.80833962094582,7,93.41072541517605,1
1.4676091979884158,95.83372162213436,1,99.5616801827071,1
8.076503794456297,65.70056766609763,10,59.52977768926384,1
2.8122740392237695,59.88364833655824,5,41.67925819155605,0
3.327587513992349,98.63449390002694,10,50.04304961638965,1
2.482357180890663,91.80658801062,9,68.73074397597748,1
3.971935583843478,59.38261507711614,9,70.04671427940026,1
7.810763551197716,67.82683584165537,5,74.1041584685506,1
5.674472735535436,64.90468774046795,2,88.47473608007829,1
2.843931467356413,48.94574072028604,0,79.78499061816194,0
8.900470703368367,97.46915942879554,6,48.258815855175484,1
8.916236694563763,64.25874587318553,9,57.65308424872003,1
8.835205825414063,92.51974495827449,4,88.78716086628094,1
3.1491659024338534,51.3613736608399,9,74.33678694239978,0
5.061154097628893,72.87224863823319,4,41.649263377130644,1
9.864906905267876,41.43768310745619,10,52.787716285622295,1
7.948112286789914,85.85322903053851,7,85.37636387016309,1
1.2445067910300383,74.8548338947767,4,42.04658863263664,0
1.5868413213444286,77.53537500818516,4,78.37354569045456,0
5.175382391310995,43.10325295327921,0,69.44755753621011,0
9.182981852754041,52.66229981251692,1,40.32324344808016,1
5.848316181574428,44.45985234121481,4,78.22152468216555,0
5.480312572308612,57.33485894822871,6,39.96442794586188,1
1.9492632996096753,77.64634046092905,2,57.890490537677685,0
6.911020942518647,73.97115905904252,0,51.599194716716426,1
8.39892844540203,76.72898929680342,10,78.30069668808703,1
4.423780067568061,72.95507628267366,1,84.76536496246567,1
7.980506658327947,56.38172774055156,2,41.782160736913944,0
9.680289885107305,54.67044984066551,8,86.83977198192592,1
2.833898132149202,48.22358101219488,7,30.504983919619047,0
5.709966680752672,90.94425249420952,3,67.10409831397732,1
3.58424162276118,76.98876151247467,7,66.17522229122717,1
8.135689771304554,51.19066075024359,8,73.66750015262738,1
6.198340292930418,50.632562789274374,2,46.779037123427244,0
6.711241757952734,92.3821360915682,5,30.6899780951141,1
8.181227436543047,84.56385182579916,7,61.83340412989796,1
4.563734253962094,79.56394479432228,9,34.998434788077816,0
9.23581061566339,64.41184645235799,6,92.45357207648078,1
5.797259805215259,55.71853385671105,8,42.15664279824214,1
2.421593405518132,98.76704578676942,6,59.76630772490624,1
7.263092063519222,87.83437450136802,0,60.38002731682686,1
8.13935215394429,58.106753388176585,8,68.70052534867433,1
3.85085509360774,90.85388777670968,4,84.77726441392781,1
8.714613312988778,85.5359169168809,5,63.05037053561457,1
9.155289292891897,57.8248329926799,1,31.80272870543312,1
3.4921403864002802,65.59317125449837,1,83.97772878225626,1
9.851693254436999,51.1572067234616,3,35.75213202346241,1
2.266403752438826,46.66314666268656,3,74.90873045812049,0
2.81814101562241,83.3657219703818,4,86.24006560563268,1
2.658023553142235,56.050711441231996,6,49.78831207367307,0
9.045907390070834,89.20356194477522,10,61.437453717882185,1
6.8886329709246565,99.73652269086557,0,31.003508953007163,1
2.3689385490004558,44.59718883577892,9,86.27126397129197,1
4.962910765315141,68.38210750502202,3,79.22827629445734,1
6.5376822256282185,88.12375355864819,8,46.19711760714901,1
1.7511767649044496,87.33705379247401,7,57.315833850605244,0
8.94174731566605,85.59982949985812,2,78.6721551260778,1
8.232431818973817,60.939696118114654,5,55.07141852958447,1
5.5468609621897444,67.23119534110313,10,41.369034289038986,1
9.704139537332534,75.69810144048822,8,66.29538702145358,1
4.759848813475897,98.43643501439543,7,80.64972992005079,1
9.85699287132848,59.65283625630957,6,52.456665490206206,1
7.011279989232643,95.38863326301146,6,38.524059015112044,1
6.712041459285473,56.16141509082965,0,88.06809132683837,1
2.493594057662065,99.34446792842228,4,47.69613065129862,0
8.937349824741796,80.2158212096555,6,65.89704678746246,1
4.847407191285536,67.81068882151305,1,78.394020464247,1
2.460100652042314,76.8034256838163,5,52.19526402759546,0
1.1134676797818313,56.35187014241241,1,75.40455761606928,0
6.037801152745443,56.450431450688,2,62.17966545090698,1
5.746596599104087,46.81327263060963,0,69.93056585866923,0
7.474182601322427,46.843017862323926,2,71.34032725318599,1
9.01232247716022,60.86030448813468,6,87.69054808278204,1
1.7146592617872658,85.7713286737823,4,75.94283914047355,0
7.583468413063261,76.47827005588975,3,48.50146845290874,1
2.68670749687824,46.15507361986125,7,34.17230387969124,0
8.723593478414475,91.13419149855466,7,30.138988085259292,1
8.371571624754905,76.08205761940398,0,93.30921693368968,0
5.867143794869899,97.65133460708678,8,95.94770362615444,1
7.392185187609804,80.21112804467245,8,36.587804136526756,1
3.8291510186537354,50.510491822250856,1,64.09375327975737,0
5.240511090395332,68.42700173846933,1,40.61166424223741,1
8.394732079394245,78.90985585283225,7,96.41243606928593,1
5.133386774558925,41.69588206299866,10,47.27827617757666,1
4.220184387928976,40.89461584928847,5,65.11529669178992,0
5.447912025252699,47.76418003591407,2,41.59341342130418,0
8.454243271934965,55.09986610272824,1,53.293275915214366,1
4.016872426337855,65.77294741124054,4,48.67644526490267,0
2.5638543382216943,69.24642842558731,7,63.27982300805299,1
7.408126182977027,48.28165653627381,5,59.38473734155039,0
8.433803914372735,80.40349474694985,2,53.15584562202627,1
1.9057373067118,75.76828370179209,8,37.41143323538885,1
3.1588670148035023,57.66784593046961,7,63.91409154048637,1
2.277747907848945,40.81959300611752,9,89.51456126640866,0
4.131472704239499,44.658874921197445,5,81.11563356098962,0
5.053158810148714,63.50168653065036,0,80.44024189138686,1
7.739437032669758,49.23846106994104,1,55.62642157217161,1
6.860328263935067,62.60917636887825,3,79.5893356477436,1
6.588357107305881,77.69095627062131,1,62.587203697994305,1
4.171374519486889,72.83424567275702,2,40.51932635867185,0
8.57302797776284,53.87055298824365,7,59.33348249846357,1
5.241584506583481,60.629349475525146,8,39.29170417221182,1
9.81194444213639,76.84187190691904,5,38.01379732345751,1
6.707279244661631,91.65130168260691,3,31.61415159203275,1
2.1363826740805245,85.19280632433264,10,49.79980106785916,1
7.085598058678906,73.2040016100049,1,53.161234896936136,0
3.925936138885291,61.73757989898917,6,78.96105990569448,1
7.1769447701748765,61.903076652508325,9,67.66033494193485,1
1.6267703334616517,92.76503861586377,10,90.09147984373183,1
2.5739329345836346,42.354614562432786,6,42.35294386939596,0
8.701635330152076,99.27895866521565,9,48.61696521018698,1
3.044616013211634,79.86252465109374,8,95.8753277800391,1
8.53337012718646,80.86826194434343,4,61.083167344587004,1
3.5134847960896938,42.27987023828453,9,85.2335660134059,1
6.785937190528369,76.33175649347633,3,64.45173540546423,1
7.247355161588479,69.08668360542683,9,62.97599599180233,1
5.613892778305477,46.34673441364402,5,40.368140162074965,1
3.7477960902705814,56.675320646161545,1,89.58397276640103,1
2.913799387339865,93.41886737281908,1,35.48486963833442,0
1.298704191061836,72.99930495195719,8,51.7182766257129,0
3.7355176111665145,64.80499451043453,6,77.14276502041255,0
6.878465114781547,44.36092935044866,6,65.5080285565621,1
9.444743366036343,82.84729164413834,4,91.69648288800752,1
8.840840340367468,82.17104940376196,6,32.75085669515411,1
7.8945829888177235,76.84261641835381,8,75.45852636498111,1
8.096026089279688,70.61575877323895,9,63.42258294389874,1
6.984864131283957,66.02706413244236,4,40.80182764273557,0
3.342581718094027,75.59626557927953,8,82.02763349788154,1
9.16475527635247,54.003727103704406,0,58.791479878421676,0
7.036590807152506,96.47554385065887,2,67.21073329656784,1
6.04396567882396,75.32767175081378,6,97.70862464541759,1
1.9989052229213295,58.671546661262596,3,64.03610567176321,0
5.023499894257829,66.98079105310944,1,87.63610058910498,1
5.143224440817336,88.34108733261354,2,83.87042663388709,0
8.78107248570403,49.696963643817845,6,76.39282140596593,1
5.919833981690096,57.57013734761563,7,92.77685003452336,1
4.423604940733687,80.77048136419333,10,47.61211528560266,1
9.791202956595933,58.92935238893344,8,87.45398620273642,1
1.9964853399368412,87.55010091168796,5,56.445124187813974,0
4.802935854807501,47.82720923064165,9,86.8743623056855,1
1.3782220765426476,85.76117022727651,8,64.56520791818578,1
7.659137086902373,44.101102891033975,3,90.0396477060265,1
9.262688969792356,40.755556760049686,4,92.63904763850904,1
3.5203359659544047,93.89341112992972,0,71.83507129788808,1
8.725075091192089,74.88035301593791,8,65.53388697818716,1
3.62996407415708,61.10961382520869,8,84.82961003326339,1
9.196931454795237,53.95567821783102,8,48.68903422254213,1
7.785657132371055,77.01314699564897,2,31.07440768742401,1
8.244160991572947,70.54013101220428,9,58.496620792833866,1
1.1620590004040905,99.49586653179911,9,65.54418930277438,1
9.665293213666233,98.99295919922474,9,50.808390360712956,1
7.540038928632909,78.10147396849658,7,56.83533172164372,1
3.7427598584751998,66.57223036635344,2,39.31407630412662,0
8.464551983729622,69.46845814807972,5,49.410293235745584,1
3.5336907857343696,80.94874397421171,4,46.806674354020146,0
8.85478455609515,46.09447265412288,7,51.06907976787391,1
2.013223513707433,59.70112442864309,2,50.93378773784568,0
7.333173797147162,44.51633446021623,0,69.12778597333295,1
5.866286289804193,44.40164557101517,8,47.541785813725085,0
1.8688102317589674,51.750354513654024,9,95.8672884337922,1
3.177044454329551,69.1151952755936,8,65.78923812543344,1
1.111636326495833,87.08645926976736,2,39.02762044868372,0
5.218911689180553,69.12975346995235,1,49.57243893669987,0
3.711387346840003,60.12859663365219,3,81.08302472949578,0
6.38521735867983,44.941179420205486,7,30.95613268665092,1
3.675140269377555,73.01773139098778,5,95.64725903378657,0
3.699272003562862,56.2761151889906,9,61.16238452080643,1
7.6887387885844305,76.89605067502885,0,66.47553160656977,1
1.4332855238051811,98.63126434794509,7,99.18885650876696,1
9.126054956727884,46.67885928865301,4,65.23821601995321,1
8.670374869520632,52.7275239233164,5,96.34207961233808,1
7.0102421490376585,68.38567228596249,4,94.06617810552079,1
6.338994130966459,98.11682892075578,9,95.8920870066349,1
9.03072248325687,86.30858657619973,4,86.86611402446547,1
2.66797161575843,93.8937515897698,2,50.74786591904119,0
1.7107224597174575,60.02289090854757,3,54.2467738650187,0
3.155591529185843,99.52230842671568,4,55.54888477264486,1
8.151204508301714,46.16996896384944,10,98.54265877285366,1
1.31203240053835,43.17837436276605,10,55.2528852780504,0
6.245261515751407,91.33615762324169,1,37.608251645286636,1
9.95893764572179,95.63589221241918,5,84.48302262446062,1
8.701264844537855,45.435121452766104,1,55.62443041074368,1
5.693011201392305,46.80564560475049,3,73.46551382080904,1
1.572768183579781,41.99044946534643,0,94.7052288584777,0
8.482361629471388,46.27045375856345,3,70.2853903744631,1
6.390806573594895,52.56518900801685,6,74.63901248505215,1
2.0343969735361016,98.20459713460005,7,75.00037951255952,1
1.844715563410206,80.07161333438083,1,72.86794300309606,0
9.186641374929332,86.71318153111253,2,41.18385642366679,1
7.022802366442706,86.56836422149132,0,61.94907903241288,1
8.4635811938508,72.10442498675287,6,30.53648139839409,1
8.910810102540406,87.84933866278104,3,73.83853628527332,1
6.1459511684349,75.74845194339818,10,70.27508065183673,1
5.657017165795372,58.872765856201454,9,52.269605346857475,1
4.873846692888912,73.66660652610405,7,66.67268522191426,0
3.8525192901200738,72.01051516807081,4,64.51404473356537,1
4.911363647728406,89.40718322555924,8,47.56406511595758,1
7.964916901571407,98.90363304289954,5,50.530128366481506,1
6.417310879136184,64.66255392525584,10,83.37786976401254,1
9.032709609593615,85.80344070648158,9,82.90126234272103,1
4.99042012941269,45.985780242288016,1,62.88475051678897,1
6.463806208468786,86.60988216689731,0,80.22562666911857,1
6.681767977827898,62.28501471959393,0,61.55608961616553,1
6.32527446075693,42.3634097733812,8,89.59618244272924,1
7.323703957769647,61.794770713730635,0,53.29646775460293,0
3.1369012153732565,76.63856505529868,2,94.91047498917807,1
5.611273997912116,47.155010060887996,1,67.95985553952696,0
1.938023225275129,95.44206954581527,3,67.49815027558256,1
4.460601948803313,44.66034479637032,0,76.95672690282305,0
5.38900361759138,95.80040318998996,0,53.85992075702791,1
6.870018335909252,82.42825107614118,3,80.7030699634994,1
9.55477947327583,59.78273052485221,3,52.42975718438839,1
6.405859598935203,63.44502086254559,6,57.827718097114996,1
7.692345245589038,84.44856188396466,7,77.22924057551398,1
5.556394535456825,76.08826605287244,7,56.4914370910967,0
6.706936282386982,80.29857528729671,7,43.99818858816425,1
1.638389945203961,63.349876990808795,8,91.03310211428547,1
3.289524227576623,69.26880890845594,0,94.55087665557203,1
4.256677838846248,99.39204904227361,8,73.8711734865214,1
5.252440195058622,52.835372229983065,9,86.78055398384974,1
1.4108387095214536,65.07137119132788,7,99.0656648342327,0
2.2602168779798593,57.50939125443804,0,73.03423262738781,0
3.491328770121752,85.906690626391,6,93.61548502750094,1
9.743794218109455,85.84075753994324,8,55.147832480424334,1
3.9821230639274567,57.546727659843754,3,79.03307051210302,0
5.338369523008743,44.88341899797898,8,33.90638264077924,1
2.764879414645536,40.685960600332244,0,85.22800889271014,0
6.497020639681915,65.64703199454914,8,88.08622013106972,1
3.5261489396437686,64.62025566014626,5,58.08228055317943,0
2.8629332059458408,99.30339271839178,3,74.72685111141308,1
5.649153656013811,68.18812454186077,4,90.08527716746511,1
1.0495521924437874,55.38510217452524,6,91.85257151563351,0
1.0689762938430278,93.47376646188805,9,37.45720670216207,1
2.9716192819167198,69.46407697921471,3,87.92414225730282,1
1.3304922625073903,75.95053811263466,7,49.19703463482702,0
1.9722317871762223,45.74012262569276,2,80.91148274364204,0
4.049745844048765,62.97498443978644,1,52.76149074447888,1
8.223271116218315,96.65342046842721,0,33.9430769441404,1
6.148437790323707,75.37032305052553,5,44.69094968957753,1
5.614009533607748,60.6701113085477,1,58.607024307895884,1
3.6413994088730948,77.54003083789559,7,81.88600340427297,1
9.385783474895348,94.62466537468697,10,37.04925391186503,1
4.573135371134725,56.4394360283554,9,86.90538874301119,1
1.7838349011619434,70.30700310824047,3,99.78657643736874,0
6.5535986450602115,97.52143923470533,8,85.17803502253878,1
2.0245455412894127,50.34376859790716,3,63.1615564020217,0
4.107008285215229,83.1798355358027,3,69.77121475921624,1
5.56670744846028,76.86886049217894,7,30.43123558118722,1
8.868002722166583,80.7805078684381,7,44.64916864987782,1
5.441919223061068,61.07317784005418,4,92.92916920220318,1
7.3203288942849785,58.8327624090259,2,31.52105819146301,1
9.935351550991633,81.05258023530223,1,93.33564670278872,1
2.1834020790818345,52.93259710627272,8,37.92768256897172,0
3.4725837296756756,65.1792846915403,8,39.3151890971184,1
4.551184680378817,51.29047876317508,4,42.274493759984566,1
4.796453606849482,40.498290467399784,7,85.95697274686374,0
4.699189677389912,98.20344160228416,6,63.47306027396656,1
9.168499023008994,65.90217871938515,2,40.16376411610297,0
7.426293800201708,98.16097686518953,4,78.07612737657274,1
6.471146926816334,48.41941118606957,8,95.84818564280441,1
3.784354460765039,75.24200676744917,3,70.07160319732304,0
8.414113457991652,52.05844196747438,2,36.90900040043769,1
9.5955446033649,87.40444761779648,6,33.832542432427786,1
8.390784542952039,87.02217932565851,7,85.71106519130325,1
1.0140859467232561,46.75642894235871,4,73.82585566621046,0
6.727612331650663,94.72386717258334,7,94.5860137387221,1
1.4602184329789065,51.677778832193475,4,68.30751057335915,0
3.318464983003497,76.77864049536163,8,34.367678227013734,1
1.5357223031299452,99.13801720526224,6,58.25807949990552,0
6.43415907654449,92.94379208598183,4,76.05934820139925,1
7.179309221433461,97.39383571367014,8,56.94197456560842,1
2.030388742593146,60.55592627308717,4,99.97139777181631,0
4.454549947404815,46.3345385331678,7,58.37650295716215,1
5.106128580599878,51.300812397367004,3,68.2365288513285,0
4.321477195848249,70.02969370459684,8,45.777442283657564,1
2.0892250043667375,87.59378069639934,5,40.64967430115342,1
4.770530111687279,49.00921865103251,5,75.17138769942756,1
7.760602430275763,79.58389193564543,2,71.20289228409774,1
1.639068980799299,59.41465624237071,2,30.303720018439897,0
1.7216201267371312,60.47212434352921,3,49.93470743584195,0
4.192941626523858,79.71506380947558,0,75.050570110904,1
9.475531404570326,68.01996517199322,5,86.85745420127148,1
7.017153820506227,88.72199758155963,0,51.8658057127891,0
7.108029610053083,49.35511057976962,10,75.32054585021976,1
4.257279917540785,87.3968961860223,3,48.568055110559236,0
6.342947120876846,43.85411488344525,6,78.32659262404653,1
1.0911806562496904,51.6432328147363,5,78.85635990637238,0
6.72486441768588,79.36898287018992,7,39.11564258637131,1
9.21958252818613,91.29553939066427,3,76.55628487839034,1
6.513161215103373,55.16077766436094,8,53.349702717625874,1
8.863287341197106,59.631496349734775,9,42.08164521148392,1
7.515757499194844,72.2272448972044,7,65.0252862941642,1
2.085025747633212,52.69436838935814,4,61.66076787361049,0
9.122079765572575,88.66937569525034,5,84.17123677433979,1
1.597994599201974,86.41819870034564,4,35.9160856412853,1
5.805707252929874,48.7175027179469,5,85.28272881822465,0
2.279234114141119,67.82978390899792,0,37.425765347650696,0
1.1053594965781366,86.48966599927729,3,44.522131965534335,0
4.798308341148751,60.23977186620489,8,66.11174828307696,1
3.6553663688874063,77.9864093630639,3,62.422222001569715,0
5.374004444178427,43.012787287454366,1,99.22012823138337,1
6.194798980610957,76.52132563175908,5,71.26315992837075,1
1.393651650780526,49.15917880003642,1,52.92049166728397,0
2.1070296561137107,89.83499950686708,2,93.010420798079,1
6.027781568053828,61.326967814828706,6,51.855046974775256,1
4.088506178553924,56.893231763691745,3,49.164294463180305,1
7.562561387945032,90.4533386026891,0,64.60602566392015,1
6.8706248373274565,43.00864138430861,8,93.92223491311555,1
8.610439266909161,63.796527960060686,5,79.5959978681187,1
7.2324354400230275,62.20021243450188,8,77.42382508271314,0
4.869379696511333,57.08802245497305,2,80.82540855271341,1
7.056699601549892,94.70525992008862,4,76.17484275431218,1
3.4784305682987666,85.05570361100334,8,83.18574517675621,1
3.756821489003914,43.835389851516325,5,43.49334152103934,0
8.10086643928714,82.88124696609725,1,42.40808007331211,1
5.01777564761424,71.63794798772764,0,55.351434065398266,1
8.185423064665173,94.05207366409476,8,89.56718451570828,1
8.401801363014506,58.77673704090151,0,80.01179508476969,1
8.718061038951554,74.44971997657498,4,69.65313399899384,1
9.249717122570866,70.04531648445916,0,31.361320623468387,1
4.878866984619666,69.37365437365634,4,46.50615987551066,1
3.8698013648902494,67.36632397103276,4,86.24597597849294,1
6.2397887193470245,52.337768531936874,6,46.97406851589531,1
4.340551810938648,85.34259534954356,6,81.12031380336632,1
6.4096675012020965,67.08016196435732,10,42.924398545091876,1
7.350272763794422,97.51097650015635,9,72.4457290739551,1
7.195645166429232,55.64850563156658,0,73.97479566903512,1
4.370975983181092,80.96463037762247,8,82.63763579805371,1
2.501741815288775,96.44302477834651,0,60.683968062694795,0
4.874764046159868,79.80749938096555,4,74.28722893598308,1
2.283347296737179,92.27637445704369,6,64.08788521041996,1
9.010873316654274,89.64885758542036,7,96.3136631778819,1
4.112897146640717,61.60706292934023,1,66.53165089129553,0
2.390137725009914,76.0074363963698,0,44.67185181897315,0
1.229029839151758,49.37568038868133,3,76.75247843970455,0
6.8124014765783585,72.13155296173596,3,68.39271297458895,1
6.732120857092689,53.82531830886023,9,86.26806480541026,1
4.065437499231625,84.62420889714673,5,42.383811831527055,0
1.6454069996288592,71.68350531352748,0,48.26577218717334,0
4.686660054057088,64.67364175789963,0,94.51403751784055,0
3.800957455570542,56.12782577001865,2,95.10182792724072,0
7.094085757615084,99.92190891047721,4,60.95797365324237,1
6.452013245074213,44.30263125309596,5,33.34258274829009,0
4.28134355377786,42.613640834345205,4,51.458854803817175,0
2.961032988294911,53.035444029631876,4,47.29858580948947,0
9.892323695400327,98.26434751766918,8,59.02737963964452,1
5.086014590765034,98.75429009919907,1,52.24604332150113,1
7.194468122022133,79.29566408632816,0,88.0294640696718,1
2.264976708205247,92.80640003238429,5,30.212521338781784,1
5.37030729693458,52.837703850447724,8,75.12422974580488,1
1.2478304788251893,98.32252565059741,6,76.49891576092303,0
5.549096061194049,48.56709100837388,7,76.243860270233,1
9.67615666405932,46.067511290899496,4,66.44162763601989,1
4.457860416872202,46.732692354836374,9,72.7772851176862,0
1.3509641131742043,74.38767539635387,3,86.7346018075963,0
1.2786021182740916,86.85846404308313,5,84.8937745081867,1
4.4918808395218255,62.00003067247799,2,32.42377640248873,0
2.4402244281687464,98.67375926716758,0,32.13055750161162,0
1.2101688669536732,66.06520828709976,10,88.72613689393438,0
7.805922525551591,49.02691304639298,3,70.2310781271394,1
5.126707079937016,67.9580048911682,8,97.01991346884346,1
3.603202947753891,80.7422299253464,3,60.2114117841533,1
9.100748647148327,89.93354683026271,0,42.37192749770207,1
2.0452506418047305,67.52609739739557,3,63.12644386714664,0
9.603269460597874,75.61640956295005,6,60.558101557306614,1
3.8257004563961754,56.0406827295312,2,66.20241670069615,0
8.995633050778132,78.75499158433084,9,86.55630637138648,1
6.426485888315154,99.15831663702062,5,75.89087915557432,1
8.440366237673388,42.94321435526763,0,42.96927291795623,1
9.856118468894179,93.19184024231006,10,81.4134079448543,1
3.5956489403687115,73.73695016605137,3,71.43273492949021,0
9.650219368668337,55.125919573737995,2,70.4817511376377,1
4.505337054121783,97.29338260055547,0,77.47798177049447,1
4.4696071426323005,69.00125818353393,2,69.47758210595723,1
4.063483938290551,59.90141510040314,3,62.02596154366653,0
5.872668466128267,50.88985769625047,4,74.82661979698673,1
2.387305388606384,54.66713261539972,5,80.66089486854025,0
5.983403368222101,89.97094249548655,1,45.80368599818334,1
5.875343311690036,76.86460055902995,1,64.79349259666787,1
7.85711631344383,94.79473716929897,5,62.072072428558656,1
8.50284965743827,53.918107129467145,4,32.79322894279018,1
4.963972152811817,47.26831443093409,0,88.4107059496804,1
3.7209992441634436,40.3652518585354,2,56.41674167568971,0
3.33401407585385,70.47172225695962,10,35.088246324084615,0
2.7516145303438475,99.89841582291929,4,62.052936795353695,1
1.5188282397912238,81.69791612911834,1,41.30365642641181,0
4.08203180951242,58.50367551790876,0,79.30900902442653,1
3.4322292291770493,92.61151498157031,8,70.02401026173561,1
9.697756472797666,86.90333595927758,4,48.907966488455465,1
6.019379436250396,40.92490996459235,1,96.53317014056819,0
4.125493351274568,89.01162883246135,9,50.422174377890656,1
6.224208408943264,58.03160543430976,3,68.84978348838445,1
2.2527703121112594,48.98040787501607,2,86.10974770037345,0
4.996393742819826,53.57985038422447,6,65.97246085681417,0
6.636108892789575,68.11478826250834,0,97.25989730426996,1
5.400080486132063,65.49207562408066,9,89.06981968856601,1
4.616009205888918,57.33323796245361,3,94.47133098006272,1
9.944635500097284,50.333099332421966,6,56.08918086281073,1
8.922832859340343,85.73384737853016,10,68.3848792187881,1
6.610653623434961,99.40658702409502,9,88.81164068453805,1
6.124396250640545,86.66749482518142,4,93.24500240119221,1
6.585944318421257,57.75621806029247,3,96.10545045779651,1
2.8118089704018994,54.688537684728004,3,91.5406395295829,1
4.5562396893788675,53.059952563956294,10,81.1528432852664,1
1.3551357960180939,48.201704469342175,1,31.6950363872351,0
5.27991433738144,73.07983298153808,7,52.046741463282416,1
5.887221255618969,76.32402231720064,3,39.025539942540135,0
3.0497476249288864,82.33015963978823,1,40.83310209381038,0
9.676259624489624,80.81280225602008,8,50.36350311680244,1
9.185091498435177,57.53999867700295,9,35.23183200319868,1
7.499289119103153,59.81866032381079,6,47.01222686269509,1
5.800479658888263,80.89087212654027,2,96.98851855773987,1
8.829722436829165,60.9668584470177,6,51.8360505011737,1
2.1758710944111663,52.75739137715878,0,41.17991489468165,0
8.114588148473965,62.46016922180438,0,80.28101262938654,1
2.1233873257016347,56.32504945467866,3,87.99536050365748,0
8.147895962944649,45.298763273114666,3,51.982649471753845,0
3.481908114262213,89.80833413659921,3,49.494811740485964,0
8.8938152291637,91.18668334942218,8,46.923168353352345,1
9.49637884442858,53.18501801001277,5,57.52828673464613,0
2.3391637246460406,43.88633197151211,2,36.10622304872243,0
5.164080445588541,84.32964624107078,5,76.83904585893444,1
9.828886403464166,52.69171755180482,1,87.55584276795213,1
5.35066692375832,63.60612936621162,1,76.45775958174525,1
8.771927702630906,43.848115134242995,6,59.48397829251339,0
6.298583699181878,53.57617508550611,2,50.22735731409675,0
4.377969171276417,87.57413669977814,6,58.66123151581016,0
3.5720519997328317,88.26378681491211,2,59.668623942107416,0
2.8290078197747857,52.425089493262625,1,76.6214579930755,0
7.856183722399275,60.15483070640137,3,94.96422489553954,1
4.478864561407251,48.05430514562461,3,34.941054261355724,0
5.60147915980676,44.450357817095345,2,96.73475150185355,0
5.430929320010637,99.53030286690458,8,93.71408984934241,1
6.195511263098181,79.33563707469035,5,38.24126102400222,0
8.79019431062097,72.52579055189912,4,42.85095217597337,1
9.826654092250864,85.92991002431796,5,51.811692101284606,1
4.668257877164352,90.40462958126345,10,69.17662286756342,1
8.447670298956726,88.40288608268365,7,39.41333372550293,1
7.8807501518924585,40.9923669573926,4,44.02344672903209,0
6.1617605631001595,51.20847389142991,3,93.18727057577755,1
9.604424292507398,79.29431812706986,6,37.651044153964804,1
2.804270639755625,62.54556086823777,4,57.921478559753766,0
1.9833778927865926,98.94895906366642,3,83.41012443610961,1
8.6856577025988,79.92428755829525,4,92.20081818235167,1
4.952348349703735,97.39293452375239,10,53.52297938176815,1
8.622719687863544,52.08678889874763,3,41.51062537502963,1
9.037811846758734,91.8374216869014,7,81.59081613668931,1
1.562118342571643,59.281138348913515,7,84.07904310712236,0
8.951182866874547,99.37388849426841,0,98.6023410842381,1
5.0348714983248,49.461320324388836,2,39.7679296010383,0
5.59389240103809,70.9803891302996,10,79.65946178685456,1
6.639332599838892,87.57067203022731,3,59.21047764142587,1
9.33744346057078,65.95854883624216,1,94.0240606297218,1
1.1720448498678762,68.0850436112588,4,58.548161903337004,1
5.291591214860354,99.18134773034447,10,61.21722628938663,0
7.189498381875046,65.5184890180692,7,38.87576187307139,1
7.5043626192840565,76.24432603594381,1,52.46557495636159,1
7.232791883833972,43.272379640509044,8,58.058832927459896,1
2.2099161646730967,90.5326048126156,6,31.225612806449565,1
3.694560295345131,78.89008293877261,5,60.63021279099803,1
4.228439728753122,64.24120617176881,7,53.54229858871144,0
8.239934869115544,40.970172397271185,1,86.26878150603443,1
3.508838851730977,75.50012923561023,4,37.4978829412055,0
2.8963446748048285,40.75946970904973,3,83.21477888460238,1
9.617032171342865,40.072216834541074,7,79.98080802937139,0
1.07976956602122,76.96591372896128,0,46.92476294481742,0
9.980387701137804,51.34102404007326,2,35.829016783925795,1
7.091391689716561,51.51325298308572,9,88.92834120289874,1
8.456223695042054,79.19629394996463,7,47.460102992143945,1
3.6515745671157385,43.22183127636246,4,40.189208379496876,0
1.1288374990035397,58.80433368847338,3,55.13256213392344,0
7.64082566705377,48.96591412852114,5,58.06179765613364,0
8.507301373006083,74.81058218779202,4,52.82615858460616,1
7.664285187581672,79.70590928364375,2,98.35367787548658,1
2.285652585707547,83.26815121594261,10,91.65744685074452,1
7.7808513003127215,55.31387301511393,4,91.1082847521362,1
7.920305038968769,45.35498509819504,3,57.91373133645389,1
6.926864641030494,44.72101941651387,0,97.40087478169454,1
7.895043395160275,65.56909290704343,0,77.88107074041883,0
8.613292957099588,96.7506645437629,6,88.23962680935537,1
6.522437028137126,53.063742054821475,3,65.06125875380533,0
1.7974424257271115,55.40449608049296,0,41.243210523954666,0
5.388650287004898,46.05332812635154,5,92.08198534892736,1
1.6988440120444457,76.33421643363582,10,64.0498717560522,1
4.667887279291877,80.79237243683049,10,97.79884363596379,1
4.663958402130649,78.5758724896456,10,47.84027079817672,1
1.5940885972621741,91.66781458268687,10,99.4665294001857,1
4.139384805725314,69.1855501015643,0,45.56972773805043,0
1.9989828891218335,48.06742244602387,7,55.77167306164286,0
8.274116890083,57.36430784226476,8,71.58115660474482,1
9.529192233680236,79.7457984052811,10,78.53261414291467,1
1.6508482773214475,76.78731842449359,2,80.4197518304485,0
9.596036865625313,71.86018778457775,6,63.33766862494408,1
5.703189394030707,80.97786512132123,4,35.37788698048713,1
3.696091101584865,78.24345102239796,2,64.7233706201271,0
1.6917586774854716,92.8794933678971,4,53.42815667754774,1
5.50561841263376,75.1609826486978,9,76.03589263131062,1
8.150639900416738,86.71608152203339,6,42.759290891599804,1
7.363778295400284,54.92242935798807,6,57.5738627325947,1
1.4520341031757638,80.69095507534408,8,97.62834078003732,0
1.6561165183111317,94.13164710296054,7,36.22071794612117,1
4.625859543693734,63.14393967398999,3,72.16339105588122,1
3.6576144464314897,86.7462512403188,4,36.3453760333975,0
3.0914589075044305,83.48735807172612,4,40.989695915797185,0
3.5290404901784225,43.57157181230935,9,72.345407202914,1
8.23134468967196,74.89049857744433,1,61.07968658044505,1
9.363052482686685,47.81136095204814,6,68.39492978651194,1
4.645924250748098,98.03915033383547,6,91.59105194165649,1
9.154999019192473,88.68445016203937,8,87.20681697576808,1
3.8934613112309377,46.58342807482721,8,92.1587014599959,0
5.287932877094125,47.30511985886071,3,73.13784445867486,0
3.0342609803439977,75.66843129475714,4,64.275021879981,1
6.7642843795825955,60.693350450390994,6,62.143830724601536,1
9.81083003657328,42.094351544386555,9,81.78659893557108,1
6.431437864390408,72.49849046998318,6,66.4909914827474,1
4.22032675702194,63.27070598115081,10,37.40381573835532,1
6.830357013914755,46.06458954230456,9,39.93573168407829,1
2.106286106188488,88.11522353535895,10,54.99579373997318,1
8.997931722388588,94.90460591672836,7,34.74763603798321,1
5.527755557018527,85.39563604084779,7,46.746185362195114,1
5.0441476783567785,89.34533860097665,1,75.94805972494825,1
6.272783096081673,52.989434035967044,8,30.87012186080726,1
6.623054765104622,55.81437705511606,10,72.28650059070486,1
1.6459822560386173,52.51165241795127,3,84.0649846241281,1
7.143554991010622,85.90380588193383,0,41.910762607176814,0
3.177385122839766,96.87502473606983,0,42.66779942416861,0
7.4255736925593085,83.01023240403416,4,32.019945655943644,1
8.40281314945777,92.88800589277335,6,65.8715027183423,1
8.235626567972684,78.32194569299035,4,75.8211289810902,1
5.972508706671002,63.25959403352795,2,61.98367074592332,1
5.68152903079676,65.54569689581831,10,57.26141667383482,0
2.2858836520547055,44.51928593004429,6,61.80889721055671,0
7.978115353628221,41.88743171476156,0,84.70697531072587,1
3.4426844240204293,81.72853625134465,10,32.34600151417513,0
5.470258805361519,66.30573352067084,0,84.86729925828259,1
3.5584668363476504,73.13290408327777,1,76.64394809667539,1
2.2044552669972384,73.45967485734498,0,46.89985879101939,0
6.666019272025629,56.64254879999808,8,66.73178083681276,0
1.4889883134061344,68.55355064976945,3,33.450346945671114,0
7.7378071071358,68.24561330006213,6,56.571206923751085,1
3.85828115735005,63.30563327367142,4,42.18297353539944,0
1.001212237040368,89.24052300406423,6,31.561027021445778,0
5.6001622531350685,67.06984022125576,6,54.99626484361761,1
1.4216671767484281,76.21867147035927,0,80.8278692176105,1
3.4855260203880953,93.73120722284956,0,94.47153071508829,0
7.362788387101445,91.97401737153535,10,76.35844591634549,1
1.5642065945967927,93.4253322267499,2,58.13790896912733,0
8.554046431204021,56.20029978790084,9,99.96472786813143,1
1.034379303927248,42.09894929848377,1,49.80604556701472,0
3.2214148228171204,55.66400799371975,6,43.099200289572636,0
7.668136505368643,56.72244073724252,2,62.45775884581426,1
3.846431347563761,94.56161960349809,6,65.34379908092654,1
1.9170314925941216,78.95456397027823,8,54.837636603032834,0
4.242105269203851,44.90223757613373,10,78.68493553317239,1
3.4335395774607296,48.12271576066607,0,42.8705088349752,1
8.584407119444993,49.34056753251852,2,65.72378318255642,1
3.8201312582662883,77.82530489013538,10,65.00888709505517,1
8.100392245984064,84.12484153042018,5,87.66504958771475,1
9.026849303296613,91.57863463392377,8,94.88777391325634,1
4.904356776188766,96.43819304837459,4,76.42861115974617,0
9.189488294689529,52.102273443186505,2,51.376011323424876,1
4.395862485668736,58.58634908344294,7,78.27277139078038,1
9.676705748410974,54.41937284468984,4,47.59597904683507,0
1.8036057207301563,61.525694047968265,5,97.65810733356763,1
7.183173398529185,94.87990644542496,1,87.5653483357899,1
5.444326364112358,74.5067540163617,3,60.18331788262266,0
4.488839249100824,84.29151383946994,0,84.90404619991173,1
6.694406908737408,69.40715416760692,3,58.60589517533357,0
7.334713824708981,41.73147480016747,0,35.22271111458235,1
1.0392694268527818,43.85172915986886,3,79.47382111004238,0
2.5025777987247886,72.27538187607314,1,58.322968311990834,0
7.417414455708868,83.12734208920153,5,95.12238717487033,1
6.997468722203858,52.91983165172389,5,51.45928500305006,1
9.694427546158096,83.31457443953823,7,89.03329750182152,1
7.849340112257047,88.63994640901075,8,77.6306491644735,1
9.556954369582042,64.71384870172668,7,89.73272312895239,1
7.322864513813263,84.78515397064629,0,50.431731396548884,1
3.6824698777549885,64.24179701970759,2,62.29417823230509,0
1.9482843002577082,80.7010377673012,5,87.61903078648011,1
8.03641477010442,85.83982295917258,0,75.06731734291733,1
6.797342993283243,99.51559709848665,7,55.19453296467342,1
1.433674111539666,60.723799723815766,5,65.839693799651,0
4.240454193108805,64.6624468344767,0,99.7268666054293,0
9.611198339358575,49.93720356461028,9,81.92935967897174,1
5.503610311391811,52.24438350410841,1,73.01658569460204,0
4.894562224177342,81.60370015590266,5,87.9537966303461,1
5.119296446433646,95.02273540926856,9,60.94212371405191,1
2.8799445160464736,63.67629709967443,7,96.50448032526798,1
4.318364537783157,50.79066681013248,4,68.64148600869845,0
4.328319303884589,57.10596996297964,0,52.8810504738402,0
1.4711951816872517,67.30310228848832,9,36.02139843001426,0
7.908108656661264,57.439019761922104,1,56.29866534730564,1
4.7485398871349105,54.01474498731197,3,69.80468639255993,0
8.39961898134781,84.15906932542478,3,79.2273697113271,1
8.653132010079059,40.47069527443739,6,91.25816850377512,1
2.9079464922879223,72.35383164018899,1,96.07725847266704,0
6.916181339531157,87.62600842178523,6,37.17176923267894,1
5.250536237466836,55.97369717904809,6,72.06334901984704,1
8.921410641293367,76.19749063672104,6,76.66127544141182,1
2.941666112588087,80.13400633711706,2,42.04446718953512,0
7.100318802790398,79.3014817843054,5,68.19204761843905,1
6.469769100274503,66.75097805192306,5,53.43835449061926,1
3.6577132981464953,60.79467927254675,3,35.419213239013935,0
2.2294081328605535,90.15544438166881,0,34.610619381699955,0
6.8647578442954895,85.50675741999186,8,83.1449086310275,1
7.647377123190976,59.275310404834755,1,73.08188163104151,1
3.84064609387015,46.181151666532365,8,80.0585174761258,1
6.803493436200824,44.30845272672815,7,77.96947081754753,0
4.556178168503529,45.65655867393616,0,39.40186098454307,0
7.41886194954356,74.97216167152257,10,40.609567956660925,0
2.792937474046478,43.099730549739384,6,47.67386069449816,0
9.01193502372557,60.2156124978423,9,57.937041087528286,1
3.5866863681902177,85.19198211485376,2,95.74233574563424,0
4.310073889805376,57.66088999092268,9,77.17246529680611,1
1.522827568723148,85.79848463080779,9,47.86203541150242,1
2.0036099108914875,84.72802229242332,8,33.91888712791379,0
5.642757124410953,54.74962795799298,4,77.89567515644612,1
3.4083340905517434,83.72933080556473,10,73.77229295712365,1
8.51932203167975,84.86659829632605,2,77.30343928534958,1
1.1322404978945846,63.847235540021614,7,48.28257578410059,0
4.411846438047426,52.62522902449109,2,66.18742520577544,0
4.0361099209218345,71.27624841351215,6,55.31919609740423,0
1.1739486782584092,95.28385528001178,6,87.23892572620215,0
2.119315591004592,78.37700394592372,6,34.857766348306754,1
4.722784074267717,50.37534985763567,0,49.280925260914515,0
5.43578126002702,80.9654154840112,10,72.20676209192584,1
4.638607725293822,65.63218163691008,4,44.365664395181504,1
5.778439105708845,75.49172784132239,10,77.0899405181012,1
6.356185074151134,84.04384210138647,0,39.57407522401071,1
1.0893143901505207,70.89684109086669,6,31.596860431229217,0
5.176856435081535,88.83903847439852,7,90.44461729915841,1
9.671493167988295,83.32933475899767,6,53.34110809850962,1
5.671290521165939,76.90440040111065,0,40.97942881427227,0
7.097880407130579,49.04756894994109,2,42.089631802205986,1
3.8067747212519487,90.1569466546941,9,92.01267758241954,1
7.965922403374863,96.15433511918897,2,75.81019843027684,1
7.956293336885036,48.21790742855769,6,96.9442386613063,1
5.69166442888725,69.29446776600584,3,86.00282263645344,1
9.784124409512922,55.53332451823027,2,83.72798795197184,1
2.1299519328638805,85.27139844553388,5,64.98744617025577,0
1.152528984006229,83.29777816028201,9,87.45634290943019,1
7.931423905813864,48.45310723422392,5,58.88567769092962,1
8.264399836283943,92.62163627569822,9,87.89003479226481,1
2.0818650620851864,50.85838383868014,4,83.0418904180986,0
3.390245496627455,87.83554153888645,5,77.49070379172358,1
1.1579712702996603,67.41882157768029,2,53.080133017441966,0
3.639777497025082,59.69633761348908,9,74.14981461159921,1
7.958276865268044,49.49435576045281,4,65.47513373425554,1
5.6616447494132105,50.05685536879776,8,62.308000684813685,0
4.132860338514593,79.71343328205401,3,99.31724333684329,1
4.345653654156973,73.02582327682723,10,65.30784808813291,1
1.0121826314392135,47.32512529907396,1,32.23903437825669,0
3.698204748087123,46.76187162629951,4,73.85275083573259,0
6.8181286747413745,44.33863448636749,2,80.96075915193465,1
9.767749994347215,84.62604084241265,2,91.96287085217207,1
8.623547442855095,82.71292511375735,3,74.28793087059788,1
1.2123546818097621,43.50585945127451,3,31.36199820389562,0
9.087045442073554,73.61620453581838,4,38.382103506783444,1
8.048785719687633,45.080569314561394,6,41.28680344106096,1
8.023385112138824,94.2247462365365,3,44.78829471187906,1
5.121961831032143,94.42704515080794,10,85.98438280085023,1
4.582047636590525,81.89397938878781,6,51.68320350064201,1
3.7262415594987335,95.571335286367,8,51.86536259396024,1
1.591253730589292,88.68718182482144,2,82.89112086844098,0
3.0541182714432917,89.71231455562295,4,58.87056021649492,1
3.2194327148022217,74.182471034196,3,34.52476723676621,0
5.356693627391814,58.36355189297055,8,70.95885120324445,1
7.726999659370246,53.0679469069853,4,39.104738055325505,1
5.26428845558152,59.63200132233575,9,70.01649959784254,1
1.5206000450244455,77.70972580534372,1,84.57466753353302,0
9.620108208893836,50.359392149943936,9,95.06427461290912,1
9.48451887184701,55.5184141982393,0,34.693682486446704,0
8.066705888335676,68.08365176772787,6,51.277660863374344,1
9.921951114077984,53.98300591147694,10,75.67247881055766,1
5.900340995202367,75.3186201829637,0,52.081710199135244,1
9.664915152278855,95.39056170737979,7,61.571792783512706,1
1.680445365550757,84.88536194218759,8,31.40636037810072,0
4.291126734352342,79.98559684893479,6,78.5448604313288,1
3.0284314120608924,74.96328855902672,8,91.8296092058409,1
2.7624977572084304,69.27687455542389,9,98.38017534690684,1
2.267226540034085,51.19383157807958,5,88.13733442690341,0
6.60172277409397,93.68262732561193,6,32.22433836967147,1
8.031896701725746,54.91216012077018,2,75.62977777237666,1
6.204685594783246,45.478532654689644,8,64.69614724197089,1
2.322664386293887,85.00091075372171,2,95.65268452497408,0
8.300113929401238,50.53693205986998,5,93.14972052857897,1
6.723592364473556,62.313759972470564,3,99.1632322067545,1
4.493491355142959,41.697095697458785,8,90.33539569831778,1
7.067172659824567,48.22407655242689,0,68.28244937000053,0
3.3391448131854955,50.39221784559473,8,80.04303607870739,1
4.106729876447894,43.26460766501068,3,97.5274065456578,0
9.257372588187913,79.39941739737071,9,70.46817094366148,1
3.6145405510427837,90.22046774818703,4,88.79854309085843,1
5.229894413421429,62.39892438195646,10,95.95469132854419,1
9.011270236564132,92.47458860309204,0,69.93763838741557,1
7.369492152407747,52.80079447360759,0,41.14079722561239,0
1.5598290354823248,59.52342541367437,5,40.889437519815004,0
2.325727398510733,49.0442195818701,9,38.072202191757185,0
1.0705743169472512,77.23355172513992,0,63.342622619245816,0
6.678296112062471,65.19217545221841,1,63.6099104790928,0
5.029060828693765,76.79700081051392,2,73.21598318598427,0
2.2084736581204796,85.70049432365101,6,63.80109698845226,0
9.621407089510933,72.74218096197691,1,98.11385108388174,1
5.766937515510579,77.65782129410726,4,50.39175744192671,0
3.1770396470160027,96.11501886365997,8,91.16716378812578,1
5.505432140392368,57.94385857653059,9,37.02312993320363,0
7.11658299461597,61.54983631803719,7,72.13423746257115,1
1.6861529617620803,83.06220170256022,7,75.38276521516735,0
3.472334335431028,76.67833102332321,10,84.05610886035157,1
8.262689417955944,50.71197427238289,1,65.21155490616405,1
5.136983833623951,62.56883860062941,0,43.805840091771174,0
5.919194278290654,68.0702807874829,8,55.8298328794408,1
4.895344019885224,65.16339027810336,9,49.051306154694046,1
1.395099483787046,50.69648849932245,3,59.33738609446416,1
2.4917480183814034,95.46580550705573,8,67.09778153988901,1
5.009874748677018,85.73912570163856,10,73.75492039640746,1
2.8826691886713505,68.88134992647113,10,89.15853614417337,1
1.4498112579371085,80.8036616984102,6,93.7007224742249,1
8.592846976466413,93.83696032813131,5,62.38068994309575,1
9.830732762477043,48.17044854169427,9,36.207000614937776,1
8.138285865970655,55.02238304241866,8,85.79456327212044,1
8.684064295342004,72.5620748353987,9,63.4010407598273,1
3.1777941728534085,87.94062228114151,3,68.25126209598828,0
9.645642779618798,42.175293726491645,0,71.70558979810568,1
2.7723313400808554,99.04108901178162,4,76.75074311193931,0
9.562868293256491,67.29439617294383,5,92.30706020227555,1
9.95337364569356,61.55386843730338,5,96.65023366471337,1
7.405505251714438,57.563466270386314,0,95.81185233408007,1
9.830293586126396,50.461402459052294,6,86.66245565981241,1
6.125858016103933,87.49443453580167,7,92.24695775086619,1
3.335876048584813,97.3248498847658,4,33.475833826385056,1
4.932962970990587,64.81868529072389,1,89.43788665182603,1
6.342048418409074,97.14524168520737,1,35.05856657978172,1
1.6577340582431348,89.42785692610205,10,82.23357353104146,0
6.601089381555215,68.86306764857909,4,41.85545351155653,1
9.83060053086065,80.44157074756797,6,55.2077312068361,1
2.7109688480535485,66.09905075022778,6,42.89285754079828,1
8.13335604659545,73.52340449275314,3,61.04231456460942,0
9.171089144016575,43.48278022111023,10,58.82232106716341,0
9.493314335381987,81.775808518032,2,33.36439907809207,1
9.641220439649025,43.1694786690482,8,88.1348561571925,1
5.693136748493248,89.02509681517897,6,89.79305470560976,1
9.795771171923533,89.49681576763345,1,85.12550708034969,1
7.81579186420995,54.224637253372876,0,89.33246222618882,1
2.455042926132657,59.419766862148016,10,82.56153247179049,0
5.29210095821173,68.8786227134976,1,95.62391117612006,0
7.464980578348036,75.79977441594889,2,70.34745751398636,1
3.22606284237175,57.24121970451981,4,70.78497826103303,0
6.765536651939986,75.5491842779155,2,90.1936935897634,1
6.999404311419573,57.86722439375794,9,54.45908827030178,1
2.464297694277093,43.32944326426364,8,33.50576479417997,0
6.085767812074806,40.15165298991454,9,82.48987767787139,1
7.944642198807469,46.069063475105715,3,47.82124255872539,0
5.490060980823477,87.53504200984109,6,63.196506842097214,1
1.1089280509849668,97.68587874300023,3,46.83078849721495,0
1.0813462217136296,65.61797195687316,2,87.8963596419739,0
4.21326409573011,70.76103720699656,9,97.08050755556339,1
9.335746615886038,48.81089014440557,0,33.851617252041144,1
3.058091016432479,73.06188116080942,8,46.33601420245678,0
6.709273199845184,48.67929412041861,10,43.26934866707171,1
2.998682836239885,76.6728598719298,0,77.12424589190266,0
3.8950299069359375,95.99552005485123,10,60.00748798427395,1
8.632378806413357,51.741912358182375,0,61.93831644599592,1
7.559752980429522,85.87382308342612,0,40.99553590662401,0
1.8585934958188957,41.41014536909944,4,59.03142490708569,0
4.858318188877902,62.529834479297264,6,51.22597964363678,0
1.26252787280738,46.64491046983054,6,72.7833640269475,0
5.328011319427081,61.14852649574196,9,45.20667601157329,1
6.9619061053096125,50.412215178333014,0,73.03679387882332,1
2.066523612383364,62.398299407373244,5,56.44216343012475,1
3.5999644501824912,65.05136836645183,8,54.240619341987745,1
4.580529629519413,58.0354673668551,5,51.38896439127095,1
9.275779221904447,79.39731696838774,3,77.1683445818081,1
9.939295138806676,95.13112307553459,9,69.3692883803083,1
1.4042016909605426,64.03572244631634,8,89.62051900014993,1
7.849071311458529,51.54058938850129,2,46.912712430277296,0
4.3455165976210886,56.243365491759,9,32.80837055878719,0
4.5321236760653205,91.24004940978213,3,42.741643728653706,1
7.788384760123204,74.29838339620888,3,54.03494550302135,1
9.265837889308678,67.30066193841743,3,42.5758493215963,1
9.558357350522936,48.9782032905356,5,35.84574742544521,1
6.194103274344887,66.98363849942692,10,61.1736931218698,1
4.214090433704525,56.7095202014432,10,77.38535646267076,1
8.087941772729014,96.58978767120095,6,82.60995368677843,1
3.2590124493607022,93.04420656494388,8,57.91091273030224,1
6.07666625950166,45.03415250969188,10,63.46312161829338,1
4.227206153723858,70.99920935567457,2,82.88293453623604,1
6.909679663370885,53.503500730880326,7,54.68954812158415,1
3.163590216041562,64.64662537145743,7,84.93363478875808,1
2.7243365116134317,92.61087989508738,0,97.7163245919279,1
9.264151780078933,71.6508711933127,4,91.63364363389664,1
1.916233146545832,60.052917602245586,9,61.7516735680919,1
5.5536211696143845,52.473301246299826,4,70.56629464222473,0
2.9876750466670803,88.01949156438936,7,80.14984706592466,1
1.350369669931007,77.47108092186083,7,54.451030970532656,0
1.3241693646228376,68.08392762557386,1,85.94666699834002,1
2.576995948952446,53.04906123177868,2,60.58418966963717,0
8.800933190554002,60.054782449427876,1,89.27890906703038,1
3.54230869579324,97.59060560431111,0,47.83137264482458,0
9.554132535177661,71.20539625635006,1,30.79646394329826,1
6.234600636902742,64.04195687459517,9,74.28818771806625,0
4.929527707918895,71.28532254089943,5,61.6322382245188,0
6.220799512025091,86.73931035397652,0,34.18761819122922,1
5.65028546703641,60.406536190172126,5,64.13286471511529,0
7.828986283815927,50.72236725595653,0,41.79988917950604,1
3.5424645937556702,75.09616710034287,1,74.08244138767444,0
4.177453524402722,79.91224620886403,7,61.15319043514472,1
9.046848722799256,82.76308017751298,5,41.97873263334664,1
9.518108618353649,92.91925544596778,8,58.83572630484581,1
9.033024047378271,62.27044724134679,0,46.289616572422815,1
4.775031945615822,44.521293773733504,4,75.71677463310402,1
8.023289527061936,97.50091501785653,6,50.66003618320112,1
5.287021599709889,66.10071564624852,8,87.54121450359122,1
5.477858669314919,77.39545058038789,10,30.99142438440586,1
2.8421209815155555,79.97831938769754,8,58.23925835796064,1
6.320172729326648,72.7908225220722,3,73.19563189115797,1
2.6752230797801313,52.315451784176204,3,31.582579911441407,0
3.984082291604744,85.30858300696849,3,45.10893317668383,0
8.695271814579417,88.2251184582449,2,52.91939716706219,1
2.863682282897697,73.1785351610464,7,31.529118820764097,1
1.6404245665608954,69.31366963509049,4,68.26834933954694,1
1.6210683335153466,46.83629098767912,6,74.1607872359138,1
9.46706068452797,45.03709968998703,9,45.9265576269123,1
5.562283941656512,60.37389073381172,5,68.04379091298648,1
4.684708646353165,58.65076933104359,8,99.93888224102481,1
8.297907229071265,97.21938705779627,2,92.08435014231237,1
8.522433351194644,87.01736454660579,5,34.10625821203429,1
3.9897192980404412,79.5954577155436,2,38.951772509142764,0
7.242562517264157,71.05888534105631,1,64.6082324944529,1
7.940105342666979,50.04205184359908,2,47.16407804053004,1
6.891856181793591,98.70740033105703,1,35.66784660237816,1
2.3643556732008943,62.5024418944126,1,47.81881449220032,0
8.882947751653514,46.41553614683469,9,34.28246683716618,1
5.851850974624078,69.62793374294476,10,67.09387094809543,1
3.542251837330033,92.439880696785,6,64.31750725694448,0
4.827053668939245,93.23746010663976,9,30.44283074893051,0
1.3381398135901663,40.657954963386835,2,63.776147695075046,0
2.150801211001758,93.17774468508398,7,66.38636030826936,1
7.8899207546427474,56.28905304999151,1,72.39926187081193,0
1.0001047127982954,42.338341838105386,10,97.90698070845531,1
4.749092456340629,90.86741622177246,10,98.78846989364003,1
5.702591629770296,91.8320053592925,6,66.88505174695754,1
1.4917097800087507,75.773864790541,2,89.16306883268477,0
9.757703466750996,74.4660254377815,8,35.961603899321645,1
3.0351279812470473,88.78721635728516,6,67.18082357010528,0
3.7377884767265277,87.17857316261679,8,77.52300414567732,1
3.735482610295246,93.40632840656224,1,69.53101736986838,0
3.073749959056149,73.16484685580221,5,46.15046961179296,0
1.0132643987768026,98.05882556396853,4,34.38605904132277,0
7.564103146791967,99.7688098560003,1,57.066849920263266,1
9.701609498193568,46.99267659991796,3,75.3349748450731,1
3.0186413495654056,90.97262557324733,3,99.41991515588934,1
6.967424726230802,69.98933546491534,7,46.557341596876235,1
7.677066942628436,63.253980297989926,6,94.24529367979686,1
8.635828411814723,76.7843385929629,4,34.77829796676848,0
4.803662773122483,43.35793343572042,8,95.16924917467847,0
3.726378150763863,70.3876671260248,0,88.2656737509021,0
3.92765620620728,92.2534342016,3,31.466174691229355,1
7.413591997886615,52.80769096833813,4,50.87297618620653,1
8.351015198550725,65.58339368616551,7,33.56696575749735,1
2.6345257098094237,96.36885326289253,2,99.68541100706916,1
4.338469073419887,65.71383026834184,4,59.94908032086434,0
9.11746177074235,61.502057939943896,2,76.35214637274461,1
8.260241677252653,66.43219888740269,6,46.393340237567074,1
9.863725624862283,71.16716599105338,9,95.36153670672861,1
7.788234337138727,77.91948064788812,2,49.19218619776302,1
4.5387568092513,88.04156805500386,6,48.215022511160896,1
6.31574050595174,67.12613234585885,1,52.022006715894705,0
6.949128288225882,89.04885610540842,6,62.37424152554945,1
1.7061023468541157,72.02323968112483,8,31.29729083607977,0
5.900472631934786,60.30883062207866,4,71.84862500896591,0
7.383887456253486,79.47704968716485,5,32.21660579985167,1
2.505891736009543,83.06333528460948,9,67.74417414177151,1
8.025685456830015,73.48293853776926,10,62.05194315274784,1
6.253955024627005,43.39689838808341,2,46.97829406954871,0
9.569996071278352,50.19297250964949,9,53.08376120195787,1
1.3818006838620254,57.11786325341369,4,79.39618678712688,0
3.3879352379992027,56.95753635708959,4,30.671826390997744,0
6.413984913698417,80.40524801481223,2,52.16529966180318,1
3.669039209853376,41.100919700417954,7,77.62080779154071,0
7.42981747664118,85.34090662297119,5,40.659170578178504,1
7.831047542697379,55.92054848841599,2,69.22699579302723,1
1.9226436765982702,58.601310772966144,0,41.825304993789885,0
5.624690177860909,71.67458967663546,9,40.83333137998997,1
5.580015000319503,52.95553605633745,0,84.05960670066298,1
4.3235269319398695,93.06827881453165,10,48.656774731079636,1
9.396323763127048,45.12212675959392,9,56.30383832667692,1
8.44755687885899,66.66294173806389,1,81.10126459374789,1
7.274884437186731,90.9653361672934,9,42.56637203800834,1
7.428939721614978,76.95063366527415,4,67.22159149330002,1
5.1554452943180715,57.53977095055801,6,94.24737646352641,1
9.288950689869182,65.24561246658764,0,68.76787735649421,1
7.251358845279569,82.40166282055088,0,33.41920366364006,1
7.560829554902348,98.39564460183396,3,71.27880922739774,1
8.755218134086107,93.58832310276601,9,36.31073796600785,1
3.4666443040797192,60.54596850294261,5,49.74871783032981,1
8.263638134800328,99.89187275727144,8,89.47725737404579,1
2.7571654266084282,40.210279811863494,0,30.774838964803255,0
4.1080775702039904,41.6577853485049,10,35.390931606523516,0
4.020494088428585,89.43043091027164,9,55.43548900762596,1
9.806729215502266,51.967761209983124,4,99.95771159295445,1
8.708835013731342,43.64615610377445,8,50.43047342502902,1
7.310528754312338,54.22888439419013,7,41.009223311522184,0
7.5435108545385114,65.56600923885162,6,68.45954929937741,0
6.05865514962314,83.8339762260043,9,66.34785150992823,1
9.523816003976671,77.46013159307233,1,61.473371190018625,0
5.466328775941254,54.25727305362523,8,96.26576264300641,1
4.424659388829051,70.19622688603506,7,49.61045596653631,1
2.467318032384319,95.57284632391412,10,50.532696048337634,1
8.075850870349523,88.90046661902547,9,39.81798799709589,1
7.609995388680323,59.3913870899076,9,78.81016125413228,1
4.459195346717214,98.93587368134177,8,52.49586297563768,1
1.2267407256330642,82.51722402610787,8,86.19182051319568,1
8.550975949462096,43.746961340006905,8,98.02305141610441,1
1.1027618510866626,42.10964279731832,2,33.05796693934144,0
7.333298016661459,50.1044769406018,6,99.51853230406874,1
9.732313987534514,83.6713520830088,0,47.78729584499591,1
4.938951953333831,51.02433555054567,8,59.40772500781692,1
3.114760644963575,70.68920615253,8,84.44203481448845,1
7.343839090390436,45.595607210849906,2,76.57317994975271,1
8.354153278140267,95.25316946981171,4,84.49058445844113,1
5.917872844700626,60.637636815014055,7,62.64324110032011,1
9.703317477305315,94.48792339363786,5,94.12469550010044,1
1.46501849492165,96.69253851463266,9,85.29585637835771,1
5.543160384740753,40.36771883882085,9,51.64595828035733,1
7.466085525902951,67.84811123192392,8,96.3936154944132,1
8.76376424034261,41.47936334241357,2,97.2737935398448,1
2.6133005071701105,94.52156597817435,6,59.05374890297209,1
8.200031335873133,71.10445268407454,5,75.63723415913134,1
5.974363681466907,44.49664076190981,4,87.03379746497325,0
4.568983137909669,46.61660369659401,3,87.2110501810013,1
2.185435257211842,63.010541469564345,4,30.988648128353017,0
8.787661830180213,96.41405157237337,3,74.0309543132579,1
2.415458873617438,81.57454909408486,2,98.15895082154243,1
3.7880907328818934,92.05713197134794,6,46.19430034573198,1
3.610409787661932,61.98739878039878,5,85.69262014238569,0
8.842726307717689,42.5928219729999,3,67.39733347538876,0
7.054326947880082,98.45905823226485,8,45.50291477972381,1
8.170132574722352,41.03037943974217,0,33.57265818587972,1
3.254211089132491,96.85909918486534,0,83.19451977119053,0
6.6238668964629905,62.120645430948684,8,52.152924466737886,1
6.145713848293738,40.605424301312894,6,56.29102196455733,0
8.495473391094439,81.3494339034705,1,63.96617372743077,1
9.154783544331345,98.83241824188124,10,65.50364320799157,1
1.1094109432964814,97.93754337025555,9,44.432990387928776,0
7.066179271529134,49.65622067214511,4,76.94493931319298,1
1.4665221920775613,50.8748683639693,3,78.47779859691116,0
5.939727985696203,73.93233487717961,0,39.96106471494704,0
3.588694561393104,78.23828958569946,8,67.30366779388069,0
3.760989395699271,84.36507481995193,5,72.64815437591051,1
4.176626531071209,50.86302162832885,10,43.037608038020466,1
6.591632041446491,97.54042520586607,5,92.61234885705204,1
4.006449691018923,78.32435537735427,3,63.797810282270184,0
7.594291455312524,90.82281513223329,1,38.051985036621204,1
4.640746470164827,72.4039429170503,7,53.40773243348363,1
1.6151788027896274,64.85661085539296,7,63.387231379225774,1
8.053838582356965,98.63097439569975,2,30.710090715649276,1
3.571824921334354,74.92728224919017,6,32.23369129882318,1
4.894901916393364,92.01241496795073,6,33.886441671743256,1
7.168994948997113,97.1975437819774,4,67.66946581296034,1
3.992105414338408,80.52127762051956,4,53.52617373662648,0
1.5092709053204407,72.93632071112049,7,92.51728336391997,0
4.365289423115322,40.21065105463904,3,69.1463710630226,0
9.50003724424873,42.40117844434036,0,83.19274301746378,1
6.775609575687024,52.05107296306698,0,78.09932237285506,1
7.043312338004863,51.160505911359714,8,66.42245090664079,1
6.690539382738758,55.285527711990724,3,82.13043078355872,1
2.7909292506349312,58.29607826185965,0,68.12939920074102,0
4.765004776920521,61.6039296130437,1,56.98194136333153,1
7.758458185269864,65.2322614041326,9,60.506338275535384,1
1.9123560779784323,45.93198030736088,6,88.6950937680717,0
3.5006749848074104,42.541715917166925,1,69.42914906864829,0
3.4868719761926825,80.43666694438141,0,56.41073037136209,0
4.888170348350554,72.24008949058467,9,42.582020611037365,1
9.823318668479665,66.64865213320718,8,64.67504895411938,1
1.6075229201543975,78.06639647010114,4,47.66828766727323,1
5.668308949425355,89.66076443221243,3,96.89059146898592,1
2.614282138109894,65.66157454697228,3,64.36874592557618,0
9.736088908687698,78.46716790311876,10,30.626379172247997,1
2.019731542547178,97.21433343010952,0,36.501403264613195,0
4.632409021254321,90.37746975169364,2,49.902714419737976,1
7.6409648635114555,65.56004863014456,0,36.45139891888177,0
7.340989852247008,78.68301026888457,4,92.5773557846781,1
4.8045577320453905,50.624255314956386,4,89.80460967603716,1
4.118717511574464,73.6313310937054,8,97.96030562137297,1
4.578511406975835,98.87969746830657,7,79.45259300406669,1
3.3784863684277537,71.09890691215134,4,75.18251823484111,1
2.847996448361198,95.65829795140884,4,94.64476465270437,1
5.34735727803001,64.44009523019564,6,96.2475201364427,1
3.416803804608466,99.93068963107787,1,91.42414900185217,1
3.587154984075251,74.75320211365347,6,90.30309906738759,1
6.910804571271013,42.536139654156074,0,77.01922788106096,0
9.71683598529903,75.20528780148328,4,30.112416306775135,1
6.432734805034376,56.4743617407758,5,60.06619352307569,1
1.6928152035846966,41.94887932215368,10,74.49639398255434,0
1.680252524686603,89.25119828167979,9,68.29891663112232,1
9.562808987610094,56.543778218845354,0,87.47886409236106,1
3.6756171127660027,87.79291324278991,8,87.32315935598909,1
1.828602874742279,57.293054977352014,8,71.90774066231239,1
6.391401284353434,51.65958123242646,0,31.539583728134456,0
6.612839004612395,98.43613444626564,3,55.85309666343024,1
6.836543381068194,61.69871966530117,7,46.01716097404318,0
3.4066182507178717,76.08257268658963,1,53.71516761286755,0
1.1359961579302753,76.59888956886829,10,73.21048581612433,0
9.685138325090247,73.6284089304101,7,34.65233318779093,1
3.2580374112199224,94.88174461127288,9,31.556943433428007,1
7.084236592472927,80.46646428201211,8,60.58110411862131,1
7.3596688289083865,64.22398024629581,8,85.55016825733514,1
6.490066753715372,91.74282307145644,0,32.14890022189863,0
3.816166547922834,50.86377394695786,8,89.43340095651446,0
3.439866283876592,72.65420545662505,3,56.871574292500554,0
6.379014544324328,97.03302231662539,7,38.27648002618163,1
8.794860702505224,77.52385779282477,8,69.72484101586716,1
9.52060356031056,89.01810702849258,2,96.66523929970865,1
1.9531522396338188,79.21364353271157,5,67.97590293271705,0
2.3934575133794787,90.36225181227343,2,78.06443290501801,0
9.502626329047716,96.66927279071461,0,87.14949008237139,1
7.628817055013133,56.37530365196421,9,85.95380855731938,1
8.946944423467958,50.179664875403134,5,35.11831099596178,1
2.8236937072180885,69.0394450199524,4,81.86967892616474,0
6.288272839984617,82.11174560945295,2,96.46146961110122,0
7.310256349757263,53.63147519093297,3,79.04565637864042,1
7.121006969022754,40.24608702581003,1,88.55100255973274,1
4.673365217800283,60.576106950202316,9,63.98847907077838,0
1.1385540252217763,98.1315601280673,9,52.334852846101,1
6.246334511238368,81.6980476363508,3,77.33674561636118,1
3.2779138526164786,64.07952663647343,3,64.45399846835906,0
5.052288215286013,51.55456584081042,2,92.67021994200836,0
9.618229135754357,61.36538042528482,5,98.20673780157016,1
4.591317858781912,50.19036599807488,0,87.38614472563003,0
8.55821445997984,46.37834927877709,8,99.48757322398107,1
2.6968654517432604,94.40454235435323,10,54.38594188760122,1
7.052144482225259,99.85902030252842,9,92.70287651281384,1
9.793062589950491,49.84686637574742,2,53.09535401581657,1
1.917037907856431,43.271353532696786,2,38.26266527141675,0
1.074879480044728,59.78386642877274,2,73.49615867180141,0
4.902245133693529,67.69955084568491,6,61.84920440183974,1
1.8336293474623049,52.28927482455127,7,94.51894634014324,1
7.7354591470860825,58.08549470791351,1,64.45357213046105,1
9.23093797463703,52.05224414149946,0,94.93428055200121,1
4.90618875437883,86.45563410594707,4,35.50437070365718,0
3.3284047793989684,82.75467659483564,7,88.13582850224343,1
4.909629871059488,78.0970909456589,2,83.13799879250676,1
7.511030360650009,63.23307142475228,5,80.39847914349795,1
1.0814874542233388,94.54245647885415,2,54.859509854815286,0
6.305085905362275,98.1719524921012,5,84.86317451983021,1
6.519625163986412,50.41835875752472,3,63.83076054713439,0
6.73919422206342,53.380758484712686,10,80.06424576193376,1
3.178198719827895,71.53786168002217,6,68.65590027496194,1
7.426474510403141,45.47503415693472,10,41.02077931733877,1
1.8225233769859877,66.18690392938677,9,34.519101312131156,0
2.7934330282012074,74.90747588666261,0,55.63306558423827,0
8.897230419890338,71.32441426823999,0,95.29521760620939,1
7.648508356539097,59.854514984681565,4,67.08145145750872,1
1.1237099861021074,72.5467483646324,8,86.15344473318096,0
3.235386343328202,97.52805725553087,4,70.3167149454182,1
2.929658346938481,52.36104425748256,3,97.05337003914063,0
3.437256952332753,79.28988150364022,7,55.86188935082206,1
3.2280379325189776,42.60380164936311,4,33.99353187645811,0
1.5627366616856118,43.984984268886095,0,84.64678683139093,0
5.130464649371383,73.1096934534151,6,79.38195558317639,0
7.594601273075487,46.29635081967697,10,66.92740675668423,1
6.4605855224569275,41.34080730561144,3,52.84738702332203,0
7.055845017382718,50.29077985888133,9,43.17856033826075,1
1.7303426068261523,73.89095025997446,4,63.759323092342,1
9.563416391591085,82.20045727113595,5,76.63409865033408,1
8.546426504587224,52.1487138484828,6,70.5220500559135,1
8.245812866460964,80.09556623249047,10,60.62433572601256,1
8.406854245375907,50.94857986595376,1,67.77861110304366,0
9.394394573194852,76.80744559787543,0,37.55684512202189,1
5.898285695023279,64.71758079374793,2,78.70880727019448,1
2.8025381608086333,79.22797056001701,9,81.39792306571533,1
6.551052470672871,99.70316514875483,0,30.801682286796343,1
7.685933443011451,96.26901791395372,3,48.936368910260825,1
7.6412565401862285,40.25690547016622,5,36.44818021212911,1
5.693041217501921,93.12632586173834,4,99.87624923121477,1
1.6161284740022026,43.98944771048599,10,71.53399836286144,1
4.34001644587115,97.18279516959069,3,62.60166659585937,1
9.286899476170216,56.90954074598108,6,62.41007132867401,1
6.260040187816834,62.922089824676256,10,97.53417434601391,1
5.84498748930142,45.49829231054367,10,76.18989467046839,1
3.419681629439742,46.736365499734575,5,41.80616907729629,0
4.31604027924921,83.60443391375918,2,61.371117959710716,0
9.058114802378523,96.6599341448975,8,84.19377886621294,1
6.998167427741522,76.64490969725857,4,59.63450468011551,1
8.086483240770995,82.95100093160866,9,51.6673398120801,1
5.089108807608897,85.7181846758292,0,99.38512536061788,1
6.672224975105421,55.7688564731765,5,95.49459942285604,1
3.2354524786888677,42.713777855212896,4,95.9092258526771,1
7.349147472551376,40.112364635150115,9,39.21707707709164,1
4.8484120033300355,61.03895697724112,7,46.39786797664134,1
4.98290963333271,54.487853691952964,3,60.94468707160887,0
6.843900921191935,43.73906350295114,0,88.24904807627908,1
9.42652559322034,50.77169754962,10,81.5779278159336,1
1.5760571194775883,47.46993389607687,1,89.47671766067003,0
8.422689136123068,94.89270283704222,7,94.45343038101596,1
3.631447993709738,48.41603280755014,9,84.65367901353642,0
4.9952750905574,72.25890783926076,7,48.32390071014848,1
1.1972199589750807,75.58635730672987,4,49.98119776710185,1
3.7094147005088174,72.60936746251802,5,54.67413771361689,1
5.523681183671174,45.943386052959276,1,51.21527567835323,1
1.505584696126951,59.12790170503307,10,47.43692647921792,0
5.419861564448486,43.0762199477892,8,82.67402419130195,1
9.343995659725845,63.74019484577896,5,32.37937356302669,1
1.948538962970247,51.31593587629552,8,80.98756166665456,0
7.879966552679539,73.69795199706279,10,87.64946400604776,1
4.687039480383934,81.56850363094603,9,34.62308303413725,1
6.896563430719042,71.92719161228239,2,34.32929750406973,1
3.342129381867064,66.05420179668374,5,49.98246620253107,0
2.4354303628722245,63.24000525140154,9,44.581477092116565,0
2.444163528441038,90.50150608582022,4,70.67935715831354,1
1.634427510788302,53.162083903916205,8,77.28160804511435,1
2.670820344111187,84.05310037173213,9,74.38993972730273,1
6.977974464900714,85.44893948440713,0,55.01431591835559,1
8.935215506591572,65.15200043624407,8,64.88784842295453,1
8.327131170320456,57.83803595353836,4,74.79935806528832,1
7.166208788870357,68.23248916275851,0,38.35983881644592,1
1.9938867706999241,45.59283555356191,9,46.06583401177258,0
3.6026870166635483,42.755801933745396,7,92.3347307790328,0
3.7882618779022206,46.696191967113506,6,53.962846358438,0
3.249612517578591,51.22870188773357,5,86.08094673437937,0
5.635050937387508,70.25060922028258,1,47.569282663600085,1
5.819984333917053,90.94819816966734,4,32.91482460752153,0
4.211973776539992,54.13853991998122,2,65.02804147313867,0
4.184102428627924,96.10972064480669,1,92.47374304937405,1
8.457000381154732,97.29447453610021,9,87.34991843994965,1
8.10363563487717,97.53427629071231,0,47.705741824714295,1
3.770162485126711,90.25376408057943,8,93.6955042097043,1
9.224095994859333,61.829502447863234,1,63.580112644141224,1
9.575335153022554,44.36103466015739,10,33.429930265206906,1
3.9406828782703673,74.1291239059897,0,31.95472338374262,0
4.1898245391374935,73.52088663623402,6,63.95796138023275,1
5.550707380797629,90.99854602657572,8,68.24259989996713,1
9.470087312803061,99.75946305676631,5,35.59390444078132,1
8.886874898280805,70.48943839360885,7,94.55684576076253,1
1.9231116632523082,60.71224186238706,10,80.27517799435762,1
4.534576689442746,51.15410269337602,6,86.08976509407192,1
5.9803407077479465,40.287989489042246,8,70.8816275851446,1
5.52819225296386,70.54682154933275,6,76.44808533081601,1
2.7447676114320343,73.33112000215574,5,57.15021608789842,0
8.729350940513392,89.49630878904384,0,77.55079594608652,1
7.092467046971536,70.27461807356804,8,98.47280239829885,1
8.541175373666231,94.98810091996339,9,75.34011374276781,1
8.72887851414525,77.68500859428613,4,53.914360601121885,1
7.735202682991658,90.42017429326499,1,49.96673856677275,1
4.9528954112474555,48.89810408846483,10,97.43421585929441,1
6.494920795138821,91.32016781813888,7,42.95016079756455,1
2.4432886550776884,80.5086312666309,3,86.43376281687338,0
7.062808757274169,50.21398194629983,2,62.56836044061311,1
2.6132793016535265,51.385813488760654,0,61.06318280469604,0
7.245546314591412,95.59003714265327,4,82.32764515851943,1
3.066383446785718,41.932921627022374,2,40.36269010321604,0
2.0579617013519798,67.75209659774237,3,62.64071483014443,0
2.487560411286617,58.80851739604609,8,32.508358143742385,1
1.0179292169716323,79.90464639990569,10,76.92847750580285,1
7.468656560681772,90.37776325413952,6,34.08640987675665,0
7.591609441525412,61.62268729339417,10,36.11021583717209,0
5.634400149219335,65.61412523937022,4,89.13784668604421,1
2.4522652094984534,98.91506707008486,7,61.00686309111496,0
1.7519890375962077,87.03499058075217,5,44.06829819837698,0
1.172160697935583,93.83224785590748,9,71.48092031687659,1
2.4917335926869866,66.32573323909779,1,66.3498285209172,0
9.01769981484832,54.044572239046914,6,58.76358287200007,1
3.173831575315136,64.71180792318711,0,93.37919467245432,0
4.188441944954941,82.96551506989081,2,82.46205987066422,1
1.9481093603319986,46.56582429015876,0,40.61150098787076,0
3.0012517427335323,56.228146336990534,0,69.9542254963194,0
5.673021137021846,42.798154027695425,4,36.212073049333696,0
6.469774147860873,65.9408643002879,5,47.12577793099646,1
3.2081708274958993,89.6467441587768,2,93.69022427044483,0
1.5195894330260549,41.47982129788065,2,62.34559479957695,0
4.519295822146588,80.51941160842996,2,92.44742711323912,0
3.107830338337007,95.94975247082438,0,41.61992759140949,1
2.9759853090682173,54.21567169067094,4,44.373922325814725,0
9.638765224421098,81.61809044365889,0,54.697730614696496,1
6.546704373331517,98.50611406601202,9,55.64279495816267,1
6.011905988548863,97.73668360914779,9,82.16940891614371,1
4.741975931709897,54.0957515817486,2,71.95873933778603,0
4.8604990008712985,46.019863192724124,5,68.7274598162641,1
5.868145034542727,48.896952273754955,10,72.16628547796657,1
7.267868263324965,82.12214010892853,5,81.25339607663864,1
7.319314865636465,83.54553252719654,2,92.49716470263621,1
2.5452451693490463,80.45419369769195,8,59.03179695340541,1
5.501014768689643,60.16470326453428,7,86.20481600464258,1
4.7076228553069175,50.186616385487326,10,64.656781816022,1
8.834742696424458,74.84566551713519,2,80.54547697846769,1
6.682770290965387,69.020826745472,4,91.23766516418374,1
5.792536597743836,83.73004882733821,4,32.25503756553836,0
2.0385517796102564,66.48160472113729,4,68.26408287357464,1
6.450741003910703,60.3183816811881,2,99.25664385223328,1
2.054835151122101,57.608714641540864,4,64.73570901657249,0
4.034859180091768,52.68821920298479,4,90.50125778211846,1
2.2855776833289867,55.94478257119968,3,43.012989669178054,0
7.22866282321932,45.689826330646085,3,72.30009631724322,1
2.8562690245253735,60.81142065573337,1,90.92141742641117,0
4.526734358692234,42.194188741777495,8,60.20731921331398,0
9.061072998569008,51.18483082997961,6,64.07054412335306,1
2.8388474505907326,84.80622667716574,0,35.741253311431244,1
5.570245575629012,59.52813932059736,4,32.95204643654235,0
4.7734449504941985,80.09422101864064,1,62.809580970808824,0
1.1631163694115676,83.01305053583664,9,89.04327321487938,0
8.134823022155315,74.87112056392681,5,95.19269904803005,1
1.6214131568313976,97.5218644819239,6,76.10571024228929,1
5.268295188792583,41.286391997386794,1,87.84790195342322,0
6.0461046544505495,84.31915903528852,10,81.43979138608837,1
6.655838109531284,97.52719863642449,5,79.10400788302866,1
7.197684663770881,91.73630376117636,2,83.83231691507311,1
3.2794514517044355,50.0735615083008,8,65.37120666876504,1
1.0898089899260444,59.60921837510392,3,62.05566724477981,0
7.510992961194208,50.34711039258792,2,41.14004655693021,0
5.820909394128208,76.07850182888225,10,89.06707216956629,1
8.52505932886524,82.73127891876953,2,33.12297160727333,1
8.392495266106248,59.024426161783495,1,48.721088486613034,1
8.58993551009095,72.37039443905772,8,66.39413030020103,1
5.365851939815862,81.4552342042717,7,98.01186787654348,1
4.002655562531791,65.28038899666291,4,85.0181059607128,1
8.124023823322329,91.24093182732756,8,55.80698572540396,1
5.061647017263295,86.29299611726903,1,79.97638733587046,1
2.6509797676309104,43.87993263103424,5,95.19585716106093,1
8.69476617605327,77.26751794544974,6,67.72184160759531,1
8.943038890951126,54.119533057584974,5,62.335813685066455,1
5.196787805261531,73.45109588003652,2,68.70952905920292,1
1.6812975457880872,97.41330655797798,9,51.80710288077879,1
4.490434809252381,92.74372027313501,9,93.51441674789334,1
8.231838935163431,64.2709841869079,9,85.8097268723034,1
9.115966256916058,57.4908315006612,8,79.38388786472939,1
2.8312546824783626,54.064344664495536,7,71.23644563938498,0
1.6027625082274437,71.95089218539121,7,97.86323449165319,0
8.896154078195547,46.85490719548338,7,50.83940106320943,1
4.504644450809877,72.95650048769491,8,49.81946154347946,0
5.87584867840807,40.08001836944752,0,46.949683300422755,0
9.71259230845683,59.430977844750686,7,81.92431920514528,1
1.5990825512280056,53.196058829834875,1,85.809994791201,0
6.83486206706886,98.27312739764693,3,71.79799233166844,1
1.6669488031738036,83.63453917419874,0,75.63885972366822,1
4.379220356198504,60.97920282773426,5,54.4272535224475,0
8.234330906741022,45.570705191837234,9,32.78302797310176,0
4.90125009480071,71.00803568143743,0,47.75450905488771,0
9.974641185126554,52.80687287956254,4,70.90122589912981,1
6.031533564519419,72.18577275390146,8,86.90528776690721,1
3.8904593737235813,90.12174125073355,0,84.4036484903098,1
2.981001933142778,76.94755312608312,8,42.564115493522685,0
4.154684808575457,78.02730517270012,3,33.60123470533598,1
4.352799463835957,72.46181734376869,2,89.53920279972289,1
1.6184230995156488,95.63593795788455,7,35.291246289185615,0
4.326167794840958,95.9141610652362,5,57.531788395234656,0
5.178146677653024,70.76339206441313,6,36.595795974944096,0
7.504639770149242,58.345569228610266,8,69.48340973140247,1
6.910565362494472,67.57522035276664,4,55.43355018312614,1
7.378890897062388,51.19347473173694,1,44.17455324610588,0
1.0752731368917139,78.18065891908536,2,71.66173677526288,0
2.9590065962248246,70.005540146934,2,55.437425291578265,0
6.955158595598708,46.198028668796795,3,41.675177620456104,0
5.3559043136177245,51.85886686717692,9,79.00604887949841,1
1.0478212810151135,68.77791737197161,6,88.57658169176635,0
8.240451781886401,93.2553394431315,9,49.161979976124655,1
7.955286159613037,73.98344323786584,5,43.04975320612882,1
5.935772466942064,80.89210001250825,2,35.26763033898361,0
1.598169931986449,60.34171298463458,6,66.95314875491445,0
7.8986354457932615,74.28468358265405,3,88.19055898226685,1
6.253422289582275,66.84278935828405,9,47.555292650022466,1
8.037639794421633,79.54779475738964,10,62.244644014129904,1
7.765722931562564,43.034533964740625,10,41.25624174134458,1
8.227018647620534,69.59801297433755,7,58.29405767955394,1
5.6620725976416235,57.75955750863802,6,31.081157528883267,0
2.262920663741635,59.571103676674554,6,93.75103474974169,0
7.040417260417198,97.65504589348369,8,77.36003265003981,1
6.584264065467735,50.96168876268297,7,53.296960234434025,1
7.6802786847917845,58.67471515471581,0,91.68387820392162,1
2.5289290544566176,70.5935545438523,6,42.805074060313096,1
2.754776799102603,91.78161688897742,2,35.511361229897204,0
9.013685654973957,65.00020499238222,3,95.98351068021248,1
7.749800186068637,84.63191685329026,5,51.63118732151256,1
9.174056398302906,91.38244589288814,4,95.51813758759175,1
7.8284378904752865,58.600981349310935,7,74.63290434909646,0
6.374397753912717,63.5650110123226,1,98.603005297083,1
6.887194633250863,61.393373421301376,4,82.74004485486944,0
9.00215131546009,89.97134851707526,4,37.38387068498086,1
6.209260790607464,42.66081171721607,2,89.65600668828377,1
6.691521918955487,58.5052653297208,9,40.35149657695778,1
2.408290444032405,80.7645134557078,4,78.45383240420199,1
5.265290981044925,73.92660997392056,3,65.0285214596355,1
7.44757400762289,66.17736155762165,10,79.54075057011387,1
3.4384842848472887,72.39689363328307,4,83.54926728677388,1
2.820287624720814,51.8550751496991,9,86.25656479893213,1
3.82444127401974,65.84299729648062,8,88.44860928870006,1
3.173505651935501,70.10217905058094,6,89.30571650847506,1
2.934213733327563,94.07134731727609,0,58.88020985656938,1
4.823657585812782,55.65010976823858,2,92.24596505345453,0
9.170546624951808,92.06971012989595,8,80.37061774819107,1
5.563536820648465,78.65448404955892,3,88.7279651992826,1
2.691283427337907,41.22044986405606,3,99.243394700522,0
1.6927450244278668,83.47788021396362,9,38.14903194927856,0
7.265405306241327,42.1331126529433,5,55.94057883797856,1
4.445188879927491,99.84286760882878,2,86.45829144943856,0
8.396478519268234,92.35820126147186,2,36.04124299773805,0
6.935596917766931,57.84062485240274,8,67.85467458307221,1
8.166173054872317,55.444673811802325,4,90.08785712496915,1
3.4475143547660387,62.88646492633653,6,31.329388424571604,1
7.231230302149523,61.37001791886658,4,95.76632289913508,1
3.376557862243469,62.340269103122864,5,98.4701376733222,1
9.451616315052624,59.09659276716883,7,52.55966507957666,1
6.7273685338003695,77.26800441089989,7,83.67538339730358,1
3.920606201578079,49.85581982323744,1,38.9023271865116,0
3.425606760630454,90.7588775467608,10,84.10049893690224,1
2.718339265644792,88.74414904187893,8,63.70651765838036,1
7.25176863004355,68.58899247131623,9,90.21911549697487,1
2.968440516981346,91.16379791671287,5,44.882449909334056,1
6.357729393347402,54.8287042018176,6,77.08605672695677,1
3.381715242328216,41.05392734223802,2,85.02834220910955,0
6.9577205031448175,77.15247550178938,3,44.17445856766294,1
8.334457556864852,67.47456441788293,5,87.2801094298875,1
8.002227188301879,74.02987277775225,6,97.05898506593084,1
7.847661978377036,93.96036454110418,5,73.12550199444416,1
2.6895016512302687,98.19553441395661,4,84.93952917533854,1
1.7954645228606685,78.06718838533618,1,67.2808701551752,0
7.290539456386471,85.8433353911463,6,71.86723526969416,1
4.315124924149162,45.02850600922986,4,30.934670416797548,0
4.891116037630126,49.64293509349034,8,66.7001086785219,1
1.2803418351405196,83.99228829717859,10,70.28946248768281,1
3.3361880434754427,65.88192738328011,3,76.90332820357705,0
1.303087634870176,66.75791622426433,9,41.8573426182882,0
8.912671953411229,58.5164608981262,1,46.896198366956476,0
3.190570148966774,76.44138300866463,6,82.92032421845839,1
6.016034526157073,51.10990272497216,6,41.734717401915596,0
1.3508138859501737,77.61497675883373,0,59.121825067002995,0
7.001626521750922,50.42793142811438,10,47.53431532922269,0
3.907246111786845,43.82956208258282,4,68.16288725352274,0
9.081272682618993,59.82146132194366,2,99.08096168084607,1
8.993063700406323,53.86842052059086,8,89.64265283748054,1
3.92761556525573,93.33949831337995,8,48.86320379731131,1
9.108648061214211,43.29720723211759,6,55.802826740490985,0
9.96541906148901,50.596821554447374,8,94.30435077484876,1
8.428740977115533,72.92317633498297,1,92.88064806483169,1
8.60384212979706,68.86403145084842,10,41.23696269140573,1
3.2410786249818093,42.751121102482095,9,88.04897922281734,1
6.190321589719807,40.43514568090867,7,50.83255333512163,1
1.6053032257063107,99.28407651766899,9,68.06622115227887,0
1.8542614313950274,79.53008202153029,9,30.356887250313868,1
9.990033508299616,61.92436785409341,9,99.90131336273086,1
3.9397532448331987,68.22593485979448,0,83.2767528753914,0
7.733655208439617,55.993007227257216,2,46.921314192910714,1
8.259985477241347,60.692427021592586,7,77.86564258973422,1
8.722209439065063,78.94266803609284,10,50.531515397643595,1
9.978654676619408,92.96870793204224,7,36.261906979021155,1
3.1734683673118105,51.04780138487109,9,59.77169694569912,0
1.3631574417372974,90.42169032311912,7,72.96032037105516,1
4.700723661951274,47.293397771096146,10,36.28442207477548,0
2.1707260284605225,52.89953341530347,10,66.28844089702599,1
1.2018330024584962,42.23051728297876,6,66.0404962711857,0
4.243841444273375,48.44871172557997,1,74.00516684295921,0
8.053644259677128,95.03818872784304,2,47.12519469713246,1
6.095626221025638,67.56632479710271,8,31.444903827210645,0
3.8150019028931865,44.659951706701214,1,52.74002547079235,0
6.889078049434477,97.58361028233767,6,57.900683476798775,1
3.0881636227792963,92.739538465519,0,74.50187382762986,1
1.1294330146487652,85.28095125208847,2,95.11203035926759,0
7.8791804779278465,96.00836751685347,0,44.23698659484625,0
6.613687763776082,53.20776525014585,5,78.11335401378379,0
7.86072362050864,90.18215758060518,3,36.818063656128885,1
1.3504421501889905,81.39947178125837,0,43.3435228888372,0
8.53407665047587,92.1855549740613,4,65.63941580987141,1
6.57573580032673,87.81469394455779,3,79.58643054118409,1
6.070558156413761,60.7897037906095,10,90.0997975158657,1
6.621526433030784,86.46391222103534,9,82.07324023857888,1
8.779899221815278,55.74737817909342,10,31.074695080236282,1
6.282428559030164,59.71552978168329,9,77.87519281435499,1
6.228553418993614,46.47434303337857,1,87.72603925902146,0
9.916112413591893,96.10459695882813,6,66.78734341723967,1
7.810571503617112,57.46020180401689,7,97.59190836764864,1
4.980644249060218,71.23734791028711,3,30.30186957106832,0
7.366573000296349,63.47997018797156,8,87.30605654370127,1
4.503074245226096,97.59568723501009,2,53.43738123434361,1
3.059879162351491,60.102950256308944,5,75.53148472164793,0
6.371666891989835,86.71274928536134,10,78.54373260929498,1
9.353638883025564,91.32496927787079,6,51.43743114640834,1
9.362255680139164,66.13638984885796,6,99.67971498694554,1
4.077147502949413,62.69030886717587,5,37.22750196492613,1
5.749097195995255,84.86474925595768,8,40.99203596180573,1
2.904723087128751,94.77375881837405,0,92.45341936757434,1
9.960679985489952,85.2959039843343,8,38.342591351141024,1
9.830061170811422,53.62758193551194,8,56.6900385322178,1
6.845580367367026,93.29846484626232,3,81.3199548327341,1
8.23972653709726,63.25490004620998,4,85.40443025850169,1
7.4359014515533,74.57376470667606,2,96.82684237689547,1
6.338423971355214,89.88613715756267,6,85.270168427194,1
1.4801319729000793,51.30368604402953,1,89.11726688838301,0
5.092879082973949,87.07060814065318,7,96.45632039860875,1
7.073076719506695,75.76976787464065,8,68.75813845918799,1
7.097784524953162,93.60049850965649,5,54.0403422068981,1
4.358103565801452,50.318224110612576,8,83.31292012665521,1
9.475227879922276,65.2409342224557,5,41.44791104950897,0
2.5062132901310292,89.97058557201024,2,34.77621690028396,1
5.503235015940046,41.15390220740561,9,84.97316055859383,0
7.217955788957405,46.73208200593857,2,96.54699506439962,1
7.2742222530262834,99.43391276540407,1,60.971286147646275,1
6.83775061091934,56.82365071542103,4,41.27934174136829,0
3.4775939210667417,98.5325916234372,3,64.79146832608038,1
2.4058591181795976,50.95189306052043,5,57.5322496367388,0
6.723462941440398,61.66566658044014,4,56.0731757830947,0
6.393719045254939,85.17216667021424,5,73.96565879840509,1
2.6142040926031687,79.4667044342907,3,42.23150002972143,0
7.34625231013507,74.86734399574334,2,56.63370840881662,1
5.096547925602907,71.79395054830046,0,90.80737873747114,1
7.009845324428376,90.60642661988442,4,81.07655683319851,1
8.536303717931357,54.09691377000357,5,33.89119267521524,0
2.5275558571923087,66.5482556196111,4,65.9732657173741,1
1.17230381197153,49.327137529387436,4,36.39067225348148,0
8.011923277562081,75.75649574384227,5,97.02475002639943,1
6.487276826373543,55.03266545627921,3,47.124844861810374,0
7.296756126599095,60.030523860603154,3,95.28347179993895,1
8.543394774897783,68.27504299741169,10,88.38058859440602,1
8.225298413420504,41.60623514218767,7,68.59551042881097,1
9.648281322359422,45.51627615525026,10,53.5413200990078,1
5.823415709669064,81.15575324249318,7,90.05626764834554,1
5.396460693939148,65.73819884305044,2,40.69485906555789,0
4.616984799016571,91.88741331999373,6,42.598187972932124,0
2.3832193855978407,81.68032021865196,4,45.73058741567666,0
6.153465095938202,40.486056498839346,4,71.8387828492331,1
3.493112718933809,77.00273984602809,2,52.002765718675995,0
9.291767609916779,45.623491963582985,1,99.24270076352373,1
6.248717238493878,86.85599078742965,2,43.65791247052151,1
6.335561624572992,99.49046129671012,6,86.39270682879079,1
4.194321947893091,71.87192765449069,2,36.70853529547569,0
1.4679041677993674,80.96677001164782,10,54.74125936096636,1
1.2856938883568976,54.238849653685094,1,47.06337501442377,0
4.810016297378778,66.25586462522762,3,98.37851640411773,0
1.7610884028751408,91.36571993418302,4,31.801140584421933,1
6.461622599861252,50.04537686477507,6,80.51686679903918,1
8.928757050756918,55.93213633682573,0,47.34054877806286,1
8.9462333486685,66.72602051716181,7,86.78740638106333,1
6.931408691190091,82.73493351064084,9,51.785707970962875,1
2.901086483256379,62.55303728774043,2,43.109897150803825,1
8.766971482229849,95.66393678698023,10,78.51278959962838,1
8.974840917818874,45.66742307612315,5,48.03035749955582,1
2.769882264576628,62.24825185269085,3,63.98828089848909,0
7.636834771936095,82.53724740570532,4,39.20733956198315,0
3.5786759403441066,53.55920593968955,9,80.72186077302209,1
8.223762811176368,79.38478805378037,5,58.478534353771096,1
9.975141099132424,49.853017493640756,1,39.84058316060827,1
1.2702340479645353,43.358817091701184,2,81.91165327536874,0
9.076292792118387,47.26094300491893,7,37.23535344222154,1
6.603674802387922,95.79908698804809,7,70.23742957562763,1
9.760443572483391,73.10505297637309,0,72.5239618783036,1
5.185085657737848,87.78074652877893,9,95.12453502622883,1
8.626491375142365,59.959270054303076,7,40.56863489816651,1
1.561546617384495,75.55951887312679,10,75.73424518111888,1
4.017511450704662,69.6971280222995,1,56.65380069766866,1
1.6031488397608897,96.74427756413763,9,58.05700429184165,1
9.778088201311634,84.85447816324663,9,65.12776273606657,1
8.352765165446531,83.83255788979474,7,46.364922843430364,1
8.672926791213735,42.78119616605677,9,62.28282672667206,1
9.441687082905048,72.98018014022146,4,78.07923178805845,1
1.7659313750780683,68.0194872341089,0,61.99791276839215,0
4.47037833262,95.67053599637167,7,32.97558991317625,1
1.639314001396019,55.440519291371935,4,48.04783732814005,0
2.8971379139502575,56.19000719746566,0,54.60221489271767,0
3.0642919933390513,64.68077493289002,3,54.83047958227436,0
5.221964899428208,54.602182804382565,0,35.670482476352525,0
3.4170595070827834,47.75103506852497,8,61.46993861320841,0
1.9088029613598498,91.44489079904804,9,78.43643132919968,0
2.5074198018469693,73.49659146423495,1,33.407041263403634,0
2.3254800719688182,91.681763137394,7,82.56469206612614,0
9.757691181210685,89.86808592422176,3,96.85736420744209,1
7.833632562266263,56.92254128738027,8,30.65367094601227,1
9.709853187426058,72.86424665945644,1,43.55846211525012,1
4.957664378571177,44.99306216440423,2,68.04414476417045,0
3.5053163349639096,94.9151130418455,1,45.26346405850482,1
8.18463877488268,64.25576290390919,9,83.52382221745076,1
3.936285262370321,63.62057103334128,4,51.84940204716102,0
3.6944503633481345,58.16532223707719,10,50.55376976225426,0
3.0925539298704807,67.63982468264223,0,30.06467130484093,0
2.167110804018118,55.10556319272688,2,48.9088331731793,0
3.3081675491508937,62.491136367808274,0,45.23693653348012,1
4.1978777362649895,87.9968229150929,9,54.0268676999733,1
7.065947873311574,90.0553302151103,7,40.335965711701014,1
1.5630835799750642,58.250948657710964,3,71.62540664957464,0
2.8945624569880866,68.14086583316728,2,46.711908044463996,0
8.281212762625088,92.42918657680313,7,88.22256053237231,1
2.3222973122539368,43.16039990978183,8,49.91905627163284,0
4.083806318702694,93.34869771974712,7,44.760871962176225,1
8.78193029672326,53.1510607391399,5,33.97259533576043,0
2.394327800290984,80.71235465286256,2,81.79346830152207,1
1.744631520563709,74.95310178307602,7,65.57457225262891,1
5.3608419557200975,73.17644489135512,4,37.964809816633796,0
3.7217756015068275,91.56161348516929,4,45.49343478322581,1
6.070675280354687,46.094328618679675,8,99.91033504418898,1
8.234244014351276,60.82168151953816,0,86.42201087485056,1
2.2343363933746883,72.29516478068594,6,54.49086400373125,0
6.226291760988564,88.67733123676238,7,67.97883814307409,1
5.549578843508775,52.98658500470029,10,59.12120112304152,1
2.2967090741187963,88.17579048245658,9,32.547269578059954,0
6.615986369760842,63.978308949636144,2,84.50739064490344,1
3.462763760746945,51.334831386021726,7,80.18902792562591,1
5.390508866896113,85.53918642660895,0,58.616162014711435,1
1.7404509184935568,45.45393408847287,7,89.21279958164392,1
5.136256514922607,70.88604244452658,6,67.43173664224501,1
3.758171212385383,43.832547031713304,3,34.56459075882624,1
8.401430900668188,61.38507130946725,10,48.158440317281695,0
1.5128085429763145,76.06460794038355,6,62.32409852600922,0
4.76746547426497,73.3669324892328,9,37.2414467097558,0
5.1258828171829425,64.27932507428,10,69.97568350040336,1
7.5250546866920685,65.74287963832694,6,38.4397713178381,1
6.168588175811899,53.60617320104599,9,44.035572983897396,1
7.0049110347476296,67.35295530544617,0,92.57885629367598,0
7.993443570865805,97.19529134325006,2,99.98686716288638,1
8.759826762923698,91.02717506702743,6,68.51773408326807,1
3.8248794705022346,48.71397214458063,10,73.37540270922355,1
5.842204348275127,41.78684723925526,4,85.82018028485012,1
8.5609727059528,96.01145876299783,8,78.72976473428625,1
9.905060178685508,71.60498499284486,6,42.77265812583015,1
9.005673799393868,72.27026938895847,2,58.8170067176911,1
4.343205363619392,86.84307974239134,0,67.45815632358804,1
2.756498654967854,58.88133843227959,4,55.17983945026956,0
5.404532836659299,68.91445413016012,9,42.32743188304565,0
7.67477306652438,98.11977478880425,4,81.5279340842961,1
5.433121636779679,80.32892121594443,6,43.91924835555505,1
5.3486277698230165,49.224701919747154,0,48.23401500912628,1
8.544073789736206,47.993604879061195,9,50.056373058990275,1
4.252634011604677,52.25588549998032,1,41.324546133317725,0
8.73815207330481,86.00270046524305,10,89.4686136096733,1
4.661243208565512,57.72262023043696,5,72.74314232052873,1
3.9540979511050547,41.283330800504785,7,88.43236909944972,1
5.085909200797291,96.65046181033972,3,64.56105194563764,1
7.862022628073816,50.18280498369464,2,66.36941280845147,1
2.1340182507759486,40.57349116888412,2,73.1301241094055,0
2.7677729428481563,54.22789614299938,2,55.96436807514914,0
9.563003430967827,54.10172722708802,1,64.76088663817725,1
2.5794246464322166,65.32031505074337,0,68.28405903473772,0
6.109545861379491,95.22338989000221,4,96.74797053240758,1
6.213830199957441,92.75109506674588,9,91.80356922771712,1
5.406620158452203,67.41367329894567,4,39.0472093232166,0
6.802707237191367,64.65399429950838,4,32.8897726754762,1
3.068440532178566,73.30054518849107,3,77.62337662307253,1
5.973960409990734,54.607240718305945,2,33.44390666514142,0
4.349559297222074,43.13109951798177,2,34.224574546686064,1
6.955005336662701,96.3534481702724,1,41.148437779089996,1
2.271011890358345,51.20193909263037,4,54.61949636067138,0
6.137896751555286,51.904043754742986,3,60.449727829584624,0
2.6674331984499133,68.34761973123686,5,66.35646243001057,0
3.5077875680353277,69.49680069041985,1,99.46017350805216,1
2.968388202912249,41.10605258204452,1,56.96629282984607,0
2.645540018819354,48.87728432643824,7,46.99271675638323,0
8.431398564046003,62.689289113644506,5,70.26766860093103,1
3.571368108948013,81.02384161063235,2,45.06056668249035,0
9.344114036780043,53.70510740991615,4,95.83804022543193,1
9.729338728106718,65.38086677450576,2,48.147801143189845,1
6.1413442294338765,73.440703882988,10,99.29538949572901,1
2.2870101039915376,93.31554967739751,1,59.30677332665918,1
4.370934190416231,59.5642301396274,2,86.88802051546261,1
8.179590370133926,48.01349595180901,0,75.3796227532039,1
4.306516558273634,69.3563335538565,6,95.3445922111315,0
1.7831549647250986,84.80329610104373,5,73.77988670360794,1
6.011064198353692,46.591585423164005,4,70.68525856092954,0
8.606087663464313,65.48100950181762,5,75.69967111979588,1
8.163337484291521,41.06710847574901,7,85.05258725011814,1
2.576108261173179,42.01355089883507,2,92.91891425335655,0
7.0548815297122,68.97720179299994,2,48.67704300675441,1
2.984538370920824,57.891837889055765,4,44.06209643160773,0
2.96386781096955,90.70643794032472,4,32.404478696618575,1
8.866645959746666,76.12925836758725,10,55.90554421305201,1
3.2470205746620713,67.23597770457943,0,89.23295159866353,0
3.369226118662101,64.47612226325778,3,34.89002000458206,0
1.005880516851696,69.8347288113738,8,67.69640535243462,0
8.83602130712966,42.42632987275968,7,78.63520453617451,1
8.133353318882213,93.5676013852396,2,88.5797123184741,1
6.645960415816102,99.89818934403749,4,70.84012253828476,1
7.752391875449581,50.88922749152192,4,43.042400713506694,1
2.3684371068204264,47.22297788647718,6,97.51753807527568,0
5.124912351288179,48.61464780691571,7,36.62560572814265,0
4.160974486139028,79.66162349406203,8,83.82997282578708,1
1.8439887363131484,79.68645030704648,6,36.0591456690316,0
5.375174366934317,90.87544973670467,1,40.039337537678065,1
9.286656853083718,85.1095833055752,7,92.87509155864615,1
1.3605320714562503,66.98138040216038,7,82.71522610212318,1
3.623148221444145,76.77132169391913,10,55.585578986238836,1
2.867868425851331,81.29708022208047,1,74.71070496593427,1
3.1433198829912667,70.76418821711351,5,62.007305519748606,1
9.175910966914378,68.53905906709821,9,34.657643262741956,1
5.212621488108611,78.70584673855919,0,80.4789331437087,1
5.196694716458369,73.44847293853923,10,83.42790066153074,1
7.8451807820975406,78.63653832015461,6,91.76389703064115,0
2.390429836044332,76.77128643780183,9,67.8446142627896,0
5.385388186900457,83.15179363081927,1,77.11965657010191,1
4.869866927089538,78.56821052697256,4,60.66352928624075,1
6.372196214919905,71.18454918623604,6,52.32364813754785,1
9.996019329253947,80.9078086770632,9,58.81899966316765,1
7.925040046738424,66.96891791112569,10,93.82266496651414,1
4.580791327156845,54.500273558356064,8,41.49198995309321,1
8.447977470466423,40.08509320803493,0,47.39498723343819,1
2.5363752698123214,73.59784882875059,8,72.43335539644124,1
1.274173176780641,75.43931359651846,10,38.13969250928304,0
2.8400353521784574,98.32293788654286,4,92.43051581566989,1
4.063704005028336,61.68870004565653,5,33.30654603042838,0
5.595226817136039,63.6479945696987,7,82.87186052854344,1
6.536162264870798,52.107974880531415,10,56.16096330045099,1
9.195451454929795,44.23205771423932,1,33.58159015280228,0
5.588686085954119,86.36826957170443,6,89.00495256031161,1
5.511480801631564,54.980863860359506,3,74.83221642763186,1
1.452187088406839,76.53429166180229,8,30.62010964036969,0
1.3142039739060143,81.26638213272889,5,48.72729938692292,1
5.960439657247349,68.27420123749886,6,54.643192540751684,1
4.9436075192351,92.5811267816315,10,52.58047042294898,1
8.552623554822688,66.62769045878372,5,64.88394203207494,0
2.4461162624066066,57.094517382505906,10,66.8762070513792,1
1.2247449590534463,93.76093137769735,7,57.772781245521074,1
5.0413489113711325,91.69385705499738,5,53.22392371444998,0
3.1373070107703174,49.84239682458478,6,65.30865298030388,1
1.446529360049537,41.557661101235254,7,32.3530783240062,0
7.52138458162866,45.39913338097724,0,75.16412320221303,0
2.0043369996152274,57.19284391322903,9,72.41877618325512,0
6.474875500069945,98.33558810450265,3,49.54538598076047,1
3.529447751502002,73.5109691896495,5,42.5660812900446,0
2.561464453195198,62.39570392175613,0,35.10894808395544,0
4.417763706273857,93.32296567676478,3,71.1140625914278,1
8.213011986006583,67.18817988870998,5,69.82301908096414,1
4.528842192141154,58.91431770406127,6,67.33226630773872,0
7.756926842899501,96.47317172473944,5,98.99327877310057,1
2.129376671192356,90.97105997156068,10,67.2080877715064,1
7.954942776985712,90.62010252516646,3,80.52535109787836,1
3.132399924159838,70.73708458301279,6,37.9042790283519,0
7.096538168999855,87.3663039289273,9,50.92795524298944,1
6.092033993568967,50.761201555873114,1,49.281263044958024,0
9.362302454905187,74.39337745337463,5,70.31828541006058,1
4.485902661777827,99.03075537085275,4,53.156925984995176,0
1.595486699509964,57.4575058310777,1,74.87464988090349,0
1.1723993699612762,87.66113975486051,8,78.3062817441192,0
8.441727048754778,69.42870443248404,6,32.35828860241827,1
5.722620738952889,42.38834099332524,2,74.78303987076117,0
7.977196466514544,85.78116386894004,6,38.1751153595189,1
3.109830400103632,50.11414866352677,10,62.55947112988971,1
4.105753709619103,77.88841402796501,10,80.86035995382511,0
1.2709348499018704,45.13985164281837,5,79.23414971616022,0
9.65343092116701,96.81204384975788,6,50.987578149822276,1
7.010811160307321,57.503433230821656,3,49.06560953225725,1
9.398845789833755,53.5878815006437,9,60.81585554989355,1
3.389467666861651,47.748184243980056,7,43.206695811245105,0
6.503172501030948,96.76013160034287,7,98.22893088959358,1
7.10649971463374,82.7142245464783,6,54.14419499197845,1
3.857947302318296,84.49965332308531,6,94.6095291808524,1
8.632983115140672,69.96427368281468,9,93.57854740719733,1
9.52445316610223,68.48366711622901,7,55.539429129362006,1
8.963696059264038,46.601274579488596,0,47.7859242591034,1
7.6516027834543525,73.59046573503952,5,83.95849441683842,1
3.497182117524586,54.81498970652743,1,46.05644932945576,0
3.5345443789506854,98.62871996802434,0,66.48724729737334,0
9.67024288401434,87.79485640090884,9,37.748256209392295,1
1.0925604634212283,64.77952361157325,6,57.01525081846007,0
7.4444497591793,49.080475521491984,5,35.47084465585817,1
7.356215462997359,87.11990146832704,4,49.84077148802402,1
6.604205868548177,47.32322602487896,4,76.57056167333823,0
9.910979614781793,51.36002520982423,8,99.39150095851262,1
3.806914921873527,52.69123106465365,8,47.83653175546048,0
4.059746774139233,73.41343829638566,5,63.13249033845374,0
1.710454626519,87.22339923942198,2,61.36322802684071,0
4.9851832288936375,58.85889272348153,6,42.8907543945293,1
3.349436736113633,45.08018885651737,3,72.70483253382554,0
4.090480319598798,67.87230781146515,4,80.72934627753801,0
8.511146112300649,84.88661446959614,6,40.305363840551614,1
9.419360621747462,53.2998305852433,6,82.99872008065608,1
2.6715976480466708,53.19547288236245,9,79.01131450568438,0
4.352580383981193,96.83362164080265,7,43.81400165793363,0
9.357675059038547,97.24922362715068,0,75.42633375825324,1
1.5562761462030037,99.42794392369458,4,57.55701755544658,0
1.8312447530024065,88.4595760944868,8,77.67964267461008,0
2.465118902856064,51.291050150076735,6,64.72677965650979,0
6.356915507141872,52.71889124795568,10,33.36963726638357,1
2.354250439053977,60.41351449134352,1,85.0876891696455,0
9.712687433056601,59.08795188000945,0,68.89199473033585,1
5.020430745326683,97.39166494468054,7,80.73562360011127,1
5.513661643151497,87.34443897290161,8,38.825024241618095,1
3.2199275422486586,83.44052752969324,9,80.48907308221705,0
5.238642271912601,51.15779344348791,4,58.95663319615372,1
6.957222693733104,94.57153356173978,10,85.94869308180066,1
7.760594232586385,89.67222277037044,5,71.94161127260908,1
7.784812744389217,49.818510479675425,1,54.84314876888602,1
6.201020014246795,92.27021991765835,10,44.13418665730956,1
9.139237974944715,56.334852182228275,4,87.11469180474697,1
8.356670625754983,44.852184749926366,3,69.21348645035681,1
7.813433032287628,79.40933839085261,7,99.12276508411853,1
1.5004496951241455,79.22827956305983,7,56.144206924180224,0
1.0619016599768438,45.69592057393709,4,78.00034551100578,0
2.9120254947592565,59.131108536194944,10,73.59746102435366,1
6.9717123452210705,99.56886773533232,7,74.63071965012142,1
4.700777399942912,80.70560002052422,5,81.588597517496,1
4.621656333693806,83.80450999619976,9,39.73757959880678,1
8.961281994066525,52.77503713625834,5,68.47508307987897,1
9.060065633186548,44.72692426023486,3,65.63907692760961,1
9.182577376482271,56.61410138445626,9,53.97708523633784,1
3.8249026886352455,54.93390311159152,10,60.53051865634652,1
7.219502314653356,54.072646044883186,2,66.31684536558521,0
3.444698631469327,51.56525931322237,8,52.46456204757527,1
2.715488497670048,74.48534143932426,4,50.52111824129834,0
2.661692116126323,59.686208550509306,9,81.67908022665586,1
4.078968587772346,89.22070090285183,9,34.68426999038199,0
4.869618578018395,51.03684507084304,3,51.90741549526474,0
8.478542539495615,67.87762425211267,5,75.75978022936565,1
2.079019841254409,40.819470185564796,3,44.614107783172976,0
7.614332626554048,68.90093934731152,5,70.05908446999075,1
5.7830942277037485,43.350293252588465,9,51.151489915398436,1
3.5915080840839324,98.66341071235863,7,89.03108913451473,1
5.4353762607954215,87.43552771902478,7,54.49925324903945,1
3.6994786279932037,69.40668859818732,5,46.06615932116374,1
6.364737597144754,45.19524149076101,0,67.10726439625739,0
4.904595305697198,75.54672644742486,0,39.49623591038916,0
2.4796497617099087,85.52582504211264,2,85.82387771835408,1
2.0492476710012704,51.44303518028472,1,77.6019775890862,0
5.920261138649171,74.09250044724945,0,83.93562332864411,1
9.12171729957493,88.85265390297208,0,57.92147398579872,1
4.09561917901917,86.09486665877898,5,88.45023896984593,1
7.597000965003609,88.17952107202917,6,64.54836915160072,1
6.927952194457903,92.75940549218319,7,36.628932444416606,1
9.38399422878533,96.26092612956822,2,45.68204742942943,1
8.388829155692267,64.33126931221216,0,79.77369610697536,1
6.099447330149167,74.12614615137264,4,92.74956091659519,1
6.9132744841069655,87.43957156273666,7,36.66299146930261,1
9.085478199256315,81.828388836747,10,90.49503537680482,1
4.595669061282413,99.73121369586272,10,85.93488804249483,1
3.941152352719996,40.82065906627865,3,54.95927419895598,0
1.0972997527167672,61.30799291894744,1,78.24937630776594,0
8.438959667723179,56.86167557621215,8,43.086594066107324,1
8.208826303630284,55.73895100993208,8,86.93753099537619,1
1.9400906629013623,53.35178694993314,2,76.01373152943074,0
6.191716430194302,82.54743044891374,6,60.71805656269455,1
5.1758352835019865,45.085568396519314,0,90.51621208826921,0
2.0683818595820034,84.49653003660029,7,39.746415091063106,0
9.825114043546511,81.60555052097641,7,89.20499427054119,1
2.932262987170199,55.048247950053785,2,31.67204845655875,0
1.6051076208150503,55.17002698990967,4,82.72402830287574,0
6.353626415517186,77.73163512067013,3,70.13548537217575,1
7.649800094197294,85.73026632902068,6,78.77062912544264,1
1.2919910144246827,92.58913678524193,10,58.86411680117459,0
6.9284587485432,91.12837383126855,6,90.51087881245142,1
5.79062688356309,97.89297964983119,10,51.92043168978693,1
1.9293850798754357,74.88309372019067,7,49.24686996389692,0
2.5527148925172587,94.51933368042157,4,51.12254520234897,0
6.111768675844725,88.51079639562465,10,84.20546899898088,1
3.6672185216195956,93.68005745884082,4,64.67042119454987,1
9.444841557861844,40.697596077122,7,67.59597280979025,1
8.368662065356457,97.95417951194867,4,88.21587928861987,1
9.852104858622967,68.4118097707887,0,88.33558866216282,1
3.3370375505537258,87.89097937449057,10,41.3216673197911,1
9.727512695181794,47.63224716026685,2,68.4837371021822,1
4.881104828124021,63.756465748838444,1,38.821274450366225,0
4.127669157823791,56.28763978125946,9,90.79699298363305,1
1.4531457427241792,57.49952623005622,4,88.59039914682765,1
1.4748873207364235,47.3953371970529,7,89.45442007547926,0
7.228101303519892,88.34582995258042,8,79.34009502659768,1
5.121360949906251,40.55453887486469,8,62.68141142297195,1
3.0386946343249512,58.75032741911215,0,58.3304858441184,0
6.525732756927094,50.4646325929849,0,57.66571947395269,1
3.2757230642510007,75.34233643650043,0,34.634895202613265,0
6.1986857890998035,55.25514415687263,0,96.42092005251577,1
4.232878722844213,55.539907271685976,8,61.519295970642794,0
8.411970039506372,69.30028863971913,0,95.10804294948655,1
8.386265446901014,79.16134236045554,6,91.54802774132088,1
5.296153583101612,47.27828227390982,5,88.00272714544101,1
4.157371984015141,50.53068714792977,8,71.18162193815789,1
4.263038169031851,54.83048467567106,10,37.10891201654484,1
8.251430731013961,98.42489284707763,8,52.673801468607536,1
3.953615345178508,63.829149996575225,3,72.25103465002506,0
2.881534363361614,75.93940543786158,8,30.941906589026978,0
1.7621950768777614,54.49256876295867,5,32.98416395679483,0
5.200238087959676,69.42757150944928,4,77.43643675404044,1
5.339188890278577,44.447150463157485,8,92.17419960512923,1
8.568178393626164,42.08452875533962,6,89.86141905262424,1
2.991148268014576,68.1240116092876,8,41.770169353418844,0
4.428921463015599,63.91955725110472,4,93.78634168146388,1
8.27565165004322,48.21281918150966,3,78.74115404558896,1
8.412612496740762,81.25608573524403,9,80.14281680279785,1
4.461499683808913,99.57420945395586,2,51.28288405161904,1
5.132116209580128,63.73880927180275,4,80.11977429786728,1
3.7295730176435464,77.47351815504368,8,79.68405943087245,1
9.392993905773809,97.77855654186914,2,71.6265867929184,1
2.067793891674223,89.89209834681252,0,55.010188228133046,0
9.40374480701323,67.81313339816114,1,86.77101063794726,1
7.154798066518089,84.24936906759515,9,95.62625565861883,1
5.784149374180581,47.68810241503144,4,90.89218975188975,1
1.2939315470604629,70.72623132782795,2,47.00854359491406,0
5.280365726398075,56.7436166307962,5,61.19716803347592,0
4.669732945024591,49.669821273769664,10,53.96900466058851,0
2.450969307776103,65.57685437527209,7,79.52356851467295,1
6.907686431505912,47.86087326601687,5,88.20432363697044,1
9.740358166314572,81.93910649046913,9,45.10572927076281,1
6.059699299580726,67.37440264320013,8,96.30928747467908,1
7.4327794879955125,71.86867795387982,5,77.41303933096978,1
1.616054073094151,48.78255632008942,4,45.29135101038094,0
4.759002962352953,48.38629966560967,3,55.97662279151987,0
2.047226366480463,75.00492611560745,1,37.32248006395842,0
6.515162519828594,99.10058486976678,5,71.7948289520726,1
9.446339423927391,45.775034994263535,1,41.843406595483685,1
6.955999592244747,57.14388571394687,4,78.5162956714129,0
1.6912274348297938,92.16754699227326,0,81.60727202572585,0
4.191995844865746,44.33632073531422,2,63.55343728264022,1
5.9559704149676636,92.55314328201707,9,36.567173980092974,1
4.62886980519927,71.45715900248507,4,72.76112329800858,1
8.502796094276551,64.49600643558554,6,56.05436764866701,1
8.332039042389903,58.580833861087356,7,96.47532298498325,1
6.506479180928993,57.827029487670515,6,65.92439946914291,1
4.361121506194348,58.34815494696873,6,35.05862482049218,0
3.2980273638691973,93.08818485761174,10,74.52343582380254,1
1.9528688639181637,83.42771381048713,1,84.5547591768549,0
4.194079151378986,80.18338046986904,5,41.23519665839217,1
4.718552654869476,87.92494893712005,4,61.434015504107045,1
7.082406325936662,55.4268797802487,10,82.0237867266475,1
6.9234384186781615,77.08256872490534,8,31.434553077221658,1
1.6309732567713127,67.60397433747706,9,32.02788572681639,0
4.55733383888042,86.9464981120116,10,77.3838446818003,1
2.6360098049562573,58.55536662839713,3,80.75885488275676,0
2.4113143478512513,78.59071701219375,6,89.21086061238051,1
8.445719347635213,92.93274470903881,10,57.97198710548392,1
1.3772369504463178,64.12902857169573,7,57.28436655318539,0
4.772645883119091,43.99732524204769,5,68.66575809107603,0
2.5138329018986636,70.96304934050757,2,83.01288685244518,1
8.913971941106265,60.758349268421554,10,74.86945378567535,1
6.0133646194753165,80.3335228328305,4,52.912631269069685,1
3.082425727391632,97.06197548491636,0,54.258307950509135,1
5.521845584497388,69.13649907981082,7,83.41034548969742,1
7.583377237328042,67.97141380933203,10,67.42526632331223,1
9.623062080274904,79.27508801148761,1,36.85833229058666,1
2.9840140382087705,46.20985021561406,9,40.70964679066029,0
8.975635949164106,55.21037133550088,6,89.58332631568211,1
9.408737027507412,95.13875953002392,8,99.91624021889443,1
9.247784900788597,80.19655680182598,0,53.49780340188784,1
6.718729211757188,40.80664263900498,3,57.069116308977776,0
6.668385889912369,52.27752835354119,6,40.814161735271036,0
4.628895698654405,80.97023596173395,8,46.49991588422951,1
7.771580940734091,85.86395215375445,1,59.72408920431215,1
5.781646165158388,90.39157436044252,1,49.90727510875338,1
7.096942641054651,57.53060820292269,5,79.09973982133604,0
4.856121134639159,95.86171577665377,2,67.64946090529176,1
7.583468176388251,73.17681361467353,3,87.56079898052707,1
8.420243658440942,81.79234134327358,2,80.71674424033137,1
2.317926309425345,75.80433176679448,0,38.967042837233635,0
8.496367440168052,47.36440328047723,5,38.637227590370316,1
5.862668786112765,97.78687956309278,10,92.695404695522,1
8.60199318181202,47.37253479364916,10,87.36578676133917,1
4.881715357069131,55.292917384671014,1,62.75421262138962,1
4.411364368447315,88.8176728133788,1,39.12548943417808,1
9.235546592655002,77.11581769006608,6,92.90034034800638,1
3.2605234079356116,90.28894992258142,4,46.14903901631511,1
8.597910927575288,70.9441713024427,7,32.48743422407583,1
5.356185152584637,62.61959412199809,1,94.69676674911815,0
5.626858982961338,95.3107299728671,9,86.62549345061078,1
3.7762145334053563,42.175139050887694,7,78.5437184622914,0
6.157379805571141,91.36781322118276,6,32.382125014642455,1
3.9269007664859017,53.8490671112669,9,66.99018248748965,0
1.3534247281748708,90.92417966523806,7,75.75453085586398,1
3.4479874480992043,48.35179680501314,10,83.1543068547422,1
1.057411390659316,74.81313782143243,2,62.975171935896654,1
9.80519308351171,93.28647514068832,7,96.73445100570899,1
9.691724888377728,68.41237881393343,5,47.13467426812222,1
4.556397677250745,84.79400042820357,1,34.88144421532756,0
7.555337689056814,88.28029707133351,5,53.29363715060549,0
4.112254885693825,84.18965252300674,4,76.32634092146989,1
7.039838413773785,95.5197842124759,2,81.60100429933905,1
8.248870387413811,66.81005383119572,0,81.69478279803663,1
9.520806202230167,50.38752634990935,6,37.74716793359137,1
4.601910482647048,42.86866382214879,1,91.95626182397889,1
8.049681846604429,54.78759217825031,0,49.65835920460205,0
3.393356055689069,48.59185023281452,0,44.693777536425856,0
9.912990734142834,73.47692448606884,6,73.01202338563205,1
1.2319263888791603,51.096720232703916,0,44.829435210368345,0
6.4317592585100885,42.336022437362274,8,65.56269449985169,1
6.935553834861944,42.15938973212007,5,58.49207875817616,1
7.19241001366716,89.8941699018917,3,46.24239838399622,1
2.083488209101801,75.4869958865815,3,50.44417427511746,0
9.446768051258173,61.485118113602695,4,59.918506195260406,1
2.6306495114507453,93.65368256441482,1,54.231224242063874,0
6.60478062915857,44.21179668446282,4,56.710304906011274,0
3.0040847121077645,98.81932436366955,1,81.4804235099167,0
3.764947753191438,76.97750741526767,3,41.786593888463415,1
5.918126875553119,51.00785523813091,9,73.93330111326972,1
4.754740767081188,80.74414593861812,10,77.47104429534843,1
2.4420304087885567,85.80287558701376,4,86.14609323237214,0
2.5384276217876347,65.76056700224646,5,89.31290227167614,1
4.763303093465197,91.69795637473284,5,41.106588042698036,0
7.8155468044795064,49.04394443778822,8,39.67825327826016,1
9.081681821630097,56.7302550146565,3,73.03397092026262,1
1.7571489603344457,45.60954169503938,4,82.98415854080751,1
4.537935168034609,52.65267043644113,5,49.062850116777774,1
1.9022100735058896,54.323728714668704,3,66.8093043901179,0
1.149332325693381,95.05799145530261,5,84.05676014282398,0
6.95546814379561,44.68658132506937,1,83.7252175768318,0
6.42204497769929,65.64490721126256,6,75.76741162796219,0
2.467172024333976,71.94392123361477,2,35.51513871533555,0
3.104315497837577,93.92158322812965,9,33.545070219300676,1
1.2133697828006653,99.86177311967282,3,57.19117170345898,1
8.514524851249632,85.20328689519015,8,31.868119853545327,1
9.772215364436963,98.24745943414177,4,93.29010322983265,1
2.2191358311522174,87.22606795215242,8,31.410126532830695,1
3.083276923887683,97.792158458285,9,32.072900349938706,1
8.815685715522406,82.4362435566673,9,41.57291648600222,1
9.338174181605664,44.78580552706426,9,73.89105921098923,1
4.776646445261293,64.11521121956059,9,67.90878984104492,1
1.4556022504216672,78.79583702814821,5,76.16409955887457,0
1.3545265032353746,61.043110567255056,7,92.54885987756009,0
6.165548794621094,56.40303508682672,4,61.84619555681891,0
4.536055980038611,74.64395602798547,4,33.07131831163489,1
1.2578718481988906,96.0101126021461,2,83.44476376480205,0
6.249271530813011,42.09891241096921,6,86.83751239416392,1
1.1017228293012022,86.15387221248626,1,33.49218519205961,0
8.086347623343457,83.36363668267762,10,46.99945055462317,1
3.7578954043303443,97.83720552329723,2,83.94177595322138,0
1.362322027083089,95.84267333995261,1,56.33086669824183,0
6.29516998884838,85.73395372265156,7,63.08559789250933,1
4.579159729897492,71.22452588095592,3,87.62230197347509,1
9.764203720214345,52.25605319401119,9,36.62336768863997,1
5.89778796253332,72.71414309953445,7,77.40990271257131,1
3.477152629333075,85.92111963517922,7,45.048907072569946,1
7.384949781705773,93.74015275827358,7,34.38560017535615,1
3.443428022884402,87.38272055263295,7,76.3748491913743,1
9.138189622668087,51.71601611146324,7,38.498857708118564,0
4.372497734566387,75.98117885368356,8,82.29050811617617,1
5.948817064985847,59.93040757188142,1,44.18937738786521,0
1.4551579344180596,40.552340043438576,8,33.395841425049646,0
4.835091141570077,52.013256147319964,7,36.95082254947399,0
8.491271856948956,46.793238996006956,10,88.88891741221349,1
8.250839248270077,90.56314741236811,9,55.967775143819196,1
3.0188670296817364,55.510375128868716,0,51.158664895719255,0
3.034711639095064,57.081878133253326,4,64.38391737987686,1
8.35574780991913,97.59619430793305,10,74.3052798195059,1
9.37358578152393,62.74520338293113,1,32.59715717191679,1
1.858248291457032,40.575138408663676,9,92.8731959415372,1
5.050527754836027,57.030768900768194,4,97.09369553742779,1
4.0370885106780605,47.15797483610875,7,59.21147713084085,0
8.836196099116954,46.16851370415124,8,58.88402317608197,1
1.751724232120169,44.64923740814497,8,91.49919448851301,1
2.9001334830223366,75.59556821052263,0,60.051825869621325,0
7.772215038278449,51.36086341779152,6,89.93329543680244,1
1.4616446408309403,61.67456764246063,10,31.983586114257164,0
5.432818426428604,91.721062967801,7,64.27554261375755,1
4.9789633121174806,65.46028838777654,9,96.6700331340653,1
4.009610610898738,94.94148100309826,2,47.69632611114708,1
4.551150837870314,69.87628320373638,5,48.6308374316702,1
5.769465282372097,63.930196890385346,10,74.10860920988392,1
2.452306225495448,85.02333562544209,2,94.8333618324677,0
6.147962904552335,44.390505926080124,8,43.91195689027502,0
8.248890963699877,45.368702978945045,2,94.51557180955463,1
7.841448368111431,79.11842283537764,1,76.41026208804163,0
2.385099142243963,69.21644279435489,8,99.51331199827379,1
2.343245227673265,87.42491501915262,10,81.55211925168416,1
3.41356930970422,94.97625024061188,7,76.7460378502114,1
4.249672537069335,63.30201266029285,7,87.04322203719764,0
4.676100232676344,75.78460159507878,1,42.259822350320476,0
7.117274951500107,70.0417976677186,5,96.21899291233449,0
1.5101238894925186,98.89663933854598,4,41.591685614324376,0
1.3120543380345975,89.8650644413957,1,31.796925892751794,0
4.527195066495182,94.7042624966412,4,78.84997888384194,1
7.274473229241824,55.26040525465625,3,42.92167982901835,1
2.7409180866083434,86.35158538975566,8,83.11272257423192,0
6.773540331306266,55.928393499858934,0,85.65272845876642,1
3.338453241462695,52.52455200570339,5,46.56894684587752,0
8.974774979321648,96.65596957933305,6,36.07042314026479,1
9.061209498399549,41.158265003071996,5,65.05746763951598,1
3.6755848385319383,97.92332221980578,4,92.31529573978037,1
3.0699437856691647,48.95571381932837,3,89.31037707205654,0
4.701735748596081,89.1662849075961,4,38.19577195501882,0
3.1647842666213384,56.55535318408619,8,97.534828516297,1
7.051454589625333,61.04213964584365,4,48.47644367711577,0
8.43458216093457,53.005462679319095,9,54.45738239161284,1
7.057829178200953,75.13084254886478,7,40.43351701504919,1
8.419154025244145,60.88573285047244,6,56.44620758798522,1
4.572929459867267,79.4435823696798,3,74.4948774423776,0
2.4068527363797476,40.93883907652396,9,65.42547820824845,0
7.641558526578329,43.86249301090238,4,87.92776395439495,1
4.2442705462739845,45.97966916387492,6,74.89105678797753,1
7.041437427062193,65.13962111861386,5,48.4481130014513,1
3.435795477835891,88.88777035959856,2,69.0206622131783,0
1.731066713260054,93.29067462270297,9,34.493378812174676,1
9.933236159389871,54.688644403654045,2,70.65533925211227,1
2.4058135713753934,74.46218345434085,1,57.276468067832795,1
9.89578894567133,86.10189956155602,2,36.88789444390793,1
9.795519393098026,57.32976579517652,10,51.52247670935472,1
8.144362935172357,64.5404642041764,9,92.86608948206894,1
6.934806658737978,71.43845216114283,0,71.02265632011324,1
6.200263452259763,48.09249078448286,8,93.22853942601358,0
8.794913908400513,41.55893762354682,1,58.75627908821973,0
3.6049556945753913,49.168348559097,2,98.52360195730616,0
5.209130912363893,77.611217275212,4,55.201333744873324,1
6.574509724298517,44.4170956920209,9,82.97632306018565,1
4.70071428282542,51.3817818910077,3,51.37821584360398,0
4.847378086812412,60.27123314171823,4,37.41933839149711,1
3.9725620075187598,44.67220385838198,5,88.31396177149344,0
6.078086350160825,51.50195626969807,4,83.38070688091118,1
8.655170752136044,94.67618733901067,9,87.44403236728124,1
2.813755402056816,41.157947933619084,0,50.97861721799284,0
9.409897348780973,79.20591545046173,5,79.25631379206791,1
7.201788883734067,63.0645358549111,8,45.394599342399545,1
8.409458914120272,80.35892436594227,2,30.791807538303924,1
6.005716233670105,75.32150322180428,1,90.65421429449677,1
8.015650312816572,53.40992526127866,5,66.6467840939195,1
1.1458035760552048,90.83256925440331,2,98.85573362374619,0
8.365423823015817,69.5164229565614,3,56.952498643262274,1
1.3612497317682988,89.35216113480831,5,96.98111048926292,1
9.009220387265762,64.36075217129314,5,73.05400844307916,1
9.927664725147789,99.08113323491435,1,65.85435502858044,1
3.6466071595910003,86.22936151007778,2,51.196672222582315,0
2.8928670065721427,97.95701230675441,8,87.76934388909186,1
7.888270274722366,70.85958873459153,1,88.01563224597862,1
3.277237068282279,68.42146793744203,2,59.185067254245794,1
8.790061448549832,85.32722855951548,8,80.91051993607849,1
1.9255833294172904,92.81747578080581,3,61.30665550447904,1
2.1335967674142244,97.84874775193347,0,81.77615061266735,0
9.81236399590554,59.47311436194998,10,99.59331097030375,1
7.064550084430042,87.92227443055833,1,48.374741963487814,1
8.621985019860574,52.6387358581322,2,74.38367200258116,0
3.918964396163662,72.73446080472672,8,56.591457557459435,0
7.08835374568544,50.79088890455195,8,68.38600945539523,1
6.348176445777375,60.84384170502033,10,91.19030962076636,1
6.428351081106523,95.88150203238756,5,54.33031086112584,1
7.142792135839494,48.76544198638516,10,35.067181149886544,1
6.178232558161887,77.9440537081118,5,85.92560296700714,1
4.861561323723993,75.5772563756442,2,68.85173986422643,1
3.4833042494249216,47.24430116253919,4,61.45806629994468,0
7.917231978218818,59.55874262612873,10,42.833313282714926,1
3.036451870028676,73.77889027091595,3,36.499691219320916,1
7.231188755389727,51.23071653930941,9,49.51148917371876,1
3.09999540384394,88.03741938476892,9,80.32329843432865,1
6.627971529590085,98.32939057208499,8,58.823965004811456,1
7.723704404161261,52.88556399774832,8,69.9159311169935,1
2.968425000158853,51.21471788743456,0,35.74318875640866,0
1.5394897077517746,67.29610430784668,7,38.62701304705939,0
2.178763686947567,84.86591662840192,8,30.791408162551257,1
6.453972705439229,56.89603661411508,4,77.12991153843456,1
8.64501765603162,41.192794521836824,3,48.5118165741894,0
1.4049713911188193,72.47323768197364,9,97.68486100832133,1
7.6073613313748165,97.39603406603845,3,51.59190672290369,1
4.071867813550469,63.47661132441674,1,55.453262720620785,0
5.306755329275703,65.20807325098602,8,62.864288201339676,1
9.35973594861009,98.13410302684227,4,52.33985241545351,1
3.987743542622609,81.6764566976037,10,87.22102553140137,1
5.188032405455375,83.15031537052751,2,91.33447669985878,1
1.12314173284613,73.76212032226405,5,30.772525544581665,0
1.7343884800435454,98.47655265179449,8,75.82631399929679,1
3.327324320213056,81.33198906553336,8,78.02617959292874,1
1.2506701673896696,93.70196509631018,4,97.29974136186569,0
6.682377934434259,81.96273194399328,7,55.927943808759075,1
4.837585211214603,84.10694949042376,3,43.66959778433845,0
5.933306824552198,57.42465532853479,4,66.44067486795288,0
2.571824673066966,58.20872188082914,6,61.3288979204873,1
3.6633882649295453,86.97907897456176,6,85.42120259228403,1
6.974420273674526,57.80237735019398,6,93.27828088648783,1
9.687724512673599,73.7662042480919,7,36.069561934550094,1
1.4537509624198828,54.96113865440212,10,89.26056350542362,0
9.013458887697395,89.01900284854416,4,93.62796147550442,1
6.1919308118008765,46.6300810736614,0,94.68951147850501,0
6.075276100800614,89.76679838569987,10,83.50169011958434,1
5.502506816869843,76.16378803045612,8,81.94577926328546,0
1.6245467731376504,51.21457208962464,8,31.042774250169604,0
1.808891665625446,72.52212313036709,6,94.41341357428799,1
6.4082080509317745,56.94993021084043,5,54.60536496661436,1
4.0686271429200245,59.408040083829796,4,32.878532763217464,1
9.255412599199126,61.09168249581282,4,58.908551707456255,0
4.65931483623525,43.799154818339254,2,81.29968432893845,1
2.28953312832377,99.15770106408505,9,60.93686411375674,0
7.432469501518324,41.892077687873446,0,83.06077626305161,1
3.6401807929690886,79.74981239105671,5,65.6586598837865,1
5.7292327662030385,62.27365886544583,7,50.95990036888664,1
7.2804950695465305,78.76061745680194,1,44.20386409074729,0
9.102377000818633,61.37489518525503,7,59.47723067475846,1
8.129720753215086,80.42503877553153,7,32.50624161997546,1
7.087249610854517,83.75413056810166,9,59.57807334988851,1
7.116698641556292,81.43315842397868,7,34.803406773523704,1
9.513321796288778,46.83771888148914,9,91.39032954185592,0
3.662416877468824,79.41359407928107,2,70.28367222932587,0
1.0100088477656866,56.799252967245835,9,75.22300740511818,0
3.4475910345837883,41.72808223416001,7,50.22047933105272,0
2.961022416640696,64.88984031333723,10,45.80747535496819,0
6.956511266025983,66.01258616822807,3,79.55336744213847,1
6.703404397889761,68.0304480011468,2,77.0095838115277,0
6.341152444342514,82.28944992344297,10,38.587491944777554,1
1.1461909888850834,58.53062854854755,8,46.70489681711696,0
7.5590024900558275,58.91683078623535,7,96.2603050529147,1
3.9117737123694236,43.633135374475636,9,51.292419787208345,0
6.98550390105968,81.20927295953776,1,31.808205722356718,1
6.0092058565193796,74.06956548397504,7,34.46474355782573,1
4.084578328851165,60.96550676162728,10,84.28463578649533,1
2.2111864039369697,82.31133873504129,10,83.00089791958536,1
1.8497700789443285,72.24146495361262,2,56.72790886037053,0
8.483664998010012,68.15469675223238,9,40.724054351110766,0
9.265577878734021,70.67947261966759,5,64.8673651842773,1
6.848092420878697,78.18088751602339,4,53.23220586543257,1
1.9309070337443504,79.60015627447598,7,56.17778435280232,0
4.618244951994166,57.337469148443034,8,48.26897478615742,1
7.560452800946415,48.4446018034692,10,34.40005388966209,1
8.018387956090613,49.398050871431124,6,85.38114937895402,1
2.0639676006197973,78.36345315418009,5,73.27545773808968,0
1.0002764696084419,92.37239714602757,5,88.42445866387116,1
7.409233412925445,64.56977670073312,0,65.22413841685147,1
4.209365583875851,50.171209619767744,4,98.94906473735723,0
3.290331984564342,85.39614989763128,7,97.37674365832237,1
1.116077228105729,89.94936846516691,5,49.02484409675796,0
5.8626946608534976,92.834946587258,0,57.08838464742138,1
8.660356618833836,76.409885734824,4,82.68965890795317,1
9.61868481645329,91.64371356328508,10,84.3622423384443,1
6.091704555519603,40.92489750690446,4,93.74893953681564,1
5.630151949659048,46.43414810617141,2,75.68436835215775,1
1.76550746940317,45.55456402312593,7,63.25846838392449,0
5.939855213883398,82.75628105528398,8,56.43560847582569,1
4.419811710688552,44.17490701261474,5,59.34249859779156,0
6.464217527952193,69.78186234797842,5,89.52836057401396,1
4.49853713088892,68.36241391817734,1,98.60061905251762,1
3.1626921110533006,58.64221141349446,9,33.63364294439755,0
1.8546874770553885,92.22431019652599,1,70.61712641283084,0
3.834266001300062,50.22599211279976,5,66.4037780442706,0
1.8698035085897704,61.14776706395439,7,56.32995923936352,0
2.5920725574158556,86.45029000137575,1,89.6103510118322,1
9.886025427215912,41.825338863597054,8,70.30201118264446,1
4.996932012159568,80.37702401478212,8,51.91812435634696,0
5.786845898545149,88.98386358169424,3,61.08728268359701,0
8.862566758634937,95.93607033029004,3,54.976249016872174,1
9.960120104416191,92.57779842948909,3,60.105992540127815,1
6.244430044102134,59.16304701002111,10,34.98860532407682,1
8.312264389397544,75.18184847937715,4,37.83410713518452,0
3.9424692190300776,44.63760958902795,7,73.65841783125268,0
3.7516956170256197,55.472200212880516,1,77.88478641775069,0
4.6243334889510415,45.65334272485045,10,74.56342906868751,1
7.0525653640628425,58.91123740923783,4,83.4152778178044,0
7.139725203295889,92.51123280752374,1,96.04738150344184,1
3.837154911845057,60.83001038045756,10,90.24328148248586,1
2.198889317229658,73.71388618008558,10,59.295670555987044,0
6.691566308189577,66.00285088689645,7,45.228019584489275,0
2.1549327596988808,67.53499145792412,0,51.8296548120876,0
6.206432574063971,98.1743231101935,6,71.14190415617045,1
7.2407991525067805,57.76926809583148,2,89.9345834120297,1
7.305503467550064,77.63946817139028,3,79.1206886455283,1
7.78124899593637,65.20376017476683,7,68.01091733383473,1
8.855734794090981,43.66877086286117,2,72.13148516920242,1
5.499630927683096,69.35984989745415,6,66.97828496098131,1
7.572242705766141,88.8005997427065,0,98.0139257930741,1
6.57255461829253,45.9251781209013,8,87.12640165788923,0
2.6797594581791433,44.17551084377854,5,84.68940507808041,1
1.2312068038246735,49.217891223596,2,66.21302908046124,0
3.560872471092404,85.86400668335835,6,53.22666202986789,1
4.9873033570385745,83.43972304868427,4,31.365986603643236,0
6.553953499857907,73.90106613436663,7,33.04010170518039,0
8.649633974528848,68.09358424555793,7,32.11665476137114,0
2.766211450355491,93.29954888215732,8,98.63337367444078,1
2.129948109086294,86.00186943000895,5,38.013763692752335,1
9.671319527268947,88.71653507810831,3,39.94831970830656,1
1.972401034387664,88.79573808103925,1,63.890499122067,0
5.306419630964703,78.56302928473349,2,63.69808168252113,1
6.270073559139717,67.48087745895675,4,94.39816370995483,1
5.872369788166944,91.88066515513901,7,35.147291217104616,1
1.7742894132964888,95.56044505619505,9,97.0067415609689,1
1.5132422260325744,41.42836259550058,1,45.14731668387062,0
1.949350847149321,43.09329239597508,4,97.91076665133832,0
6.270289154853512,97.52459781450624,8,67.8926869161831,1
5.89910398870889,56.62963683065169,1,75.6408922151721,1
3.1036671283306982,92.40216637896512,7,52.10101408624531,1
6.739967276610324,63.32770713768416,2,72.82767657697167,0
8.380607518500845,47.14600345656134,7,79.75808459295784,1
1.3742106386193438,44.826592012560056,3,30.72591171046139,0
5.483169491932381,49.39047394482739,3,32.39598976271928,0
7.203793708924213,54.99359169204188,6,99.05339083568094,1
3.2708073436271836,69.31110123584958,4,62.02899734249708,0
3.769938147638342,82.08987403394701,3,95.50722678055882,1
6.522741126904454,99.18391458911799,6,81.0928331771668,1
9.081417640993632,66.49040459735026,2,56.107781557716976,0
8.289319782726094,71.09109654058659,8,40.55894032609709,1
6.248171971896252,71.30894208299534,4,98.47062131351483,1
7.571995459815243,72.36606132927616,2,70.9147379968871,0
4.283402231870188,71.06443942626774,1,43.464963635794994,0
6.76868975288882,40.52648530371507,6,77.71570862063228,1
5.195634320148013,40.10348932659044,6,36.44339568812365,0
2.7094252281180484,45.859979087567375,4,90.76260958181118,0
7.315644464895315,46.09339620575073,3,36.30961430787373,1
6.008181736139398,82.29381453728777,10,46.53360508038183,1
4.227594237582323,52.29496195095999,1,36.400156379916275,0
9.202052710707676,93.68284628533678,1,37.26510517946261,1
1.1884070604405994,95.71637977462117,6,66.66839075614278,1
3.841958361245464,98.55360027375391,9,78.08928617915745,1
1.511932579998819,96.3448782932212,6,85.19372483421674,0
7.898745845994645,56.31329931511148,3,78.65387027214653,1
7.3189670870241335,70.58661068221075,3,55.44428684252496,1
3.9821699686268532,50.52729821181646,3,69.01014509329372,0
7.080966119863657,88.372579310346,10,94.93648520997614,1
4.563435035763549,93.30590230864576,1,57.130363102783896,1
7.806284122801909,91.07733035785088,8,47.66830583196866,1
5.0876529646303545,66.0020169218101,0,66.35235488926443,1
4.71051755048499,85.52043308120686,7,50.81346482894686,1
9.412569239394708,45.85475017457617,5,48.32719363733131,1
3.2579118990163023,42.41468623715504,9,84.51623108772841,1
2.084026059969089,85.19418485852566,6,92.35851001782751,0
6.260888019335123,65.52131645972102,4,65.16216779242662,0
9.72389631055761,99.73295588437415,5,84.58480173771508,1
4.40055292354468,45.835252951331945,5,43.09625983380688,0
1.5583308726590337,91.33766089211403,8,68.33501091250935,0
4.0537474057861065,68.7989839317395,9,74.53399598939662,1
5.553384888876026,89.62901173023262,3,64.34649174717404,1
2.4573070596899234,89.0276369302087,10,38.18161514437374,1
6.922919962508429,94.95952008172463,4,81.38701622733541,1
9.979744501091805,57.871000677166165,3,88.73547240326495,1
5.065655283832994,96.98796120772019,0,74.46583784870212,1
4.192557010571914,49.10001762145722,9,41.84127011317791,1
4.6063375015101995,44.918126655609434,5,35.21867078939801,0
2.03631560555681,65.89693104234095,4,51.112273572213525,0
8.949462412836013,89.69937811851057,3,32.58930782952936,1
4.733430899692168,68.40526783800674,5,88.74533073170537,0
4.485469702823572,89.75720065183084,4,79.21423080491465,1
6.937212456374269,83.78120834765832,2,69.45820627004406,1
4.978300788380112,52.565703168336015,1,92.27427524386123,1
6.8341012192706145,96.93289749396783,5,37.706544983904976,1
1.5530166111770876,43.6468701177642,3,80.01218249132233,0
8.323510093500047,93.89678245262769,10,40.264254485322255,1
9.464535575914624,58.266606939422445,9,34.26477987380794,1
6.838888475434474,70.00888498986396,2,39.303315515995585,1
9.591093359729296,65.34111236204407,7,96.56580634960325,1
2.3628908293296695,50.31007341501497,8,60.830336926062735,1
5.2967457053231835,61.48881198410159,6,33.42969873559847,0
6.416260605509025,51.57606617756772,1,70.85442537783837,0
6.23562982679068,52.23318852763143,7,43.979984629279514,0
4.613156011801389,51.22341016158282,10,30.47854871818368,0
4.042759684296352,69.34104282079565,10,83.08700561108067,0
2.1414162029537693,87.87588205067894,4,40.840415524390494,0
4.5256820550605035,74.13820202567446,10,95.97405306519133,1
2.463947335949366,93.59239531305052,9,71.4959908150601,0
7.609291088429965,78.19266931460345,6,36.08970757784481,1
2.87947841945131,81.36040693795627,4,45.247710007051396,0
1.5270877475608047,80.05643378362018,1,72.75912460818908,0
5.971295240355109,66.96755159102447,3,53.66789096339338,1
6.357067594474614,81.36032933200497,10,67.25001357343652,1
8.84721755152455,44.18246478813767,4,85.9658432617459,1
6.192834511759137,91.59108831493978,5,85.48210557662873,1
4.109327683511012,86.66872860663504,4,78.85907627881438,0
8.227106933736884,54.71379749390073,9,92.02380142909902,1
5.862510038686789,86.08194725524494,10,43.95524841045274,0
1.7135225616807257,40.75855608400111,0,42.40690419857099,0
6.09265504281922,53.03479434885283,0,85.95446613774014,0
9.172166908794962,43.908234320253754,2,52.46225423594709,1
4.566813629483985,86.81361499707367,8,65.85276891787136,1
3.666932217098201,85.35244907070323,10,82.07665041036819,1
2.2912251131621804,88.81816142810985,1,57.715265150604345,0
2.363009697418216,40.26890159953173,9,39.11136101359494,1
4.89494335907637,70.07396360070447,4,77.5620041251104,0
6.361118417453766,82.29017185104018,8,87.20115707935702,1
1.7255386465264158,49.32406772434093,6,30.895809850660843,0
9.456117301226492,78.98744365075748,10,69.37864813384212,1
7.7962025570067635,45.04660595858114,7,62.85835646782946,0
6.279615264552964,50.879551366258795,1,48.171720456910364,0
8.455948038450916,68.54780889967606,4,41.27199969839497,1
1.7216808113090196,79.21390916086612,8,43.16261179037772,0
5.291549899598119,48.75214761723377,0,80.74812289572978,1
6.67083814175497,51.11339984985627,0,67.53365939005337,0
8.457876155064604,52.26678202393978,9,98.6808066934462,1
8.05122604044341,54.322048281938706,7,47.02615587765074,1
3.493623247420597,53.59323091157748,1,96.98329237514227,0
9.467921526032839,63.70894650985821,8,66.05766915368615,1
2.119112572877833,79.22737905020338,9,40.22184643542983,0
8.876202567590369,66.28190698806819,8,40.372532988950525,1
9.738462246441568,86.55843452499329,3,72.59975933431105,1
2.5943817090036303,83.15611035691688,1,88.19959226423248,0
7.4985945778340675,47.59161484294454,2,82.33980676774601,0
1.3625696690019862,42.930497399244636,9,75.89391398449199,0
4.648805426252395,92.67649383997636,0,42.047564374176716,0
5.646549692779066,44.78986399377241,2,37.583800403965725,0
6.225807033186706,48.900350843182785,4,30.017361659593426,0
9.423435234237036,41.32799653348708,2,37.125570286375535,0
7.050256185647752,77.70018191791922,2,83.64566252383688,1
5.331501560973133,74.9422337895009,9,92.66738911923264,1
8.287075326393005,99.21421998611534,5,46.824532119879294,1
9.55479538858968,93.21594377903031,2,85.64259683150601,1
1.1985953381406176,64.65059064885457,2,43.91941359255867,0
9.842691450304349,62.295150454752104,8,47.4490178350741,1
1.775189251573123,57.81112205679911,1,45.69106660745419,0
8.329481013418853,49.14441520227288,0,33.62109363344199,1
3.5230127729627125,48.285019396120546,9,43.584288767011536,1
2.1896169197848456,47.937022480576324,7,56.14803412251165,0
4.9587007574245145,46.846885431206715,2,58.38288007718031,1
6.795609215028522,54.43072254433221,6,51.66264897252137,1
4.428566605211275,58.40011781878698,1,66.03076999507068,1
1.4910886745442906,97.69473826233495,10,56.45987627498764,1
6.395150256928449,74.70839506011315,10,97.92552523218598,1
9.121629484996072,99.25574647079685,7,86.51453180318853,1
4.4489382935252655,62.348016869540395,8,95.16841421600452,1
2.946994998677443,67.45759795536647,7,69.01988623488921,1
4.983196113395339,59.47471954991675,7,77.48377401049152,0
1.4352643994390277,50.97325905379316,7,41.66734625708361,1
8.384388260322474,48.58988246665475,6,82.69500300659928,1
8.437067298551682,96.70475186846991,1,46.51797778156914,1
6.292004170866655,99.20864090792534,7,40.208304941392335,1
4.177926000445505,42.69456979052389,4,32.9301544117413,1
8.198050280012051,49.020752483905994,5,63.05611747213757,1
5.992183223095305,65.41144553806136,3,50.07524817405452,0
8.433390776950146,51.18000858066444,0,99.0709020845332,1
6.683129133247186,61.832823617613,4,47.48840114110691,1
8.059649258915176,47.745780991578,2,90.65802962230578,1
6.38706693895984,67.39070540330741,8,52.150713839192946,1
4.7272696139409955,56.301676970155555,3,82.43887966186887,1
9.621512739335238,61.114303345519644,9,76.18889170487937,1
5.870024423909602,45.65875908776486,1,69.32484882631776,0
6.445805666864845,65.6876830426085,3,59.177746041787096,0
2.984388754732743,98.99545665769419,2,76.97735089912152,1
6.6308571048454885,59.72998281287142,2,58.5094845151801,0
6.144468845346495,92.5857564905461,4,68.36701640291238,1
2.6635455815232243,90.5919484974211,0,71.28612157851782,0
1.5362838761782935,97.12350509783263,4,48.714865402598676,0
6.439233877432939,87.40657073602567,7,53.78155341137729,1
7.873230424152885,79.5758096235289,9,31.26350444904622,1
5.710612338298074,91.39506665364746,8,89.65112953763489,1
3.0409536278768114,44.53868083944098,0,82.91882010104443,0
6.998697790237315,67.76983943192846,1,42.84713173120457,0
1.7209515394864203,99.35537431690352,1,55.34339150059911,1
4.976503343217591,86.17600907768394,5,59.474863810631994,1
2.470300825585782,97.72452268223338,0,53.406508440006164,0
2.6601314595389502,86.77806136800874,10,85.87699646242628,1
2.820645542423833,92.49291804652864,0,80.77944942808398,1
4.480363513395801,82.39177793819147,1,83.70111110988368,1
1.4603518505835786,85.63012026503438,3,93.28910356540473,1
4.580140968361883,71.39068059037004,1,71.66058791302655,1
5.605367024032308,95.45426204884797,3,73.01740303196381,1
5.349648564696927,89.5023346374017,2,80.5353883753063,1
4.445056903627365,90.63309793993793,2,77.6862816255474,1
8.552319472636771,80.38054605778314,8,90.88691128792732,1
2.3079402317845368,58.274796825234944,7,83.91387440911814,1
5.5512706940323655,42.13778772340836,9,38.43210315351659,1
1.5583727526089888,96.13930776457266,8,94.98510308134507,1
1.6404011099011877,75.16722092832981,0,77.81695032108416,0
6.164792647093867,57.888578268888416,4,38.90021480784476,0
6.094165823990388,48.94810647085227,3,84.03816150011528,1
8.902301615600113,89.77138993004527,10,55.088877081744315,1
6.020863080940659,90.19121166685474,8,86.41845384255522,1
9.638119183643651,88.87047808783188,2,96.87841600931519,1
1.4382536355993678,78.70496151800717,4,47.86694252762508,0
1.8820691630266695,61.960923255512554,7,90.01877322594365,1
1.3965927541334326,58.24421708681542,9,84.1492959100757,0
2.66749165300186,40.51328620709021,4,76.9829430140327,0
5.871430998475103,90.01645352129442,8,56.94443811926395,1
6.810149632846852,45.245961849618546,1,37.690346681112196,0
1.4102664215380192,77.84529988244606,5,63.872777954394884,1
9.513738008610394,70.24449681040531,4,37.39666408442434,1
8.579488389853429,71.60136153558108,8,65.01030588148276,1
3.669512339413838,95.6027707184664,6,87.42052895428988,0
1.6946877720382116,41.89690067627453,7,99.83466940806743,0
2.5289836589715153,86.40353347772634,6,43.86060980451762,0
2.142499723794754,43.12314390203843,9,44.55006296429157,0
2.1095540136905218,42.28921635612263,9,86.76183323433483,0
5.667055197991606,65.78906188848292,4,62.83410426080469,1
3.212626982440603,43.784510460578005,10,94.10632172223174,1
4.2232574487623005,87.34863707757472,4,83.829736630685,1
9.905548000458902,71.77378561890023,10,81.54994353111346,1
7.158828240328103,41.742326959586464,3,37.13675960582598,0
9.540826003423012,42.43004118891517,1,32.511289562186306,0
2.28300899529804,76.76011178436876,8,52.173397376190294,1
4.439255273493123,88.3667090595043,9,45.21088525942675,1
5.992586229541189,66.26797187648641,9,79.86162201499593,1
1.6908225569986421,73.27484029213747,9,61.55136069162353,1
1.0376869926516208,87.98976724299409,9,66.62024622402433,0
7.033909004172258,76.63037044250915,2,86.96190380103292,1
6.776375651212918,53.48561425952917,10,63.49532772359966,1
4.697099289996506,76.78312155216872,10,68.14484245637794,1
5.4067966842882935,77.69676754391281,2,88.96241864856154,1
4.738987005328807,84.0464188528676,2,60.193506651525894,0
1.2160454036039998,77.25245125340808,7,35.81886955395193,0
4.018344455957162,98.15452782748227,5,66.51936467150878,1
2.5937402985756086,51.83729852302411,0,70.55531789629933,0
1.8858177019123188,97.06544077402458,2,65.82577630190951,0
9.610483905004148,72.30036942100098,3,48.06346620526822,1
6.3942375253794905,80.31736842969472,1,45.65830477764896,0
7.5579065581294245,45.967695847131395,5,55.882946035228905,1
3.8382736893950575,62.83455648268642,9,41.63601169525759,0
4.538324165446137,86.16274878779035,0,76.62165754916845,1
3.1323159450705114,82.41466090593943,0,73.02724308957511,0
1.8726910386888227,42.40836328992461,7,74.26769309751487,0
2.611284736974254,72.79565580983467,3,45.735824519795884,1
8.177626407668374,45.296691578104564,0,47.25703099427189,0
7.097912246653983,99.75138575068974,6,85.11731813831251,1
5.922359883869293,93.83779531199768,8,78.30782407909606,1
5.275808855800912,41.26483962571222,9,91.26258944172788,1
9.30190855290512,91.51897473415785,6,58.24540024437567,1
1.6546145300080157,95.16577603350446,0,68.3129482468427,0
3.5254073191412436,61.2128933538073,0,81.71443941512894,1
4.149440682136427,83.17009930286595,0,98.19084783227895,1
8.04183230991509,66.52622477246673,7,99.2742268991987,1
9.932631581457741,79.31394907458065,6,99.94227887347964,1
3.1660346328143776,60.419044257891485,2,92.33685381453645,0
8.868766007233726,59.353554197996104,2,74.77555733959545,0
8.47560484388612,65.46603333145474,2,30.487966555261693,1
3.0219165787758997,48.73406551915007,1,78.96806342944294,0
4.593993221793003,89.86833786612296,3,46.701966129585884,0
4.687055823632672,60.9218737216982,6,34.00170031171706,1
9.803986016739024,64.0089732343507,8,78.80291002615954,1
2.628027112410085,93.64327676212868,2,82.92076490233353,1
8.192421739943038,69.79742884379029,9,76.16031841174248,1
4.007734427557989,72.65523456105177,6,55.56188486713794,1
7.577833111985443,97.38988748662591,3,65.77028868553863,0
4.780099038660966,93.20358298869935,0,95.44633388970232,1
6.20523786804886,50.16800253330637,4,81.07276761838595,0
8.493505959935181,68.3929017950863,7,65.32789634495352,1
8.237490084854958,98.27777364571273,2,71.54144063657506,1
8.797808651857302,62.34197789371616,9,94.93785188424495,1
1.5365559281019312,62.294386510972004,3,57.564776558877426,0
7.228454977357703,51.70181390734926,2,37.12906008402632,1
2.2598863904958657,46.85938684714751,9,52.807836919215,0
4.742367112165699,84.41828744535891,7,59.06401503154005,1
5.937295735492196,86.20182812209099,9,49.10747089023418,1
4.624655362721477,98.14077781018,7,67.02806836750352,1
5.6765050822270675,86.40509265432178,3,51.34005126022541,0
9.968736779187573,54.601149642015926,10,37.22257097676678,1
2.2169558234156925,42.40699469731093,1,43.164795952423546,0
7.07910440802783,99.12624306217961,2,94.27092583961974,1
4.564008697470537,60.427041732616345,2,74.07169403706021,1
2.197088190165959,58.718292545945246,3,52.00160989341353,1
2.428630870368786,94.35731258496295,10,55.68425387503079,1
9.543457956210553,75.10599391269918,1,64.53682199863175,1
8.916413470405859,52.892270430948074,1,77.11910234938935,1
9.163377643735197,93.34577456297437,2,70.7525922890639,1
9.923794982446479,99.6016513032846,0,95.2888687194059,1
2.8748385100766614,45.20071366904985,7,73.80241786006167,1
4.198954036276556,91.73509769814923,5,93.75543857234591,1
7.022971269323801,63.43094186106364,2,30.380111141519574,0
5.354222858745826,71.44434679040226,0,92.33916303453626,0
4.765505800405002,94.88895854589884,2,80.5021011576231,1
4.220301244020337,98.40275174650704,0,42.053541787846015,0
6.34402568749107,55.72983462452797,2,48.41266134715357,1
6.180340857760738,52.771046257594826,3,67.9966999414717,1
2.453120506578161,44.83099351549071,5,38.745670874538,0
5.2456585376659515,73.70787115972828,6,84.9757788378432,1
5.981245985888649,40.816263727040095,6,85.38217063556988,1
6.1325824485825144,64.71389785659619,8,51.06642920585572,1
2.890964736211166,44.40304099912051,7,34.887190348095714,0
7.6804425302705805,64.31354697576003,3,99.21932214635022,1
1.2267918533896267,42.395931355936554,5,47.551021547102735,0
4.193486699888464,90.11303563652613,10,34.729105592214154,1
8.021913836820701,52.584339636313956,0,53.097547156848904,0
6.075036289498621,59.69852262147472,7,97.83022835220052,1
3.350461892597742,92.20287979638351,5,85.50493289263966,0
7.254578074087429,84.7759636799323,1,63.623315586710035,1
6.106518497404661,53.14230169852351,7,51.37312952079762,0
8.166192485107484,44.31396511944976,3,59.63142689832281,1
7.61522667570841,82.94042661132036,8,31.21559257614495,1
6.490971298326112,63.44215304128656,3,80.28593370089351,1
5.393599077797326,85.96479994709327,0,36.97509900862902,1
2.1986391310077105,66.71768634251262,6,66.33263038120151,1
3.351997160968454,60.76014477833658,9,69.60915370037988,0
4.771895256253767,67.07232449274379,4,30.118284201160574,0
6.393693583057498,84.9135391402406,9,98.5915038184202,1
5.6233706969377435,94.13321719242245,10,51.14973263822206,1
3.5936607336357653,42.98603179531453,4,35.40569756944811,0
1.058179220107395,71.4466924736173,3,89.80719907816432,0
5.466152997107326,41.970125745032654,5,40.63668228359417,0
3.570633897060188,68.10457270146152,0,31.746859535714197,0
7.611474706394816,93.11696974581403,2,64.62834757150281,1
1.2155163874343513,61.69541598521858,10,39.09418900583014,0
6.263450301752118,95.9470252648386,6,98.76961464477165,1
9.473268137554589,77.83650829903657,10,30.728769062876108,1
2.5696834040034955,96.04932062758039,7,33.58381409320424,0
5.244845416755358,85.42999752475117,8,88.32987764792783,1
1.8227979263542435,46.20610999892574,0,46.782618722661816,0
6.631137210352174,53.86908205376062,3,93.8117727368761,1
5.954785125366031,63.65022727501037,1,51.77959374324719,0
4.666289717915491,50.20641292072456,1,34.8847855952284,0
5.692393193263671,69.69469628659962,0,30.741425932907493,0
9.069171926221092,68.28208934208944,4,49.77970939400231,1
2.766648720799603,97.37555188164288,1,63.16114028471295,0
1.203080605348125,66.02367297375866,3,30.071127764824894,0
8.75498396229191,87.13760825727987,8,70.6775041780726,1
6.1940537414911585,96.51463269108879,10,53.356309107231226,1
9.015926099156582,92.61932985843913,2,57.3107470553688,1
6.372507010718553,52.520057470695505,7,48.298766373867466,0
8.291449809637323,69.76179365521266,9,67.0331643808744,1
4.8670602701963315,60.86438693775554,5,46.108583537770066,0
7.748739381594419,63.99152170823293,9,39.43754603095294,1
9.217373202008703,61.648409574745074,4,92.34529574336314,1
6.1491066734998565,89.58155261050024,1,57.33884881213867,1
2.627066355061416,67.12834330734685,10,35.38512451546943,0
3.4191785352717834,71.42165993468129,2,46.1225928196432,0
2.787801192076652,98.94684142282448,7,51.69600637405718,1
3.2217132483615964,43.59875633149099,8,83.87524165439785,0
3.7577390441593272,69.27745838744492,10,31.55788461705444,1
5.996204080778696,86.44370241676697,10,63.477464193468,1
6.291924665174495,49.06971749129359,6,58.53847397497025,1
4.83849772517675,76.69189567688643,0,97.7880281144447,1
6.538787018387519,54.367886772068005,5,42.60525086076281,1
1.7341743305022934,92.04424679347406,6,73.95095223146032,1
1.7900941335234397,59.62597992400475,5,44.15378195649107,0
2.546465143218926,59.74376901405457,9,68.38954379202886,1
5.662697482363103,75.89163271107361,10,68.85442627596524,1
2.925952108284822,51.013774487194524,1,35.27427109009166,0
3.549559631433196,57.093318334183664,8,61.95159059380622,0
4.602815525556947,64.99791100716469,2,62.280927557197415,0
8.306795116093419,61.218271788406625,5,52.33956718995026,1
1.124759223215741,71.49263308033494,5,49.40109875813581,0
6.8444093821296015,75.97840864413797,7,45.70085818813434,1
7.019888779366168,74.00004722500987,3,30.415875031226882,0
8.187902023209729,79.25009871951593,5,30.12713991422813,1
9.39477645154282,58.46497099646922,0,71.28510475534159,1
1.1812406405436084,47.585573629301685,8,50.40247377984812,1
2.3840533496189455,85.64845248586462,8,41.75220590482403,0
8.975541646503938,91.04682295784093,6,77.93146438586098,1
5.126667059683138,55.420373933345935,10,67.02331986356118,0
6.0813157504011714,64.42551736948118,0,94.04707938168758,1
6.967244833508326,69.91415301781332,2,88.17118559504021,1
7.111599440460736,71.99961056517618,4,80.87104337699769,1
9.385663629848574,79.56941026525911,3,38.86073700295101,1
9.972544756705027,42.49619400131928,4,76.62621172711337,1
7.481417148378462,83.28862496404102,6,78.57485100563407,1
3.5849908828463573,43.718260418764615,8,83.43328129822974,0
8.917771620649091,68.09731406037207,0,48.41929066301865,1
1.4429882308668545,89.66026813415165,4,74.8208252564626,0
3.079727675870466,67.07291879670377,2,73.27949207977778,0
9.076471457173433,48.94538492609487,2,56.97170348680447,0
3.3057236299541946,99.10203070035757,10,76.44548862581655,1
2.9858595365957363,93.35712772445581,1,36.06868929214554,0
2.243127638262225,86.27881799350084,5,75.04535147853919,1
8.732005818822248,64.69069617395263,5,72.42109089488665,1
5.50052433271978,51.03074361335787,2,44.743708507786145,0
7.074038827487393,96.48467088511006,0,87.27495336639083,1
3.151597456675267,71.94106759102834,6,91.20898001838923,0
7.822363789100948,91.14132762324911,1,44.73387630775616,1
7.840049904658886,60.52570034556555,7,35.317275896604244,1
3.8133822241747013,60.117299024768236,2,72.25028244790846,1
4.696143697092546,99.13242884044234,0,63.594226888830846,1
2.8872124968718076,71.30998290969099,9,59.93159604834404,1
9.789049209906139,48.44172543164478,8,83.27058310305881,1
6.810423193525705,53.18048067968245,4,97.87638476562405,1
9.41089492643964,68.91665676356325,0,63.43646035633377,0
3.7304698926621986,42.54825462930468,9,30.430855514234246,0
8.037018216972008,67.75203912269802,10,71.73869941768646,1
7.892727794962678,65.13645052480766,5,75.77761104908876,1
7.224900866798874,86.76017591916923,9,87.96128141967284,1
9.690750777401204,61.2965178693545,2,43.95848867672822,1
4.54199802495684,98.95292569237597,10,66.70293434632516,1
2.1764559123078158,50.846195158054186,3,61.29920502725558,0
7.045379733196547,75.4592010980881,7,76.51083228138415,1
7.563788204294855,45.38195782049528,4,34.47601445922153,1
6.175545161129332,84.03183903963892,5,91.88090521896673,1
2.8613610382005663,99.68522128371829,9,65.78101829667949,1
5.540103475024198,89.14831826509794,3,91.3931811478993,1
3.8097076291221645,73.34221244321807,5,53.816599230419655,0
4.8471987535002015,69.08448144398153,2,75.74655502484393,0
6.8069671826019755,90.10179767601082,9,96.97076045165876,1
7.706932684217511,96.15844508264345,0,96.03654334968458,1
3.090022218112088,99.35239154788559,5,96.0871928339852,1
4.64792824582258,63.79235365386904,0,33.00627883618522,0
3.4224541389246625,99.45504848767074,9,58.21112006821659,1
2.787684524756822,49.35557513042989,2,34.25468802134358,0
8.050484979962546,55.212986555914554,7,51.66339092925577,1
9.183274249932932,45.34096748403377,6,42.22046665656802,1
4.3320896711611905,56.304310989068895,7,73.40961968783269,1
7.761510319363902,86.07625309708067,9,84.65223058857774,1
9.0729576042797,91.17546149070698,9,65.9342875684381,1
8.615117894772084,86.7335587061543,1,85.68311513085177,1
2.6453204968530333,77.86394669006177,9,30.896930762436185,0
9.606626933620252,70.83799075135873,6,87.43334552614368,1
4.390087963865162,82.5222573528188,3,42.48521572821646,1
4.0531659505645266,63.450012956033305,0,62.265513098334175,0
1.561881945500023,90.4785010899821,10,60.980993113221786,0
5.375562886943947,80.63140563860713,2,91.12088704153928,1
1.9811225407683584,81.86828190966452,4,97.61854030987773,0
3.236858388346834,72.15615958774427,9,47.858467657627244,1
3.8524835959055324,93.11373905267035,7,34.71892208152407,1
8.279436911425156,55.12088402074315,1,75.53652477183925,0
8.879397853563068,62.86885920166304,1,65.19884107272459,1
3.722196857153227,86.65855418066135,7,69.59935993374862,1
8.728283091201165,69.56493376776027,8,33.23891489389999,1
8.71507843632812,93.35284080545145,9,84.27168751325621,1
7.881858553463862,60.78395918577114,0,46.26473905611084,0
2.320256026136634,62.15981012917868,1,53.4455746637894,1
7.212905622106561,93.32414736319751,3,45.984759878456174,1
9.505216581225119,67.86221921092246,2,96.21611924144362,1
7.1428643089044135,70.96747505214921,0,41.81052715784096,1
3.984551641970506,59.965822920140766,3,81.26233028127186,0
5.505213856877481,56.60019653074492,10,47.20231057569757,1
6.811525390159483,79.35692265030352,10,59.74437333758165,1
5.595133678556532,47.19043969247223,1,99.72433140204859,0
2.0795764755787283,92.75635847097456,9,37.040372096950996,0
3.808576401868186,86.75218820590646,4,91.69514617606018,1
8.221564274982693,51.444895822348165,0,96.22349273882152,1
8.752762414859657,81.64119674947392,7,78.87591064504954,1
2.2357002944401323,76.15797527713809,9,30.697353281472644,0
9.571480771588522,51.07210304419865,1,87.45590088222464,1
3.959403560637484,56.392210363013945,10,91.75903493275466,1
6.96082364857648,64.53919022403007,2,98.66539098215537,1
7.766426313610131,81.95456411472844,2,88.7521023425067,1
8.30751611174095,78.32340452902037,3,61.191087711456476,1
9.511747320033372,71.93409086060188,6,78.20547736857507,1
3.8162759322594035,86.10463258684206,8,63.95899583701378,1
8.72655809096399,85.47626437636995,2,54.711284466589916,0
2.185182130925863,77.07154924373535,0,73.8498545205505,0
7.345368157182334,87.21940500308952,10,83.88827077492431,1
7.677799565625873,60.055802486752555,9,74.51305506747352,1
7.099509170811884,92.87497169935634,0,87.8604857352348,1
3.270832625216377,76.89460514811644,10,42.34624822200513,1
8.857388323136831,89.34181082874584,5,56.15861861222116,1
2.519726170333555,72.77674628741704,4,51.8810068913961,0
1.4827131236874775,53.10629469932082,9,43.58889977674589,0
7.457184915507209,72.54460772069851,6,61.02220292397456,1
5.279281437094603,62.266699826595286,6,96.35110110052666,1
8.641882179628084,81.84994216222567,2,67.66058041950137,1
4.45057426952433,68.54762750408415,6,50.04834136925517,1
2.5145072965694153,90.16676829566126,8,54.784243281212625,1
8.527979732228827,80.684350739315,7,72.91529982019894,1
5.940186684760645,81.07266598187944,2,54.69227192691562,1
2.702762131513194,53.0293200094639,9,67.68427060444682,0
7.4834559872780115,99.05498598947742,4,49.191192541697916,1
5.600022746405505,90.50051255628932,7,54.215188963013006,0
6.438816840162878,87.34029307364167,1,79.40095011854518,1
5.148085043859237,59.81291350960164,6,70.92328461507213,1
8.458380854362058,72.13789917083392,10,36.544080431936564,1
8.466064441147449,48.226191284459716,9,98.12277629542278,1
7.384499396419476,72.30855859976236,9,33.45358460712196,1
1.9486123965681603,48.753354788997235,6,35.805770059716465,0
8.54968475713662,73.18227063937607,10,79.09702341187936,1
7.039116824796189,78.92331280929434,7,79.56126976015761,1
7.273217494038695,63.411758034994136,0,31.325487325874033,1
4.266845563634845,69.9126926998776,7,74.99277296245185,1
8.913516005413062,92.53920326047515,0,32.32820103435195,1
7.528344402113717,46.51378868216856,2,97.25389957230189,1
2.01331419876275,87.50397357997917,8,78.72998156830548,0
4.670002309655464,50.24527305977178,3,43.0604670924666,0
8.977423257641275,42.2024789682777,9,41.06733517122933,1
1.4247703152764108,51.13447616470287,8,69.87636119042863,0
9.652749576778445,85.90259139822939,0,74.34631079456193,1
7.112463114876065,64.3075644002116,7,88.18663409102172,1
6.682383798790389,92.35123101077092,2,93.23248044494932,1
3.4350333083919224,71.48245247093595,10,57.47734108407446,1
3.2391260986525934,41.335021115579856,6,89.08593896600426,1
9.478523975397358,83.0028165761156,1,67.96660247217136,1
3.6844520881071046,46.61397452327396,6,62.94074984214137,0
7.9795476704709944,87.36277800771546,6,78.92794522404515,1
4.538096183863712,50.0861529883108,8,37.22364729412576,1
2.253286637062336,60.72678314833081,1,48.57705540127588,0
1.0964376792582304,85.67628577752163,7,87.17338797879718,1
5.898316033137258,97.2538814485853,4,65.28551868361862,1
9.782009366940393,62.28603703880394,9,93.56304055374657,1
4.32222574428284,89.76401321193615,8,36.20926137180376,1
4.214731005937404,51.44753592855032,7,51.93889676860316,0
4.096824560644979,88.43078621214946,2,54.888492496282566,1
5.684894535743726,79.44964355537506,2,59.59042259062079,1
4.965983950818642,51.56461043274211,10,99.07740360949738,1
8.919231640543131,58.1502376210847,9,51.74638998477412,1
5.549687125511412,47.90625331582216,7,66.30777170758034,0
5.569820543697119,62.9780206638588,8,67.52499267097012,1
2.2453443524850094,52.21891846739665,1,83.95585570251566,0
9.844655868193474,78.63987721782841,2,66.25082958600655,1
3.2497560178194673,99.67030625323352,7,72.40161804343575,1
1.6602766071364239,40.72054978505585,1,82.7329635532638,0
6.968316240776879,72.45518879723792,7,37.079240327596175,0
6.358297331411854,74.41999585294059,4,97.44304864674785,1
4.736310885934712,94.85252738084871,5,89.24129232556137,1
4.799730104926103,70.36032008601626,9,57.21408295361749,0
8.06557528941788,72.62208517869504,3,80.98923123516204,1
2.7614137608968417,68.29916807970332,2,83.36275730861226,0
8.382279870504007,56.134258273688886,7,89.51725145909597,1
6.838724025055163,43.361747994934824,8,43.18217775938365,1
4.77072796401572,64.51946093259016,7,79.25919268506618,1
5.122257549254818,43.155488274440714,8,32.333837136839854,0
3.3098248646748623,73.02954816795507,0,38.0905386837717,1
7.769028994272773,58.43761859453759,4,84.32468723258526,1
5.61587268074741,72.01614409152566,6,86.91021027172317,1
3.8876908847485923,48.0578178637112,7,71.47055164871952,0
6.364451041848552,95.95779794436157,10,70.7180181928728,1
9.961610068461907,93.67127461299609,1,82.46579998575507,1
4.9173605169089845,51.39979055213707,10,93.4259375462091,1
9.286222607007575,60.60665699764059,3,59.47806196073408,1
4.105151559321095,76.80956631111877,6,38.03747830251437,1
1.492594362324873,45.741172438354376,4,88.72995690991016,0
2.83817895731586,61.27406926696905,0,53.91509021795271,0
4.768256289949158,55.06673720914037,1,39.365004124741326,0
2.976714357351121,94.9310037230018,4,73.0231480099982,1
1.0020433439642997,91.1506381773523,5,70.46587476481827,1
9.235013839727745,74.78996447601182,0,63.197234455167205,1
8.59491470107836,71.22078021229444,2,90.18580709730112,1
7.680630083382524,95.84354767272383,5,49.05580847823575,1
2.5103313608142575,95.94566697872892,5,30.92646856990661,1
2.0832721858898746,98.15980752109962,6,52.642810325954,1
1.6084427452514483,47.52273304649126,9,30.679417228149013,0
7.516262698956291,49.63346864579022,2,68.05138476277875,1
9.359271646190967,80.6042019207932,0,56.477380500189355,1
4.874822388217333,72.48606859659068,6,86.97599185999601,1
2.0722660479644333,41.107954293594155,10,85.83097467435724,0
5.611535386588959,43.71850215937116,2,60.42469453090646,0
4.139487167127671,93.28482293552831,4,45.153969151007615,1
4.373424319149979,92.13224773236317,3,59.570090615960794,1
6.591975617401365,61.43625531976271,0,74.89224127805404,0
7.468463019359821,93.46303701583207,6,43.31441871010352,1
1.9954323898584476,75.62050446387411,3,84.11326308992119,0
1.3203120772582875,88.35433882113412,0,53.13921473046917,0
9.948972724171433,65.64586426961286,10,95.25238964421865,1
3.0945551402399665,46.803899640694524,5,65.83093711922255,0
1.4844747241761316,66.02362375876098,3,89.29885738908055,0
2.70887796186328,67.43798787981387,3,73.11248062076217,0
1.3506206171361779,73.05665163043618,1,68.82212906451164,0
4.526298051554545,46.334962774265676,0,77.74910934395785,1
8.221616060061919,99.48411178297668,2,86.80437865954326,1
4.071200047819485,54.64820924841438,9,75.11552530868154,0
4.997650661905299,51.913144212225575,4,85.80684810341916,1
7.080280962106949,71.60817513135619,8,43.33256151216591,1
5.580046630628922,72.23249076369332,6,49.42615782623608,1
8.753011174191919,66.38924426999466,3,46.08059751111147,1
8.794321075411808,86.31352877951527,7,85.88122314702031,1
1.0891962594203828,70.99926404371615,3,36.028999119995305,1
8.002416758348794,76.58172730869904,5,85.71042382092097,1
5.1466024021750645,83.42478312446713,0,57.23296098701651,1
9.899564871732968,41.501506093832,5,35.56550134121768,1
5.349088682878916,74.23865095270268,9,59.70983830685236,1
9.882063508494678,93.05166827370215,4,51.03516103736959,1
7.791124250851629,41.043324575526036,1,71.43665279478547,0
3.237443961519757,64.31092622805767,0,63.076864316566905,0
5.845554813582619,95.5736470123498,5,50.77441737618451,1
9.929220755307245,61.18926413695227,10,90.35861610838609,1
8.717775469767314,67.52372945201445,1,58.477499739189824,0
1.8763020441209899,98.89248358265877,8,62.948299426124514,1
7.357347971289965,51.959431537034426,8,89.26399673267204,1
4.1102162728373175,43.91531134750036,0,36.23396258408149,0
1.062840356923133,91.56535545167826,4,57.29251992444213,0
4.631328721242996,92.10792047274211,7,58.19996805698729,1
3.1127897955247414,68.32467008080079,3,64.70779586096785,0
8.369823434684243,70.85243046863718,2,37.42844146515837,0
4.035975479611889,90.14838217707016,4,37.1862084874686,0
8.447713245584353,84.3135698869477,4,59.14911690361411,1
1.0053814495131577,55.908940133020636,7,32.31203058427095,0
3.770372350235072,41.01360130429111,5,47.84890513417446,0
3.1704869287698574,68.78200975201274,1,44.082372764009456,0
3.1021062496174987,91.53473956573848,10,64.25703829265024,1
1.6136795778891644,93.75008060140973,0,30.78116900527474,1
2.6841184336945156,97.37357182456924,2,77.30134151847793,1
5.999946128970579,92.77379425676688,1,89.89111149915152,1
3.6222496555397004,74.8026133178859,3,79.4719062767513,0
4.756553040962332,66.67633595416605,2,87.26547185534,1
4.391801923124697,86.49099079204595,8,75.03214826587306,0
8.883144324999051,84.38929806193579,4,65.51569240723992,1
9.14769099109464,72.28860580488725,3,45.33151181167672,1
5.436612744902741,45.239642353508145,9,49.57384433780049,0
3.9714035528404397,95.56488080721513,8,52.23956026036624,0
1.9612063360212728,67.33615225009973,3,32.661236862653865,1
9.580625914438855,61.80002691497586,5,93.91621399883302,1
1.542042504102677,77.7740437101263,9,93.02118918433618,1
3.678852498114524,80.43027767001861,0,37.54444946709686,1
3.6825958105300374,52.64127502181809,1,68.96854958850372,0
3.8836115752619342,90.21633068859737,3,62.73489059426851,1
2.4785815894516836,57.39622561974267,8,77.83897979293968,0
8.048452878313274,51.201035554859004,5,72.21123623768341,1
2.102480757693903,64.38399117126984,5,38.702526082553156,0
6.7141599323784655,83.83360485384792,10,76.20543514732569,1
2.114614240352357,97.9274907063882,8,72.62106127692263,1
1.6348207383366091,88.55687586228599,3,67.18565465816638,1
9.18486553317289,96.42090266021151,2,58.16843866012587,0
2.7111588968683513,48.436348244591606,6,96.8444695837215,1
8.39125139103734,44.27060793182061,6,89.46076929177812,1
5.901677839964222,73.46228571440028,8,70.95594824439442,1
1.7007086764789263,57.41784898264206,5,30.44644776873315,0
9.599033722942607,89.68329837815637,1,60.24862695188412,1
3.2226505029270327,80.31927228413957,5,79.02378099850694,1
8.73680810817346,98.24368983914766,7,38.21059643386446,1
2.5192900520610775,55.28754134387825,5,58.45847316002196,1
8.685485939276676,69.14704686131394,8,43.42076567668467,1
1.1190593161476459,70.0744286455212,3,53.670009100417246,0
5.606024109125326,54.350607691442576,2,31.866844281387618,0
7.924983214794011,75.40560396928046,10,38.87126675854296,1
9.41315965743505,66.59715916475437,4,61.832979509748235,1
9.182819225858383,66.80329335939241,2,92.87329447250463,1
8.376623825928803,61.76419887834902,10,64.34071351206023,1
8.993722146951736,41.0157611455321,1,61.71542280955189,1
2.7929771725336883,71.32571421488734,1,85.12985750800424,0
3.5576586614055588,60.11487014201987,3,48.7481053855169,0
3.6007167242895264,40.07919213905978,2,36.65481244573993,0
4.3934853790152895,58.47662245971592,8,44.67008342356754,1
4.539886033466699,56.71769998538542,6,85.39105858644977,0
5.900997921892079,63.60688919341815,5,77.39335475655326,1
2.4389178702979724,47.911119378603814,9,36.40732275778251,0
7.221219974073904,70.46102947810506,7,76.69652121984149,1
2.5080988537405586,81.5464211510878,8,95.20860394190626,0
3.7927763389409277,77.81113414327434,2,33.14684692009493,0
5.530106175455386,88.22529685415144,9,73.14926671424848,1
8.167965053711296,67.12049727922486,6,56.54151988480384,1
7.655223099148546,71.1455038203837,8,65.07220213094539,1
6.8098092076947,88.624116451539,0,66.97251711850814,1
2.4019593452215315,65.66207024915431,9,83.97322682271476,0
5.9234081105401994,82.09596099397581,8,68.99087638410572,0
1.7870185161989691,66.0761421230795,6,71.51599396875768,1
4.396268591169857,65.06417167069375,9,53.303829064026665,0
4.721648772609632,85.61233747174961,3,38.81617084489928,1
1.3583029550117844,50.49021492797267,10,77.79126333952826,1
3.4658928952297465,60.31515831649442,5,30.033749833491616,1
9.600845205398404,53.450336604814105,10,53.01020186432585,1
9.582693470467206,61.546596578055826,10,45.2630768097262,1
4.1709434882728535,53.82248934196144,5,57.197340852928924,0
1.3879009805349165,74.76433786519928,5,51.7887618944678,0
2.611854453953634,87.89024815707072,1,79.29519558265814,1
4.529960140901862,87.19678367307411,4,48.21442354105055,1
9.530017281723069,61.870057872927546,6,69.25252419112238,1
2.270791571834664,99.32562435365571,5,61.90393010405555,1
7.8716425930139104,75.63126188234804,2,86.07402537348659,1
1.9781428543722286,63.96401810669769,10,59.9664741503516,0
9.831318196521492,90.13235675448553,4,90.47132545520941,1
4.4345484919822145,83.79244075855846,7,30.010203732507712,0
7.9771108500915044,84.95652020944627,10,72.33854486439549,1
4.083319745300186,51.7683609840323,4,30.686489547391474,0
6.649019894429278,68.0994584421133,9,79.9754026340432,1
2.728144762660331,91.70968784947617,2,46.444568127974584,0
2.3141891736726627,70.24228045772543,8,56.59868762411905,1
9.442577256113182,81.00716460526303,10,56.630625999145266,1
9.258825501139901,75.27602398205588,2,89.24956928519242,1
8.98722046191594,90.54140726310293,1,37.1464932625068,1
6.628901051499341,57.073650385696155,5,76.68278673451837,1
8.274413900946504,74.52851667318188,7,98.68797804359427,1
1.621332432202374,47.39408008058824,5,31.56691003963272,0
4.013101377016112,81.41264660196808,0,97.61259391332713,0
3.823328122814406,83.91807030116271,7,31.28833102604777,0
6.720807897573519,42.57023927133991,0,88.88046209213438,1
4.2036199612357645,80.5474578176791,8,97.28710937613765,1
2.336561034793127,64.88140924994718,7,99.51191675903416,0
6.368203678721893,47.44581256658094,5,62.13849386793865,1
8.329455286021734,65.19445286190806,1,90.68702543751473,1
4.439111450139759,51.6539757817349,8,38.56376801207235,1
2.1904184358863352,64.93357192739899,7,59.7769037029983,0
2.7701937758154074,63.06034167751166,3,51.55824833281186,0
3.137349746524456,84.30349821616345,1,57.662393542495494,0
3.699078336950826,86.45293348998152,5,79.13865965850746,0
6.785155634556782,76.4217192630728,0,36.123614002992866,1
6.408509360839471,41.36121053094685,6,99.87147722300409,0
7.264718754103352,95.86133674425963,0,74.45470113258438,1
4.2625178607836185,81.17399680578686,5,91.14623106005834,1
8.415978866919804,42.05172699527133,4,88.07868956671453,1
2.8367889504018424,89.12997395284707,9,83.61982808271645,1
5.221366727663385,52.01596928307977,2,32.74564717868579,1
8.208448493872872,74.7532713742664,5,66.15269536084782,1
2.621427829593573,67.99806219701122,3,52.970386335015476,0
1.9887680236670464,65.19032694130459,5,37.90573810752882,0
8.953155709191908,93.38282320746384,3,54.00931444939322,1
4.086366964832763,66.24167749375688,0,75.13621261157277,1
7.154831124181288,44.520647054389045,4,46.1438500035501,0
1.2281374383754464,96.79832363289715,7,61.12168004557824,1
7.210421995685047,95.23211387437766,5,58.31459705400552,1
3.844911803922735,81.06596137489592,9,33.67240739644878,0
1.5016676822869757,68.0735516879215,8,73.96577705679604,1
6.488314853933053,45.571568376611275,3,73.31928316047737,1
3.167234344658559,87.44488711464857,9,97.64901536729033,1
4.48126517846692,44.52867486544174,8,50.860365164203394,1
1.7252273105786222,44.11605909370874,7,59.32657200494147,0
2.324469259854508,72.24303054636209,2,58.25463356445892,0
3.6817951194625937,49.60769441107841,5,94.3820730690045,1
1.8078355050414143,40.46381604042094,3,58.605452077249,0
9.197436382176837,65.38680585974717,0,60.993490094417105,1
1.0544233886558056,48.233033896603956,8,47.66411739342227,0
5.354741969778803,49.63092491684147,3,30.08177024968334,1
2.109227123192963,44.61463832412008,10,37.731546996275725,0
3.7691118053015367,52.3056252234166,4,79.27224059991163,1
9.334536038364389,82.92905078646336,2,77.774691536295,1
2.4552509794658817,88.53563843306748,3,52.577140099140976,1
9.692490877464994,67.15201864175803,8,63.1104359422883,1
2.8521493929047956,70.39322895288507,6,50.816487536622134,0
7.6740949762014665,41.959302075652154,7,81.16414719905265,1
5.920095384075806,44.158975682279014,2,88.97495450744834,1
8.960308548370833,55.45406353897101,2,92.93737048588326,1
5.985939299528178,72.63390524278884,6,42.17099249947846,1
5.811032972406778,84.37306892409958,7,78.65117192841873,1
2.759122003315599,76.30018368028198,4,97.41032739914127,1
2.4960642584649286,63.5276712992073,0,75.54281928919082,0
9.248402360039627,47.09944438018829,2,54.56819005207764,1
3.9505437896503066,86.84639409323137,4,74.51624560604887,1
4.348740294666063,61.827163095943426,2,78.18982366246539,0
7.838412925855495,84.16324086896738,0,57.79331099022762,0
4.049411341805266,70.77873051486051,6,37.279366538350274,1
9.568562019751024,84.31972321370952,0,72.46619072641563,1
7.641349920989203,94.43737368715432,9,86.14985603617087,1
6.37686318316078,95.26177096322812,5,99.83035386292411,1
8.928056444902772,72.10640680003621,5,45.61408148740594,0
1.4464531751453449,70.69050188593832,6,79.02722819272145,0
3.3135642297028784,55.940707930170234,10,31.963024011625155,0
5.18532700798819,96.14798989175748,0,97.88776958234676,1
3.0428068552436893,67.47515003197725,10,30.879512306706637,0
7.695146685719368,47.655474357242625,2,55.115647314709804,0
9.272872279483526,65.962294877593,8,35.34819410833626,1
4.81393107937831,47.623195014280235,1,73.46775731256483,0
4.079193401007054,70.1519010554245,4,53.76498569256165,0
9.653956589238096,73.67653089137272,2,81.30607519313223,1
5.003671895447868,60.26534568961512,4,64.04646466676365,1
5.401435604043549,44.29903685388908,6,59.35823914463755,0
4.164848851077148,96.61021213799435,0,54.396144438035435,1
9.185936257109246,86.40118680900578,2,36.02904169102567,1
6.120599349536657,90.33286483030726,10,44.33773968754504,1
7.859571284634802,62.01210365717377,5,74.73717534919399,1
8.306260465157976,85.64986180116703,6,64.77261679771335,1
4.076641377255323,69.12237371015166,9,34.90626161238917,0
4.90324898188342,52.06500930436276,2,68.07662023478983,1
8.636245969656382,47.4654026144328,3,33.7899863014358,0
4.269298165082292,60.70305215932341,5,65.82088632639918,1
8.145416201066663,48.25312668850838,4,97.54730128292223,1
9.468930903169934,99.89613857224413,10,51.514118761128145,1
6.608893357612063,42.951339413921325,8,80.64521970495228,1
7.674645587067,66.4686159621446,0,82.18864284143827,1
8.245875808370215,67.12561134342305,4,58.34016733877978,1
8.605356840069783,58.037915714900535,10,71.5304505545937,1
4.5554800407111635,74.28109394241672,0,63.04322634882763,0
1.4613711325839835,48.99862144909268,7,49.835411379756444,0
4.616886441130656,87.03474283523403,6,82.83194666403779,1
7.063806068056808,59.9468630948583,4,79.19786309538841,1
5.053153472027135,75.48055538791851,5,93.03842052012615,1
7.740668357743587,82.93835416401757,3,73.26883257617219,1
4.212841865217975,93.34252706140967,8,57.21040988373372,1
6.712697269936266,90.147246187132,2,79.98052906718726,1
2.677778243685771,76.49854168621357,1,73.33253606910495,0
7.744324929804613,63.30359082303322,6,73.16299349604444,0
5.911263719317232,70.19228020449783,1,89.48864299197548,0
2.836579496919405,86.12408760272815,5,93.7327977122867,1
3.627200561480265,92.65273255356838,10,42.61691650951811,1
7.737478377236491,46.226915690600315,7,51.983515695207885,0
5.343411120953686,63.09137574958321,2,75.5213990677279,0
2.94428296353765,86.56699590481003,2,69.00548635967357,0
9.70544071333268,65.89910575563766,2,75.66283186496216,1
7.4361251783519915,59.93366584397703,0,60.311021952903204,1
9.614213492858166,64.67936180939617,8,58.87073096012347,1
4.843945408243089,76.17068480718105,4,38.2357733681814,1
5.275903066225484,99.9883086480281,8,73.65537680731715,1
9.081596945665172,69.5795457462719,4,42.30499567954726,1
5.725444062208462,52.50966849725563,6,76.97151169465803,1
7.365510207151004,49.77079451674568,0,97.69505702609868,0
3.2695558974597696,42.540984848584856,8,47.94889792334068,0
5.020538218323765,73.52903409509929,0,39.95066137447233,1
2.1110487922931958,72.67432548933004,3,31.692267169665353,0
2.853820322892655,52.31403560681855,6,56.517903044173735,0
1.0084907374086798,81.71976438715402,10,45.02277411998253,0
1.3533854648379422,84.46642249778085,8,64.43015962007553,1
9.795554408592364,55.545892322926676,0,66.70142195949254,1
3.181183256230861,60.645985841784196,10,54.45294210639712,1
6.969796385536018,99.42830034083539,5,82.49343555946999,1
8.551897289196503,62.45586807104405,10,93.33646694985511,1
5.955944133129078,85.64810030536611,9,44.806616845529184,1
2.3783005007556057,67.1635255977964,10,88.54084413842885,1
7.553047936025497,87.60068967165856,4,39.18315298287647,1
6.402262690896247,86.14139432695887,2,46.00915291804481,0
7.581255304126376,80.06536151191213,9,69.29909803636497,1
7.927719605713785,91.28670077773475,1,51.46070421289273,1
9.778693309162707,96.3531096926611,0,32.919755341219215,1
6.16206952024039,74.79899922712504,1,50.64104991968499,1
4.074770014215416,54.24813443336474,3,93.3409132017832,1
6.836181012102133,63.9177376986445,5,42.19562133452747,1
1.6159663831836353,85.4983428107976,4,83.46256158899432,1
9.076575864894277,79.05300910743216,3,80.55974042031369,1
2.074429102043771,50.66790031391493,7,37.435737124496946,1
3.950585540972364,43.074372468785484,6,53.06100752087067,1
8.341708425635087,80.97769561252389,3,43.2549402397097,0
6.375811404976407,55.06474144176072,9,31.620512683528982,1
4.542719682496979,69.98021462374321,4,42.11284726651274,0
5.260920934375193,84.80480635075565,9,44.110455914361026,1
8.690926538819623,73.76000683938,4,41.61861731130999,1
4.060039474539029,44.99815498670778,2,36.37680466061242,0
8.826847163309541,51.13481420701332,8,66.84135925549104,1
1.7932098787902233,53.15969104185515,10,52.584732919196455,0
7.991185934877676,55.47185521869069,4,93.57745529856837,1
8.627928697492628,73.92420351703026,9,43.104942761360604,1
2.6363588755360485,70.2379467895236,1,72.20038410675123,1
4.873118791349804,52.18960230185253,3,93.04342689859496,1
2.4894979719729005,44.053290607341225,3,33.3032755746118,0
7.35943716094796,50.28593226848308,4,66.13942296572813,1
5.818129912554911,99.0628787571162,7,61.54681687718309,1
6.717910120374889,68.11281698748834,4,95.01450256541862,1
2.7683827026059005,92.04073028212675,0,76.46353410120533,1
2.9057127584717755,90.9251480001306,1,54.44129869664307,1
1.3734759295891572,70.69117344777243,2,79.80648529557041,0
3.8986078167615674,82.40126250763261,2,70.78578144996956,1
6.037701952003075,51.56512062476274,9,54.30189286243632,1
8.721414225975959,81.3038022956145,5,84.96740744847716,1
7.002347027128127,56.343074755797375,8,76.7718831864455,1
4.918566910597763,89.92372580524905,9,30.37914088397288,1
9.57808102954724,45.02344798653459,0,90.55942242076914,0
7.473206805182487,86.38832037311664,5,57.79643175547912,1
9.37148682576295,45.996214394117175,8,75.18133204111248,1
5.748291759449491,92.87135421365853,3,57.773782468034284,1
3.3301384731382564,58.25227108810022,9,91.69534309637302,1
1.4754401772824979,79.26360188983449,2,75.55848123323113,0
7.534763663354655,69.25013671721679,5,70.55703463702028,1
2.0917269820498072,61.97818871574034,5,98.61853250717834,1
3.7249761544477047,78.72650999100978,1,49.64483640424557,0
5.792238170955077,96.85137883307428,4,34.56780034281371,1
6.0797492900177295,42.47618484247731,0,66.12073030343012,0
6.4052487728842245,95.13117135298626,8,59.681248367115764,1
2.4962979731473056,76.54489930126081,8,61.800303435393154,1
4.417636643394839,88.43885804614314,2,73.4073386800014,0
6.5547480440527,63.032497206056654,4,73.05851456226875,1
9.728369781704062,68.31057849025683,2,57.45850053320717,1
7.548680239297198,92.13104510806984,6,90.40139167737883,1
9.30343381384562,64.89087818858938,0,75.6020956641016,1
7.859908524827594,72.0795740049451,4,92.29381753760674,1
6.325452720031604,41.211695385059976,5,93.9207733571712,0
2.728210322227101,49.515880350282536,10,41.711845310259804,0
7.000170867032617,78.50119047848798,6,77.63933117237423,1
6.610416093639164,83.01861406383263,2,52.225830468634996,1
6.422222534115398,74.95605620706996,6,88.55003381839354,1
5.408072811894167,48.598602176536644,3,81.29961057588537,1
5.75790943590348,66.72432571467009,9,43.912338126809715,1
4.0099827440629365,61.305685981791385,10,95.71115365522543,0
5.673814233780728,69.7396806421053,5,77.84353048946964,1
2.7780031511063044,92.21974207324565,4,96.4043172266307,1
8.246569576243392,86.55168631951912,3,44.133782053538596,1
2.6719925922883703,45.03937008334954,5,90.87935660790438,1
1.7646966090051976,93.41855186647385,2,76.76509742909448,1
4.926214237214417,68.30602906898942,2,68.66006156478522,0
6.924766955554556,84.63172869315991,4,87.43590299027272,1
4.939451424401872,48.402353875861124,10,74.3004720791997,1
3.4907871875617773,80.24317154242289,4,76.87201123864733,1
6.023540655013966,54.17956105656748,8,47.75694089792636,1
4.1230210187097995,66.3028538284559,3,87.1937582041904,1
9.395809211139698,41.01177220492627,4,75.52118916291202,1
9.303806256432148,49.09663827582856,8,89.10724250905609,1
5.521346379748859,45.52482958741719,3,54.606887588036855,0
3.950955946164327,54.38465037629551,2,53.219708568400605,1
7.634191725609751,46.001085401459335,6,31.673207521892493,0
1.3304164913475998,81.51460159717371,6,83.80237287561607,1
5.272921054392861,41.74239413255316,7,53.122007096422614,1
4.026910548433001,77.06443003749987,3,52.90486167940789,1
9.284822965922992,48.442469849534454,3,78.20791608323387,1
1.1080272454541429,96.70968743067382,8,47.7008283740956,0
5.975333881465142,95.98564438659125,9,93.63143406193953,1
7.6659722295996335,53.53018615125776,6,67.66461938786517,1
5.365161887716371,76.86527789338177,2,97.86340652317541,1
1.7686272714644948,41.68031916834751,8,35.3668191212618,0
9.75215251025112,95.90731258307045,4,53.577775735199204,1
5.662093882384881,71.37923849150258,3,56.70292403900771,1
6.527676198871102,42.59338908506674,0,81.12945040564058,0
3.129488044367566,60.54999958048825,8,44.907358055142964,0
5.351482765961235,44.61096771167405,5,56.27420973677998,1
4.862345427624897,63.576666362401596,10,93.74497807703142,1
1.6740625780178537,80.19558052967938,1,38.01856185823203,1
1.9554431819272051,68.19339448248638,6,82.17268004610662,0
8.537252676568972,63.02333048316727,2,79.17395781392287,1
3.1583795698593122,47.14942273242789,5,39.135355361587635,0
2.7546244434876748,54.696342741619375,7,78.1943481158003,1
5.544203061251253,46.008597264301066,2,69.88486525162368,1
7.918724182262617,88.44992389939964,4,50.12656360008594,1
1.5575186672108914,48.11438967908335,5,51.7798836536787,0
6.1912712767443026,75.72240199293361,0,88.30945927350336,0
2.0728939855651602,60.56442481533075,9,46.17104903863552,0
1.3281494574305661,53.55870307931101,6,65.89463705993721,1
1.4746955694599566,78.36810636952623,3,77.68048161122377,1
8.507476973875972,67.42013856261644,9,39.09311860357979,1
2.061752352652554,64.00872803707355,10,95.26477098514201,0
1.4063622797106277,75.57112029353328,6,48.24440205198699,0
4.94109898428621,69.47605770940004,6,52.31844461022527,1
8.595941247478223,58.209052513093646,10,76.62810166764802,1
3.361675388403717,73.54367726591511,4,35.47341529952934,0
4.795413557733248,80.16991459304168,7,73.93288829430315,1
1.359302793073761,41.60158951521126,7,94.12209721300253,0
5.041706627213883,67.95230373446051,4,47.436338871099736,0
6.198517725734203,43.46099707501263,4,55.33354087492219,0
6.138163483769303,51.18432484408666,6,46.263377026488044,0
3.9918402295692865,73.63052404467838,5,87.31381242390538,1
3.8397986259682195,91.97133491593485,3,41.73254764531264,1
1.959612570429381,92.96834075130909,1,54.26397648050999,0
4.301184885816415,44.19664060831788,7,72.07152749975955,1
1.8954520198566818,65.1463051772024,2,58.31881028661995,0
7.899363502408464,74.98038898027308,1,34.58285201549546,1
9.696468679733673,48.82419427302061,9,96.34044673305648,1
9.730670110000363,85.9259330046863,6,53.65303092309965,1
8.785639894378544,84.65411550623432,9,61.195584893534445,1
6.407129344056572,94.20046082240768,5,41.7281734642356,1
7.307791275194919,40.50916072500658,7,90.57451673321464,1
3.5668522241237266,53.00105463934016,5,50.40001515052281,1
6.676933781553585,89.6312028547193,6,31.38761303796236,1
5.100845944958897,80.23480304961612,1,52.148180781154196,1
5.338156057992393,93.66339122190945,9,98.88417791730272,1
7.819989043376421,43.43077927181599,1,40.279001097049665,1
3.537265200375265,75.81783794298657,5,32.18417415919692,0
3.8623565052506788,74.14279449362044,8,70.47229131602879,1
9.321776120157729,42.14046498163194,2,56.01665825272556,1
1.5060186536587503,70.81132461474901,10,85.6482709447316,1
5.370708685720063,76.57121867859546,9,81.23214347011077,1
9.215207203670756,51.477590452126435,7,42.97933196698786,1
6.493267070363413,56.39977498747977,4,69.52426136085698,1
5.9176636679091885,78.42084077786421,5,32.270520521925945,0
3.247697613064197,68.0980568559975,5,60.76347596941339,0
4.089479401580034,91.48081945409962,10,79.98372553778503,1
8.668435742242236,60.5429059605513,9,59.047115446143906,1
6.032963185916123,55.99957950329207,10,38.25679034741126,0
5.6326797438110185,99.09195642069056,2,34.30735108925479,1
1.8962174218602603,94.668146207805,10,89.75616148468237,1
1.144253408096108,41.73956469993879,10,92.39288719643794,0
9.673166698183442,86.24371691839394,4,54.016473685245984,1
4.392875505581575,46.62008642951218,0,41.4920627241527,0
6.428917558895539,41.64911168976226,1,98.50313491869548,1
1.7174356586855648,56.421730957980934,9,68.21046625208474,0
7.148028571507419,56.16075274366626,2,63.36585306010772,1
9.393100378353648,89.15912574081787,3,81.91254231752953,1
6.180987276976777,82.64003475657012,8,41.820853759495314,1
2.135037901378695,98.89656563992085,0,70.59928063827377,1
6.23549374726129,82.6907740187091,2,92.31136494853122,1
7.897124917941872,65.09533319536288,2,31.6147940156501,1
4.657748829166168,81.93565965671301,5,77.1057794796469,1
8.91853973147321,99.96754403118413,4,68.59967690259839,1
6.83814658021628,82.60851295375168,2,96.55605491321157,1
9.093240264602823,85.70088135881909,3,48.108895694554974,1
6.611547801226035,96.30190091141557,10,90.1224149348461,1
2.181591748043418,46.819075678701,6,51.62899913182994,1
3.787225399946702,82.28705760686361,2,60.09045032440355,0
2.8161545342721124,91.04835747804694,8,44.93012953351465,1
9.179438479451761,97.26271601325358,7,90.45137110498565,1
7.843600605587344,52.65815738270196,1,43.67867624575269,0
7.087585320190055,70.23574046345465,4,90.13090952851819,1
3.708696876684595,80.8332908586689,3,61.89293677993834,0
2.656402948451922,54.848063770080245,4,88.45598456717745,1
7.808059791900206,76.02837179501644,2,48.514199137690554,1
5.267421512911717,55.45472694987996,9,39.291109895984455,0
3.032105969355662,60.00742123189883,10,68.84728854719313,0
6.549597803487476,66.4911217906519,0,65.66059469390015,1
1.3630046692460678,71.75140592479401,7,54.962516460247286,0
3.9355322871542815,66.96195229750904,8,76.397499297689,1
5.2170129513202115,69.59173118727576,7,36.65999801302581,1
2.3316250069846527,57.915325377297556,3,73.54007524405907,0
9.861890298317556,49.53790564135784,1,44.822926545016585,1
2.8818762813065284,42.84099863961037,3,39.0268189214908,0
2.1731781703893898,51.75872334950006,8,93.67257260877491,0
2.8318138649820677,74.91661849034699,9,62.18570328076842,1
7.921550198437518,87.16692686818794,8,83.43918101116171,1
4.829550933446585,50.15485584657367,4,36.2381849913962,0
6.088743457772842,46.51332146635891,4,34.022541460425835,0
1.1890824128772466,84.95742163295502,9,64.63965490447454,0
1.309881777159831,58.30949983223738,2,52.088580608159155,0
5.012429948443145,97.08996635364115,5,30.343510475663784,1
8.349897188814612,82.85907823662238,6,42.83062514292068,1
8.967149908368087,59.605362834581854,9,45.31428608433205,1
1.780359108360762,57.372564867622295,8,50.195444817176565,0
5.845267918909205,71.42190317627855,6,91.42749039303459,1
9.219067176513434,44.74868009669257,2,59.4421771792378,1
4.491754789580977,47.060590758717936,6,77.56026733339607,1
8.466092482855316,50.55147287897155,0,31.287726486307307,1
2.203260889594926,86.48341559827361,1,86.97479745180074,1
9.418550407010189,70.83144155614735,3,46.823026093749206,1
7.762809857781724,40.634027366466576,6,51.63275302373042,1
9.472009535082115,80.41099164832653,8,33.1679502390927,1
7.089555101972558,65.42141071962982,4,58.67850341815308,1
4.270635387994843,70.65114189782787,7,89.68037409180315,1
9.443630552722501,52.846974604776136,6,56.51139806842024,1
3.480100986782606,73.10693370364622,4,93.60236895294747,0
3.9895526985555927,98.74919438508931,2,90.72133222348774,1
7.307275762015663,44.40668146034569,2,34.337266009602814,1
7.887846695728476,57.03504397986584,5,51.369036064726885,1
9.364631354642384,54.57985557164979,9,93.72921152622224,1
2.8432216815058853,54.91295864507077,10,32.08662597322689,1
8.181982316973016,62.72238145392264,3,83.60657992261316,1
7.646914480572671,89.08658708465005,2,93.4499585405887,1
1.574151006282381,94.77152139786324,3,83.93439788350787,1
4.485008270891862,52.1329052475384,2,82.06700219041355,0
3.5448891135408873,72.57699627688677,9,89.03490429320048,1
3.7404138191862737,78.21393832992882,10,76.60526927224079,1
9.846521915992307,71.30964846183069,10,59.616733214808015,1
6.784996721319351,66.04458365181517,5,34.39288859345386,0
7.459085420141497,51.51853035155427,6,85.15772115101122,1
9.789558735835083,69.29316155195431,3,93.36775473286241,1
4.394816042118748,64.07288966267973,2,65.81105230872402,0
8.216561516075252,87.73380175013618,2,67.2757332119053,1
4.910778669740458,85.81626154977971,10,58.230088890224735,1
8.825803046334817,48.03992087234025,2,89.98178275837013,1
2.625917871801729,45.31114315378406,8,31.036231277450607,0
9.529175593578517,94.48923659365018,10,73.71839847306296,1
2.968945375697917,72.13050333786987,10,93.51891684311164,1
3.935984562828384,91.46805623695545,2,37.22556278725872,0
7.8057301069610245,43.489067233984066,2,97.14151761785915,1
4.54379627408866,71.59093699129781,7,97.73747148245799,1
6.4739023908980196,72.36559087457418,3,95.08522756093079,1
5.001161509624857,91.642121952529,6,62.378226718034576,1
7.6813294338080365,45.85659989378245,2,56.80790021226081,1
3.0549812713174975,54.42673382055456,7,79.4163415565426,1
1.526121885131893,64.39229883322079,2,52.308315256086416,1
3.699364577257596,91.95048852519653,4,34.78409071667727,0
5.268777983815872,96.33299890423402,0,93.09955143534219,1
2.512180469734107,99.56347717561768,4,74.43992419522282,1
4.193175606907499,97.55160918751129,5,44.50081488038875,1
4.599847164642117,40.356505350661266,6,31.288599294379907,0
1.5165265931944618,42.862500487232325,1,80.64611768519156,0
6.249765233657841,48.85640914945532,1,89.69599459350769,1
8.959090851741587,60.93172580621639,8,58.3953302953829,1
2.3656862165774717,89.79508185921753,9,35.662874759720154,1
6.380272120613626,93.55937172012884,0,75.40348663902449,1
6.982652844197617,51.21006437767498,1,50.785033656442906,1
4.774012123773595,77.17984909718251,1,40.076270746519384,0
7.30987828627843,95.04171910391659,9,65.72775886443641,1
4.696583891419108,67.82390415587925,6,63.72906074245805,1
5.541735591796914,46.21261431716704,5,66.1739286354152,0
1.0661774009898428,67.46881900507749,8,87.67526264914395,0
7.225481027212199,62.54769413728343,10,63.91821177343799,1
6.95208411050252,74.65947976396042,6,93.0378405822104,1
1.3456078959371012,66.31952106442623,2,88.9267433735516,0
4.314250966556198,41.04075561122308,2,75.57811644982414,0
9.811286567125006,99.63986400482027,0,33.97963003237142,1
4.786629063117552,72.61241426383425,7,90.54610726239846,1
5.517508646186576,68.41784532907657,0,93.39004206127187,0
9.189371423437468,97.27704229024324,10,56.2532994157205,1
7.455356882791808,49.351622055224624,1,66.83062317596259,0
6.238631180118012,51.354256152714896,10,49.6714469446969,1
8.180242132069653,88.48088494376701,6,31.030143380517433,1
8.77929639810376,55.64986480150053,0,63.56157429233916,1
5.111992645635402,87.95362637749162,3,39.05512813643419,0
5.275975284386519,56.29200897451015,8,42.83272971586078,0
4.474458420866522,41.99125781350009,7,63.64975681355831,0
9.700355260166145,71.02088343320295,10,90.69268386860156,1
7.274496288613154,51.80118604761168,7,89.12428702279976,1
1.7490075958726505,85.47077757594826,2,97.55478950010237,1
8.766636609817166,78.47197799392889,4,63.78764329664065,1
5.3250394675264126,95.41616007867506,3,68.64062368001237,1
1.618785157802387,86.97930143594415,10,87.54813640170062,1
5.9474552964697995,50.84655729044361,7,78.97713872797706,1
4.754478510781318,88.00949419988778,10,42.79754748316375,1
8.899744643763624,78.5042226888414,6,57.872232646296936,1
2.835951432484486,80.1370985056375,6,95.04115044535428,0
8.438181485429645,89.93577315820892,9,40.22890003049479,1
6.019198220669074,74.42944415133641,9,44.654946181848025,1
1.4914927289212214,67.96021086118077,6,58.04620293447406,1
9.74660771192936,78.19846212152368,0,95.79118929362724,1
5.6135371969287995,57.877445737501546,6,37.96726991321427,1
3.617891688084242,50.955827865225956,3,77.1059656685143,0
5.224661577903323,76.99527028427478,2,39.248576673844596,1
8.720720051657402,54.030902145128664,4,66.71507249086508,0
3.7441281194655716,44.794906560796406,1,67.55944592680927,1
2.734087568380303,40.03325107511523,7,32.983827457393616,0
2.1616412223779333,76.49916408400404,8,96.7882453540101,1
3.6807345855119014,61.72892700881421,4,86.46358411650961,1
8.020432783360391,85.13865824040735,2,51.19979410683791,1
5.244637286757355,62.51058389878615,9,39.14370042668148,1
3.04733443324186,69.1602068942936,6,54.19386991168341,1
2.4956649964877426,64.4250983689231,0,92.59935823709635,0
3.994565288593412,79.03448746656076,9,39.287851779031,1
9.45931935597138,61.368349720898095,2,54.45219688273432,1
4.087240413310219,97.82605899653853,8,64.60130972653803,0
9.893116683591717,96.16881919591181,1,32.30190217506595,1
5.367074101888205,90.88167415943688,10,48.76235988559111,1
2.612475264611358,95.21801623436488,8,71.69437254974025,1
9.020260826141584,66.94838130756347,10,52.677520685109656,1
5.143198358213442,72.18582380736953,0,90.93678082472815,1
7.38704209154072,84.52555555349467,3,95.57357931034508,1
9.853404248882367,81.76875549631247,9,60.908000581480664,1
1.451578152879766,93.44071573632826,5,67.24143327913555,0
1.8702510380881043,82.97986163540172,6,74.15657878177069,0
7.484110673164806,99.87308249370764,2,76.51744762663529,1
3.536425029659248,60.91034798989546,8,34.42805610803392,0
2.6587125725508916,89.97986453436508,3,33.75756011863117,1
1.3542569183775655,81.85808936995986,4,90.59113719734277,0
1.1966204078758162,81.48318671290112,7,45.391043275488215,0
7.970370428078118,59.55013569069993,2,70.88738520606657,1
2.20990084632595,87.13610754538135,7,73.7270270159526,1
5.209485543740358,94.02256134085596,10,41.51249941801685,1
6.453071336615347,53.11290769123378,0,83.31176387387549,1
4.855166205119616,77.52981022700224,7,90.61619328083697,1
1.243959871026098,63.528089746166515,10,49.976437692238854,0
8.05151352329118,99.37288715769262,10,91.4488126646406,1
1.0946190208748814,68.7299689499009,9,35.67260181351952,1
7.857009049397356,53.69921042781656,7,86.03247483450659,1
9.039740444093104,62.911457513309955,5,74.80778126605853,1
4.8955592895145505,79.23030338899758,4,70.81775525697222,1
5.8198822578801845,44.565362280974576,8,46.10929213774637,1
5.292850533558884,76.21611521327426,5,55.32892619459894,1
4.502877567610949,95.87348555073388,0,93.72130689891465,1
8.986820818333243,91.02176725947103,5,62.60187604980255,1
9.045401596029915,44.060412199479,0,71.60660590539567,1
4.022347281773811,99.60339272434409,5,95.50960729572152,1
6.535627786132282,81.92361542223276,2,62.654190822626944,1
9.342168059312778,49.73684945884142,5,57.17884668753861,1
9.658526490472164,40.74496535016541,5,92.52414777336847,1
5.580631363798428,50.27695817752908,0,93.76215681539277,0
5.075423247558941,90.29055524114432,8,54.824678151139196,1
3.508248843356732,41.29835949670982,7,71.43927777851448,1
9.629846858713691,53.988838217085195,1,97.46094409832666,1
2.2853287402558062,85.43833572009252,1,33.88294865975774,0
6.218466184429525,75.16663215388812,4,32.786169366440866,0
3.54295240766775,86.9641426216115,9,66.16063562082866,1
3.5110746131301696,84.76903022960727,1,50.3868100538612,0
4.644717286385696,43.03608322730828,10,70.72949194539052,1
9.989136422340891,93.55068514564908,0,80.70067470535163,1
1.4946967615583986,53.62191005693612,1,34.835203626468065,0
6.206876363831783,73.20354641378583,4,91.76572330615363,1
1.7431494223174946,78.65728939166672,10,49.38209008658691,1
2.3906874699146705,50.11769265310572,9,56.6943237526136,0
4.956066475956089,98.57387540205846,6,53.592572637483514,1
5.594141182117972,69.28935736523854,4,88.78844006624391,1
3.329131675280716,43.4585617358436,0,41.94565401134706,0
3.8481141778697454,96.23572268667041,6,32.007125281815306,1
1.7827031823033974,75.17607059159609,5,98.02611282034604,1
3.7289780545982545,81.95159187888258,6,98.64427326547728,1
9.699025954424897,71.51054739605345,1,48.03849809161301,1
9.502366435052336,90.08427728661806,4,30.654684457297872,1
4.013904611232865,41.98800773159265,7,75.21419715353335,1
6.137685426508854,56.10270191662887,6,75.39242979353386,1
9.1863585199985,68.17890138416153,5,95.82497001260042,1
1.0556544037680702,44.5962169788226,5,50.892935751979216,0
8.296152133038326,82.35440015959949,0,43.265292452754124,1
9.535325975100271,63.61980484333844,0,73.14676430281405,0
1.8219316090020135,56.36007941608864,6,69.45697458909007,1
2.4530291742962893,40.20273080850474,2,80.24157555946314,0
9.646716724942198,83.18981870499722,5,91.9589182303312,1
5.837861292763117,90.0285585323717,4,69.18216312359925,1
1.1277697102455133,63.70243214088991,2,40.50526818556543,0
3.3186879888717624,73.85307862200193,5,71.869026035315,0
5.0494930684197366,53.66119755577591,2,56.18710972018806,1
7.236180199222909,77.33185877680799,7,61.69145200263725,1
7.5984434032311965,40.72824749891203,6,97.16390736224162,1
9.958793616329105,69.3186338259255,8,68.84629379697763,1
3.5876007944538313,78.65232891044153,4,40.47530112152597,0
5.843980916816277,95.09150639378404,0,61.02110249871612,0
5.799911930736445,62.880149027337055,10,45.99013518313141,1
4.650807335025138,85.91141217886178,9,39.4837746033051,1
2.522457044581782,75.86122179661004,10,79.85638786345231,1
9.797109068654583,95.62072677550483,7,73.99983483972301,1
8.679854679999274,63.90266053956584,1,64.84522065624331,0
5.4849972546481345,59.145720392379275,5,59.626680705359234,0
6.429208804156268,93.22851992164863,0,52.55524115746147,0
3.045349482036961,42.954664084497345,5,36.16060985529516,0
5.894083633525722,48.183123576020606,3,50.94887532711354,0
7.254731198093283,44.94426607504267,4,88.68762360732501,1
5.636503255479299,90.58659739458416,9,84.85727762111183,1
9.912566535264471,40.63644540221917,6,98.0622406758869,1
6.502074906229535,91.69942932982289,5,75.9246978491727,1
4.338763413329522,67.07606772227601,0,68.7547830297875,1
7.949368248542543,40.24151673123824,8,50.7231138270009,1
2.5341626042347785,64.09871063272251,5,35.38021697594921,0
4.4606423233563985,51.20805046270213,5,73.2612836940327,0
4.122630553398272,77.46402924832978,8,64.17135341730403,1
4.886263855969995,80.7615273952988,9,83.13521593783275,1
8.036018433358537,69.25165422429998,4,58.83005498909452,1
5.357557289470667,42.4311715263802,10,98.9885950505059,1
8.146130052393666,79.36772826203212,5,57.832843840440376,1
6.1884001282587935,90.52232701633127,5,53.315014443810654,1
4.0786249119179985,83.21945663958408,6,90.96904637254063,1
8.289808693151251,89.79747513731911,8,57.68544961132546,1
3.1446070349778243,52.03057141305325,4,90.96281233844762,0
3.0194468181981593,93.33327637938896,4,31.914799993669515,0
5.540526316493522,59.33160703887776,3,78.48153177459113,1
3.3476432136588,40.80428885511946,9,35.02970114493681,0
1.0817833145609468,90.60349877974424,3,40.37627241594663,0
6.834677745689214,96.5092761378836,7,79.0052513908714,1
5.5998443932515825,79.33349184504092,1,50.28063388494673,0
5.009660330438451,53.88619782780548,9,44.73033808955796,0
9.702716631564838,55.10466785695182,7,86.1068296340541,1
6.140792655666223,67.99557240613717,1,96.23728049215879,1
8.770884200104462,93.86986477608517,0,46.26664539768109,1
2.2550521258464418,48.975859368853506,9,52.20371693649797,1
6.122858168164849,89.55842017500922,8,79.98513142044871,1
8.811816640578126,57.47816852230902,10,87.07050093891132,1
6.247951815519082,88.51517016574587,7,99.94136102291048,1
7.4621276031430135,95.21627185609232,5,49.135950627751946,1
4.348392110309867,65.64963231965922,3,68.96330121274643,0
1.8320456533335996,61.90303924633185,1,39.381325901829285,0
5.121102656143643,88.13327913827811,7,53.15880735689481,1
4.550314517549718,71.76897294276364,2,33.1477999857222,0
8.803541641410526,81.06694290779183,9,44.758697998544534,1
3.1959577211722503,77.36975421767077,3,65.45814837492148,1
9.700608047815972,49.17333073868778,4,41.463138599293,1
9.623243078240465,90.6874216173737,3,92.25683171208264,1
3.2286847876429485,51.74650668478817,10,79.72163080007536,1
4.132467599295884,95.93692864424685,7,31.941520177760175,1
9.060001667864965,55.03427748532887,8,91.36910890076496,1
9.699599988064968,84.03285839642452,0,98.41246959368281,1
4.990951925524397,57.07932360961552,1,65.13030988369024,0
3.8889734107680805,59.06712451521183,3,52.02274742847044,0
5.734846119263878,58.60011116693832,0,48.44251145800345,0
7.189922857291613,84.873535241565,10,36.11936459529841,1
3.461270638374818,73.4089070781636,5,64.41265646483217,1
7.6282585715716555,92.97714735084983,4,33.50980154719152,1
1.4649162140317693,58.44236315224269,6,65.26860339292628,0
1.443650434879748,81.51955132340467,5,47.678390850756514,1
4.476589346309908,85.17691597978664,2,63.35023689047284,1
4.181258728546485,49.08892678179749,4,59.286888844111765,0
3.8406989383043704,64.03536143918868,2,51.35799764030108,0
5.41917786402019,68.96904966102467,8,61.4046767661671,0
3.886602240804141,61.34124339366246,1,63.182372247195666,0
2.7303212662128273,59.32675575814829,5,88.3584233102667,0
3.785225941797408,81.18519363985851,8,76.60483404025891,1
9.774138455292114,52.95198385956931,9,60.32096183769464,1
4.7000207529536375,82.56344471506773,6,93.36693563030154,1
5.002414991725022,96.10265178344383,4,82.90185435523156,1
6.18890490956026,73.91185127066507,1,35.300182797580284,0
9.85006691572804,76.68605420436845,1,40.76220804861232,1
3.174411487921867,44.135962127445346,3,35.71675185276136,0
7.131538994791905,91.8686142170697,9,52.32043518452852,1
7.443862241875517,57.12686723199193,1,60.49526345622213,0
6.465919751137593,76.9030699317139,7,65.2972145931912,1
1.7972050567297968,98.74673018468815,9,89.59885390877453,1
7.091850482448188,75.73015603436846,6,31.256940004818045,0
1.5768523993255794,83.48256924786266,6,59.980188402158646,1
6.365283845949072,66.71917709342512,2,58.76988615775143,1
7.656230594995684,43.62195061090344,6,96.32331556615115,1
2.898729015579554,87.85596096938731,7,46.8725842336935,1
8.574598067884967,42.09993047583914,4,38.568406833382824,1
1.2731842497970383,82.03946973327125,0,39.95821485287832,0
8.594315772924755,41.37529438897822,0,66.40999067494802,1
5.142961455784886,91.73831419460024,10,57.36326624538265,1
2.9582914593848004,49.45816214997883,3,82.78994198547926,0
2.204003304945712,70.85628972655307,1,52.622766050748,0
9.579764508241354,75.82904226898884,6,38.95732264016484,1
1.6539902882304105,67.45272444240473,2,57.08130528047238,0
2.791840779423331,60.44580936093323,3,91.81249321257886,1
4.1304011268974135,68.0688577708583,8,58.38685873947439,0
6.582113640650084,58.684945232869524,1,88.35394057326036,1
5.903209767484886,66.28734082485178,7,56.00710600975067,0
2.1307914317108256,61.53477945988184,0,49.69699367415183,0
3.6075518536439315,73.97228941042871,2,84.2403910933742,1
3.1487659397742167,54.27544973469901,3,44.64641693699636,0
2.9218856904130726,99.31939329484075,5,46.228149431886806,0
4.7002990283198836,70.05219720292993,0,33.486898665317646,0
7.336283073324912,51.649724644870574,7,43.14919978973961,1
2.9570763899551236,68.62400497403635,1,56.517077552685905,0
4.300109917326832,91.98490777148945,4,57.97008891004326,1
4.5182568415704605,41.30840758746373,5,59.44396608521013,0
9.788108764918691,80.77324714643733,7,63.57850623647621,1
9.59199721191162,72.87806780763569,2,70.03374310314057,1
8.201238244768684,50.17347966220813,8,43.260031721682005,1
3.1749302873726664,89.04858635829524,4,72.9760928153246,1
1.6123358268250272,62.13307734244034,7,53.558821122850205,0
3.852137239485623,57.628121728930445,3,81.38075145973899,0
3.4011509449044777,89.68751151141406,8,69.00431151304223,1
5.553332201317545,78.31150277149987,7,68.79880387866743,0
7.999551190610138,93.89554502048946,4,77.98408920150112,1
8.724906449909723,77.79302222027196,2,53.31132936674972,1
8.603776768694576,84.44905947592692,0,60.04630583930328,1
4.237080051007609,90.18675377557676,4,70.80285079030173,1
7.185109091146146,43.28437815459621,4,59.50889343610079,1
3.8155077777179804,86.56293753216282,3,61.098023210362726,1
1.5481498891166443,76.82238891097461,9,49.07409509523302,0
7.314087390426481,44.170467790911594,9,50.11695183796031,1
1.0884479731280905,70.5146753121229,7,78.92701849033503,0
4.682643287126397,44.94748467903723,2,30.299679941876402,0
3.9644134237186814,84.15683210339334,9,36.670329554583695,0
7.240397846669672,72.790102833873,8,96.4166922653154,1
7.89620925484341,97.21441224473784,2,43.09126573041048,0
3.7368517237415544,50.988122294306194,3,59.268462431241176,0
8.304643130003683,76.36200715122271,5,89.47795952861014,1
3.645250844544404,52.69492807422948,8,30.00716607680928,0
5.016937239879051,76.84389908364389,9,94.76254326295948,1
7.543166743127205,83.35898214165138,1,33.744203672745805,1
7.236282063023097,83.33825975977231,1,41.960833466680754,1
9.8863162508098,88.9044394409566,1,32.037248033268654,1
3.026449217943387,91.21301367749899,4,66.36640323642189,1
6.960861221856241,44.63630357603062,5,96.01660170598515,1
6.487137174481997,60.596029424344245,2,88.73256281158255,1
9.235886090410268,81.22735122158835,2,74.78239823852752,1
2.4072592748038755,69.91517724347273,1,42.984204630151794,0
7.766183472282397,51.440556805287486,10,90.8717968968889,1
6.114417546418915,73.16257421000188,5,82.83427737957032,1
3.4719928280911487,64.44613916596863,0,48.67934344832382,0
5.269914227324567,63.402296659258305,8,86.35624143770997,1
4.00398937362818,88.58522304613983,10,91.40059366222943,1
6.213820625096148,64.45590002993087,9,78.87582087007699,1
9.001005497331994,41.58727032882545,3,37.026890567936974,1
6.123744859709818,43.483800333465474,1,98.89727903308601,0
6.685501764939256,91.37464250149722,5,35.320069227619044,1
5.668730624032385,97.63604860075128,4,75.81317917051636,1
1.4604895580092832,81.30456018734245,2,37.736767864405735,0
3.0957270118848483,61.86209764600481,2,93.37893510345754,0
5.428015564888745,96.31601894768365,4,54.49843783956651,1
3.792117553702343,79.76818518254416,3,65.8052115671464,0
2.635872379850748,90.66001295196025,4,42.513310905480736,1
5.537195577265945,85.95113824222057,1,68.25935328481964,0
3.905288141030653,62.748358946355545,10,95.71879336672924,1
3.3229687885607326,68.72213205104714,0,93.11431494432097,0
5.175868756963427,51.16792926208597,4,34.47271441415651,0
2.1995583227395583,57.52084602644405,10,56.478095453203615,1
9.349711597678667,86.6875396771913,0,48.72019541295164,1
8.809318881273152,93.6387035129865,2,63.69530339791622,1
7.368585271664818,83.46762539508471,7,88.36104136345489,1
1.955924448296106,67.9104217993983,10,81.71962499546015,1
7.982895290227237,45.19055613638485,7,54.07847345146932,1
8.271615952981172,43.41687692190689,8,56.78660806935379,1
7.9098815594290395,62.45953387677123,0,75.79784944057681,1
2.0256929840731703,67.82930312605978,3,43.59576181828535,0
6.795171613609883,76.5472373327978,5,37.1909614101144,1
8.508923161744587,40.38937128321983,6,46.98119249476456,1
6.1961806109770095,99.38337342797838,4,38.68227019467009,1
6.8176663770528005,61.836333004242576,6,54.638897027312844,1
5.1252713148367555,90.88567982806728,10,95.62960488415983,1
5.758365878956473,72.09800233992426,9,38.42096332176175,1
1.309391725165527,47.82636727200079,7,87.28255005263466,0
6.750667197759562,87.8539331520713,9,67.42536220067069,1
1.7330249160204327,82.58962449519257,5,74.3032153550558,1
4.91513134906201,71.64616509575367,10,41.90576576126574,0
3.6338958790066704,70.8731854800268,3,40.59613180303261,0
5.908851551905418,45.24877634505568,0,41.39205737682674,0
2.2007470197088637,79.35093691443245,10,76.69440134742234,1
7.224790617759863,94.67470934525798,4,82.34517867192103,1
8.155103832356232,45.5946951532815,9,94.41714611496633,1
2.4701900476884084,55.81068703893429,9,57.873464686699485,0
1.9388177861669393,94.13847840652593,9,62.337856887009806,1
2.3096393450862323,57.0606345891876,3,62.87165111970687,1
8.894148057086515,79.23662033079557,4,48.8928531950597,1
5.753703355807206,72.08908989658865,3,52.97628582507976,1
5.2053489640675235,75.77965630023172,8,89.27741652537293,1
1.9604063719211884,64.94733409463518,2,54.06055292101452,0
6.846004060812656,57.999488233222664,2,90.83672713464397,1
8.811996327055809,42.912007043780136,9,51.36873980381372,0
8.453672823911077,84.65685635764984,6,53.79182137798552,1
6.634492380827211,84.7656077316536,1,69.21966102452379,1
1.6775084498650625,80.2435444047234,8,37.21887930002581,0
2.011573244584117,78.61802728717723,7,94.54435870163464,1
1.443780883988422,54.62302793005158,5,87.42798870469635,1
3.3173129484322237,41.34069602597747,8,76.93526792553041,1
2.2209532044433997,88.52292381312638,10,99.16875095886888,1
3.3404323622719048,69.4683121417496,2,31.119955294283145,0
4.465522501470655,58.4102878421571,3,58.7742221502626,0
9.48684505664022,46.11591440683421,6,90.0840140832172,1
6.493384538035229,43.763295454083305,0,60.311209584179394,0
8.514764071146661,60.93200330771064,0,30.366893576648945,0
7.39316350641099,88.28422388601643,0,41.04278809171678,1
2.0125281747396855,95.12342496002984,7,60.38506886707267,1
7.62328365736554,93.80508187678387,5,76.75635026669065,1
3.4758899340321197,95.2000500849793,2,41.38579878693758,1
6.751970622952357,94.46352058776057,9,61.36301422088589,1
4.068657762786897,71.63348509602375,6,30.895197641488096,0
9.979050369381932,53.164938313414225,5,63.42503655640081,1
3.3719633154710005,87.88279497020923,4,92.7147133367423,1
3.512174236968427,52.822778491154736,2,71.7737622066513,0
9.376050300061586,56.032436605394146,3,60.84589418590184,0
1.221799641726904,53.9952593093529,10,41.358153498602704,0
7.270200890858772,70.89894422174835,10,44.16929944615582,1
7.527937516622903,59.30965049014479,0,35.35569650490554,0
8.527407196693595,49.24936297752049,8,81.968773049242,1
9.769953795746279,67.19040471363294,4,35.399469430236515,1
9.780417272409872,92.43443432711001,1,56.876418011394115,1
1.587490818098175,74.23317129699834,10,82.48912854589284,1
8.396553904776123,92.70013635325523,8,79.89758895894465,1
6.816789402916432,51.752331104748244,6,70.42725166096925,1
6.826079209357821,50.01843242035324,7,69.99154138882477,1
2.155149339532253,74.53462754190522,2,36.32296562043343,0
6.85168449801088,67.79973409277639,6,42.2440690228143,1
9.84234322541123,79.61035849881742,10,67.43211199750476,1
9.206367125855023,87.6776074616069,0,54.36562297789058,1
4.952175947243655,85.07843773913058,5,31.325597076533732,1
1.359531759574849,96.53567041951366,9,85.87167130154145,1
4.260641410001844,63.8953845494207,5,75.76692869752478,1
8.437512804404996,52.383204534890844,10,52.804982666836764,1
7.313491913186494,73.05475839687315,9,36.87436381046618,1
5.134092900345608,46.64458721147113,5,71.38405324494244,0
1.4959138164294798,57.33106739989789,2,54.39846979966516,0
4.842052550409724,52.47328331578867,5,47.87725359056998,0
5.221224457460951,63.793823007824855,2,80.50284771113112,0
9.356999796047223,46.67299450013292,9,52.970504273460506,1
6.769774932239435,41.91050467288587,8,39.5233944117839,0
3.80487624989184,79.4076402778019,6,63.71576234807154,1
5.727864380056492,76.61493869738828,3,87.99260517746549,1
1.5944977703994407,82.50153616231967,2,89.47611489397391,0
9.75311412084763,79.62318641628065,5,89.4540215360244,1
4.240539117376534,46.857680868543014,8,59.46438875810372,0
5.3008061942182225,57.46473288253878,2,85.36539478676043,0
4.197555768132304,47.77159659402114,7,89.5161537575822,0
7.142605571045801,90.57834412291379,5,62.167674713485255,1
6.960089424966338,84.8142193213314,3,52.31175722442656,0
7.43790079476222,52.09162017509455,4,79.13751827674156,0
3.4132890665072875,60.478554429393604,2,93.31284906491965,1
3.841016330476594,97.99689953585286,1,98.05067395871586,1
2.1272610798658715,75.64956147277908,8,50.31573639740088,1
6.899589746615013,88.06933583806943,2,96.9319739292202,1
1.358174146020873,55.87546208612375,5,64.94975726952453,0
6.379141019711131,52.60317521075831,4,51.42242930106863,1
8.827262963664705,87.0350157307929,9,99.18786771564703,1
9.0174893346067,81.15234731388641,10,91.44655825866907,1
5.041339843329655,80.85867575270582,7,78.46916124927034,1
5.133733193917664,73.15807490975163,4,92.64595610851478,0
1.6927226470721561,73.81470056659293,10,77.70415108934418,1
7.036885228987321,84.14185031837522,7,60.82826589094664,1
8.39133478335561,56.20014886727172,10,96.36346899378036,1
3.2018954914424174,61.166107951417345,4,97.42733744012651,1
4.791707934700282,92.2982062312033,10,51.99225681028169,1
8.549554030887432,58.53191206072947,9,54.807673419433144,1
8.894084208960592,72.77857428275794,5,56.79043085357832,1
3.1886198223780333,82.15836784040104,4,87.5502166202069,1
5.955135710872278,99.99548960999059,1,85.38019555901717,1
2.7324383557224436,66.11747988971992,9,98.81805733292896,1
1.916908877256009,65.68557259749663,9,62.56495739226521,1
9.200084512527617,90.55530276602005,5,81.57369658473165,1
8.384567538088984,88.33018667559179,6,89.97043288918323,1
7.840314116228565,83.86455290407291,2,45.48613066937837,1
1.4388968693182638,67.79377824454173,2,73.43887992581426,0
8.593559134392317,59.436347209642946,6,68.33953734780391,1
4.942396683148454,76.52382895509092,10,81.997890350028,1
4.081556109662737,92.57339758789846,9,78.67995878323686,1
5.9182872492283884,93.0266474925152,3,86.89548275961462,1
1.8221791845120023,46.509900704226304,1,51.780163324602476,0
7.80981894417159,65.70101702878904,8,45.144947417151585,1
6.241915691994663,67.88331737192496,8,86.36391116351976,1
2.6793108718585077,98.6569220514252,5,55.2394401719061,0
2.6940897979214102,80.67988091455507,1,50.130149054860496,0
2.658237864154068,64.43478503572423,2,53.577296786880865,0
1.5130214879674058,41.56347315913558,4,34.64477937357192,0
6.290186044345163,73.92310960595177,10,84.12010423100872,1
8.563133598296574,45.764558538301365,10,80.0611760978056,1
1.1574839258864973,90.06699744086578,4,68.6884717680118,0
1.441041804741462,85.15111963422173,8,80.12594859350466,0
6.154932490182512,67.63054959449073,9,56.119321672380664,1
8.375461168474471,65.75264677250198,2,50.67583532772657,1
3.9406500151177024,93.84033793412613,1,90.36106925437021,1
4.1465295892695,57.3075010250877,9,59.57181992024444,0
6.367118477470983,54.941197726406244,7,43.71385202492831,1
3.467916002117323,96.35184596954572,6,82.4330740928639,1
1.2394752946991572,88.55475020520896,8,53.511029800033484,0
7.617056662914365,89.23753558403168,2,44.829591062980896,1
6.630849216473078,51.711628856555535,5,31.90499944011244,1
6.226803991500932,48.597759485856066,4,97.94212307970204,1
7.675157160926408,41.56177298902809,4,62.7102568763437,0
7.0770775380583375,54.2224905351208,9,41.32305111195578,1
2.8529378936048904,86.45142950285948,7,83.04678116855106,1
4.17232942249016,54.40230512584898,0,92.13557896324076,1
2.134991275107625,83.74619701569257,0,66.95775948192028,0
2.168713120760929,55.11449592204529,2,31.98516211491795,0
7.085761717208853,63.7175498770403,10,55.560007298087186,1
8.727400962842484,98.98973739468451,1,47.01711449422322,1
9.664593254750251,54.688703877048134,1,74.54782288991751,1
6.655124057945,62.58223763789606,1,66.3200461226192,1
2.6569119102486125,58.06523082791282,3,54.901579061286924,0
1.9508531090403762,46.577499179800135,0,75.39535966500762,0
8.31565874383082,69.39364852784949,9,70.91004974688809,1
6.208808287239993,62.72143979998013,8,93.45430871221834,1
6.564565189123479,81.6932251484368,4,71.7762066596058,1
8.033158798792384,89.05567281709277,4,65.53983192981423,1
7.329495049592064,72.65498286973832,8,87.65690589078436,1
8.51012427570487,41.93178532524021,4,44.16937684824503,0
1.5059251491389063,77.1353413740833,10,47.04952324873436,1
7.727685730718544,43.32344380125635,7,84.85011945755934,1
8.657674815898858,76.98137941594149,10,60.96451589226369,1
3.575215382124829,81.1017969561513,0,58.646510346474926,0
6.764025465939276,51.8660576570511,0,92.09545681344635,0
3.827458574532749,89.16076892330626,3,72.70763240051477,0
9.621739598342087,94.66510789444291,7,86.20363982798727,1
1.300812151919534,88.78521784682917,2,86.68872094267805,0
6.218135594496595,58.30655141272493,0,38.401866081823805,0
2.498531923445636,75.19858074673806,10,75.75916775287925,1
7.4099818465944285,94.88890895147367,8,96.67614370942569,1
2.583012550767959,59.239883573370996,8,63.6018962739654,1
3.1184493570852183,89.2016693359255,8,81.25276978656346,1
5.449337299411823,40.56850787570179,8,69.6713029961159,0
9.233514549971902,40.218802167080575,1,44.339218196868,1
2.9054293493317376,85.58269962033805,10,43.66355520032362,1
2.298160190062932,85.68685492762727,10,60.36832156301807,1
7.830791486686276,87.33863127113763,10,63.809340166659666,1
5.505575791005379,95.80161027328974,3,65.21927098525299,1
9.206066011435942,47.07437870921705,1,96.85005302517868,1
2.3195310144385806,53.9190990990213,6,37.017818089623354,0
6.813351037207354,94.22349522242845,10,56.636871400848,1
3.0959123153663355,50.634171866341205,2,66.01832045847141,0
2.4108438578647537,80.93375605459504,8,97.41789175806315,1
7.150864736415435,71.82778000244892,6,65.30203719049268,1
6.343161579178599,44.99162061109043,7,84.26930040846258,1
7.793447125260981,57.11581971649197,8,82.44946756295533,1
3.785163188015641,71.22233298645807,7,69.65108345999305,1
5.03174490743971,91.14100700103005,6,39.14921713901883,1
4.6492450869737665,82.45230937688042,8,45.31310969707822,1
9.856805175698629,77.31298968729598,10,46.80981810350509,1
3.630240610654491,69.76197339648489,0,32.70617533585937,0
3.653355145120902,57.92103902884806,10,56.54526069004535,1
4.190933879457466,47.15469467915567,3,72.73596056633644,1
6.081346731612894,64.54456207396574,3,40.09864091172854,1
3.270904698373707,41.711109634677555,4,42.25252068590639,0
9.237609463413465,52.66335335601104,7,79.4890429881849,1
3.3911700837963714,65.94900255235959,9,41.84773721687946,0
9.062341584041752,65.1163111403149,0,39.47349043332696,1
1.9312755728192619,42.65772585981954,5,98.44893205194995,0
6.909064321596871,75.34360921151747,8,31.031469652046955,1
9.162869665944193,72.98105535119417,9,52.77857185480539,1
2.518744945584066,44.68625824125477,7,32.445566297344946,1
9.714942640893295,96.58978314762635,1,88.66337355162099,1
5.075950243739605,45.96296673705161,6,70.84749999872997,1
9.51143597596922,91.29004907424016,4,33.35662970256759,1
7.091380392670423,40.018583914900354,1,73.07535078190402,1
3.7142818288619637,92.93686570272298,10,38.61674748433008,1
2.6947227242539578,41.18318393225876,0,64.7012825405439,0
3.7336154160258945,85.46872191352696,1,76.85890401797585,0
1.837156683364075,61.701448678015176,10,40.395492298382166,0
2.294811697089968,84.29300800817919,9,64.79352854221784,1
1.9419439631183302,64.10471232549871,5,62.018765035393145,0
4.8064918936740195,44.254475339910506,10,94.10253338462952,0
8.160205386318278,86.05040172372185,7,99.69909762027137,1
2.2724519879470617,44.2751611192819,2,75.81321126422151,0
2.172883898551023,95.32722615767307,4,89.84014089342988,1
6.790860545655977,43.05844214749968,10,75.28173702058535,1
2.7746468377125963,68.75951666629092,1,91.34003788016908,0
1.8784903429809243,83.38206585104774,7,60.32904363288084,0
2.5016372038501986,63.594787887522266,3,72.55929004835451,0
9.313582562890986,53.03400847554608,10,89.16186662074128,0
8.393241274985717,85.54545768376163,9,94.26600041546422,1
4.186581061195847,87.05768228732359,5,31.72779133220283,1
6.9023869059465355,95.36169903726204,2,37.27668846012812,1
5.835481063012343,62.56990662586466,10,95.18204429366888,1
7.094118371343075,70.37510406983961,7,69.7956138814172,1
7.1440403721648345,61.78770657076432,7,99.3134465753704,1
6.658606135539936,55.42490931108209,2,85.4843129901821,1
3.3949123168357773,85.0619776922565,8,87.2698128620201,1
1.351057786865363,60.379110701017325,9,57.0285755355705,1
5.10010103791098,65.68896651954113,4,48.02789714844993,0
9.018764962216334,64.22041945744166,9,71.87814217873162,1
6.125475326667183,82.75967353880475,8,91.53224690444993,1
8.491519375317171,95.06773756664079,6,80.79889560958198,1
9.924619086651052,80.00536367844263,9,63.05225981217615,1
2.4725458372444864,68.29495576565395,2,82.72403332287269,1
7.225998752277841,86.75230688433301,5,78.32783362453164,1
7.068642163300222,78.45827944732825,9,93.91359974334505,1
9.819599026224505,43.63662142706881,1,48.44900561920524,0
9.870406605575203,45.739815185130496,5,38.35180214799068,1
7.1801075055171655,42.275016644418,4,62.903581408058464,0
3.1925331278397486,67.4089795723792,2,55.275656760350586,0
8.187002543175392,89.55120606033789,6,98.24028029468849,1
1.963262207899343,58.784990161081126,10,30.525293136637753,0
8.026293737544659,63.0496109855489,3,95.33681433858573,1
9.191765117302268,94.56862650207344,10,96.85554557499748,1
4.4455005529159175,90.21420671899929,5,33.56708637379192,1
6.675717654847724,79.9028867429536,8,92.26988958019669,1
4.871284588871436,56.00822692553508,5,62.954518774201,0
4.939885494893156,47.02248896130661,3,83.63055155177065,1
3.7933380019730807,40.963529360806824,9,35.54788717944632,0
7.859166584052922,46.42064035626525,1,96.86439158826563,1
9.425589077498547,57.55578661743657,8,72.5283932537845,1
9.46675773311015,73.10740381476974,3,92.90860123236806,1
2.5730315638744043,43.840004965143216,3,77.1074165946963,0
8.872692846909095,48.17366669910694,1,67.57672058394857,1
7.6368829728440994,50.86484213847646,4,42.07469790285029,1
3.2755366062126035,77.91892557899837,5,42.45678911461603,1
1.605561516293631,76.94738793880747,9,63.079920436712044,1
3.4119754019594017,73.04594358232917,5,90.9309550948964,1
9.20987413103373,55.03008548175637,2,38.065307451729936,1
6.6986080740619505,62.26718147312392,8,99.88696047380206,1
7.489491948080847,45.801382980264584,6,91.31385795510496,1
3.314371159981863,53.587636225483294,2,57.47911394652574,1
7.474493400173382,93.86231358835482,3,47.71828315304356,0
1.2530935565013137,98.78150478614971,6,94.5397266615958,1
4.377892111957124,78.85957513841768,10,38.6248133465645,1
6.640780136880981,95.00939752140522,7,54.31029547934152,1
2.3148690898718822,78.5645140240855,5,35.873864394579556,0
8.407032170022411,41.99178916632819,3,96.74235958118473,1
3.1152816893072677,99.80575509918454,1,73.23360640727711,0
6.8705300153660165,45.93713810119209,9,53.53257512714072,0
4.646774283177967,80.95850808670365,7,49.28382157592759,1
6.364392359298825,55.1701721844874,0,61.08660054801173,0
1.967054973660173,63.51886677441761,8,36.39649339050896,0
1.1522151992944658,78.7560510880563,7,92.25442511624576,1
9.186079846422711,66.18924095846242,2,65.76582638655088,1
3.426670078904645,55.032763535867694,9,80.75686872783129,1
8.37709302502413,60.06677121269948,3,46.36220891861025,1
9.994152704249801,60.49288701539058,9,65.26244826136815,1
2.9028813219902005,97.55943427049283,3,44.77602954288691,0
3.3865366706502003,87.91678095540706,1,87.1266230234418,1
6.9657380887119915,67.512926288764,10,84.26925068887275,1
9.689037711405591,51.98925522048185,9,40.37416269374796,1
9.242329133716694,88.66096661575935,4,35.215483051524636,1
5.525879680590264,49.43094829650241,2,87.69377155883038,1
8.155992542740522,52.627733028520204,10,37.67535333174847,1
2.2217126778991094,61.960803510409065,0,68.39387864797348,0
9.79694365783611,92.8208917511194,1,67.41411085519849,1
9.679179106323879,47.90720011804662,10,44.20608476925092,1
2.4735606209125387,47.334051571271566,6,71.3949526119348,0
3.6948081232279595,69.63849929831596,0,65.19286452252223,1
1.9013949775609023,56.58463246562048,1,65.64324556611973,0
3.4454583900836173,74.1236764988896,9,55.17899834972684,1
8.34360210473686,67.0982010809934,6,88.6899989847617,1
4.404840464487336,66.09754638107302,0,35.905939400777456,0
1.7955727043208254,46.718378229219596,6,60.70361334940685,0
4.080029723010141,48.46298141499041,7,48.187145071516376,0
9.83245000817152,89.264714646811,10,89.3903276373527,1
6.667152357332826,93.15296425430466,1,45.75563388367875,1
4.7454485176554195,54.08101197311501,3,83.69173764960601,0
2.49884662147543,46.807630091486146,6,72.80607256745418,1
9.875591175553254,43.20500031607064,0,91.23531787660207,1
8.387641083368159,76.4978568245138,5,71.56557600447539,1
3.5332957220582744,82.92119275001232,4,68.95390564824598,1
1.6306182614907052,62.368599352192334,10,86.07909577070592,1
1.5096300163980223,80.78055204943837,5,69.37405265487612,0
2.0834033455498044,82.77752893357157,7,89.11794412860266,0
6.226917252529795,96.12053688381431,10,33.45226208663823,1
9.358870790849432,43.89241827010643,10,64.66048975623669,0
5.470690852053861,51.53750339386479,0,86.888405936442,1
8.586509342105774,44.11155925581929,2,89.38556028408743,1
5.01297957873827,92.07963600016663,10,88.3838764186557,1
7.377251911910427,87.55522960201412,8,72.30669237280947,1
7.586854635578508,74.47852423731034,7,99.57799394980711,1
2.5656733531300477,45.01980460307099,3,42.697041546397685,0
4.250944530782306,56.39874151922318,10,42.21203055712743,1
6.735719408842215,57.86319088351102,9,32.29758721671558,1
1.6362694736592958,73.64459176092502,8,99.25360233789358,1
4.253861689866609,55.48263364220293,6,54.36143552889696,0
5.8131951965307325,44.37759183477729,1,83.3437925677139,0
9.966020437401749,83.84573811119796,0,34.17972189428356,1
5.270802063601966,57.94481269932468,0,50.90816744309696,0
8.344510814028911,67.14245062139804,2,73.66931389764312,1
4.88860556559956,47.65999809893832,9,66.73460672694856,1
8.16751650357738,88.15289820367477,1,44.54237677871201,1
6.358733214580976,73.93191261544345,3,62.31150389545245,1
8.979358973521585,94.09513757259177,7,37.61473943102922,1
4.698482971150989,69.72829378392001,4,67.98924305746527,1
6.43873977839331,96.48554030907277,4,36.78590101385491,1
6.670168125569447,93.51209226287955,5,74.5154820291659,1
4.7564464762042595,74.58759138755403,4,40.87503046561483,1
2.2988083931873335,96.0336062889918,4,68.2960124587571,0
1.84203466221102,59.38532483767314,6,39.038447587625356,0
1.150043955396698,61.938529762252685,5,58.04973035700736,0
8.86180837820693,42.72867707836222,9,54.628208135052134,1
3.128274210148251,75.35205440583118,10,82.94874898831134,1
2.9035607435359125,83.315438195736,1,74.8813151229983,0
7.62431860383459,86.41115141452619,0,95.59621742820933,1
3.8801450177865258,48.9889771627662,0,94.5337456366305,1
5.554402231706529,66.64954433875002,3,80.7497219992954,1
2.4625995876771065,50.61179272563494,1,83.94100184128543,0
9.637711493157724,79.72764093125494,5,73.74386916039592,1
8.664232600155136,49.47678234530609,8,78.41642615213036,1
8.774106606685029,94.2498210373645,9,73.20556580434,1
4.660963737148046,53.8380787396848,10,51.823552191097384,0
7.8612509233645556,57.48413597729469,9,54.54827077766264,1
2.2948853985080215,91.05437932905998,7,70.23136795787354,1
1.0775710233260225,67.50805660874343,3,80.41238491763713,0
1.1797563932022532,41.439756748004385,1,58.42833321760433,0
6.279415636641044,69.67517507215874,0,39.98674605787282,1
5.098554147231467,45.07260012280738,6,62.159201784682466,1
5.662138140176678,99.12068312123864,9,97.4231474374539,1
1.0671682637549746,75.28669422733614,2,44.98608075421619,0
4.804179576916831,55.39195705665871,5,75.43483608725558,0
7.462613450807748,73.82306077285706,4,98.77792587145647,0
4.984243317706923,44.61202620290529,4,56.336640362244076,0
7.58997285681,87.99347825612902,1,92.15185261891219,1
3.097170679571513,95.51968323184983,8,90.48061020232149,1
8.318278040335528,92.46666329236957,10,53.733147131764255,1
6.295881164081071,60.50545613791377,3,36.89621275810418,1
2.896867894869156,59.54608717860211,9,42.49774081967495,0
3.1304842826844963,42.105256672978,0,55.60244246710188,0
6.652274181125834,79.084021522055,1,97.1394016261691,1
8.46945633891199,72.0942870513877,8,49.211510153366795,1
4.740650038262396,67.56078227964048,6,94.8805322149016,0
3.32470386214833,94.45785720008243,9,42.69552799319801,1
8.803104462195403,50.072734064970774,1,97.88686979838411,1
7.023414625757514,40.57997600141094,6,50.5523174778598,1
5.032769385547689,44.398987127245924,3,74.31645844088439,1
5.391101757513717,53.40228626964213,9,34.87838571293731,1
2.8383082114275675,41.997132955807416,1,50.97649198311204,1
6.641223670583596,70.17062263858813,3,44.74972844648687,0
4.228682594885997,58.845427314014685,4,30.239166807872458,0
9.960806590069144,50.828980484087964,3,40.973885140212694,0
5.32165163735699,85.00504449691974,2,71.51725548860335,1
5.372970455706518,52.267079573951804,5,57.29441212432612,0
6.092666086696047,81.2563060596276,0,80.57996869600045,1
9.250804028068721,60.95589435085834,7,76.97522202149051,1
8.207362898737752,70.70966563975327,4,85.95096563055431,1
5.060170628180573,96.03202239107918,7,90.69175161228404,1
7.468293393755164,42.24109808894877,9,87.38778521865632,1
6.276119489026855,70.01587044864772,3,61.36425878028693,0
5.43130343831124,91.2653776196571,3,51.61094112558554,1
2.7308419550591547,75.27845490222091,4,65.16117240779302,1
5.1754263710940185,56.612231017909394,4,67.45899546466293,1
3.2123672832031716,63.860868108702064,10,51.92221618593223,1
9.233579348664891,80.81593772371447,5,67.80045815978377,1
4.018661321467123,93.44871365882818,4,37.40457565152421,0
9.570376130800351,42.4639824247967,4,46.17292565107016,1
5.797497610852401,44.292329313422584,7,82.22336608233888,0
6.683899408085443,59.50309141657525,5,42.7982559826618,1
5.88646400040395,53.96678106624874,1,39.73264937703801,0
2.1644255527003082,55.89585317334436,3,50.11402339245345,0
4.382390971071469,53.27619991755286,3,55.97343817328772,1
1.8923150104986153,51.749502931309465,4,52.99840791137508,0
6.606586397650435,47.837438012157506,5,56.22237694050833,1
5.0218677568039505,96.03724790771429,10,39.793864002832585,1
8.00186474413843,48.65136783436918,4,41.577661058200086,0
2.9842343289943285,52.26422648593217,10,46.508448571830215,0
2.4810945258640142,54.77594343884714,5,58.139441221731865,0
4.6569900786739105,95.98089238782524,7,53.51293711329056,1
9.33926844896543,85.34284801606509,3,85.39344519986267,1
7.3937963351117055,87.38196581893088,10,66.78625392841532,1
4.7703126231362685,46.285495572309884,2,70.29907189322948,1
5.655449527788795,90.1785925009403,8,69.24150540827301,1
1.7579171005938852,64.49158490904509,2,57.91425409936076,0
9.861183067385017,55.76938157274333,10,98.63383091505035,1
6.99766574225427,74.54500501121863,7,32.6130144001846,1
3.568636616170802,89.33097434900404,9,45.10864446768443,1
6.272275547937199,86.71912906449455,4,49.92582890585513,1
1.9853412946209459,93.39984895486793,8,91.69086466700568,1
9.692530019268252,95.68793116092664,2,94.32083950629084,1
2.5730648909502936,54.28732428566497,9,89.22726738700774,1
6.832272862496928,65.4314736501563,9,59.18656867515824,1
3.209090162850374,40.8777123523042,7,94.02367228181238,1
7.458052443836822,92.7592995559036,6,36.89556673553257,1
7.991392305162529,49.274329088486056,6,75.67042901976134,1
7.060777560202894,91.68848874056167,10,95.60566443070672,1
6.530495142296733,59.76323931919578,9,82.8429888050471,1
9.032221845568106,62.08801539886829,8,49.45070180215654,1
1.7076403989078224,42.34793526903156,7,80.2254072437589,0
3.9782328920217567,59.61272738591917,2,50.63343586938646,0
3.234587316677614,93.30182096807584,5,37.81074799470504,0
9.892125658588794,41.532844067296246,10,80.20550736836313,1
4.504508017001862,64.37964838280352,5,42.545865059976265,1
7.593514293163588,41.88397778876447,4,37.774545717098405,1
7.162526474929042,62.255405506543894,2,68.62320382539403,1
2.9087311372963995,50.35843844681747,8,73.4437681251597,1
3.150979121903962,55.13310359610232,6,33.57393991194978,0
3.5315610719773067,92.65590238968514,3,30.312822159939568,0
4.700145504334413,66.16295323731346,5,91.74492312752062,0
3.1089255908547413,56.42787948411473,4,38.067679267413006,1
1.1768633447216303,75.36030267703288,0,70.87286369597587,0
8.91453751126476,48.526417589954946,1,96.74823731946239,1
9.690488482427957,55.56349644525135,0,65.8337081137294,1
4.074133483284111,72.77487805617332,8,39.78586064243972,0
4.0465619148292555,54.25138251088413,8,57.54391522554805,0
1.0638263149693388,80.7476642440524,4,73.6829503491138,1
7.1222561949733665,69.48947813557135,7,83.39877459484438,1
8.428959061737658,86.31934421528146,9,72.48565961993714,1
2.3194747032400285,96.89467214334812,3,32.40210141511885,0
2.4369971443043568,46.94829336084447,0,40.017200568546016,0
8.11074924974294,60.07990059907269,3,56.02611821564955,0
6.5466167351873015,59.17294377270439,6,79.39995797281851,1
1.4037450186494531,49.07097516023526,10,70.90295824630432,0
6.602922914160535,88.61818824000825,1,33.12864885179357,1
3.780259505593895,85.5927222423274,1,85.78201353227217,1
4.318526399237614,69.06552825006395,5,72.3587101949035,1
7.9275827646719215,72.26624666767657,8,92.1005024850645,1
8.298416734053497,43.57264828014978,2,59.235716913555486,1
4.603209641558475,73.33044113962274,6,64.31412465862832,1
9.524376424057193,87.48049144117819,9,58.38855387447871,1
4.65816446156865,74.42965441503142,8,80.57181706563124,0
7.946524317070989,55.918382207225136,10,82.6491599103097,1
5.3548953810783315,80.05289634006024,8,80.62696758335365,1
9.077790938698756,61.689305797914855,10,50.41195098980363,1
9.169851192851608,72.69239705714412,3,74.52220759302071,1
1.7867512708397548,69.25392179673548,1,53.696971630069086,0
9.428439981792032,62.8705000579108,0,88.39402883050687,1
8.429813573683742,83.1326788236481,5,33.85813136038907,1
8.121796428814001,93.03256671915291,4,32.64045268847098,1
2.808202057169702,40.312751108615494,5,37.11958971798152,0
8.246072878791985,96.01699115382203,6,44.16542361242328,1
8.65119461216533,70.6909081649935,8,32.63447513594538,0
3.6023530100873584,82.04391282179591,9,35.01316824479429,1
9.570340705260914,91.33747397055262,9,51.423954491425306,1
1.4487413175924782,68.02622153885619,10,36.9853477249679,0
2.349183279224257,90.09844440189342,5,86.14516436723537,0
5.838230242463629,50.65718916731213,5,33.77071722724415,0
6.182132240100787,49.55005206878887,2,93.55506128198053,1
6.80635074970813,79.44828213136921,7,90.95876807586819,1
1.152722163839198,92.20858033310424,8,44.5869056116448,0
9.643300971599173,93.54557065216235,0,35.006893693844496,1
1.401292834607296,78.6244275026348,5,37.38745316090062,0
2.2875575745106214,71.52935381255905,6,69.13617656650052,1
1.126130657734513,59.88358526179097,10,72.06410179894148,1
6.101725899646852,98.80002493595988,7,52.09079502530618,1
9.39040195528875,59.18174119997503,9,50.77835678077605,1
6.993524494724178,84.65116643389558,10,67.20508879404696,1
8.403917216323846,71.91890799430004,7,51.39396308470326,1
1.1195308311272207,76.5107405515208,6,95.40236462120319,0
5.878137686317535,63.60883303531757,7,56.784224523216274,1
5.136066797549697,97.88938752833486,10,45.38696241421709,1
5.490711497987137,74.30093956595627,8,40.217539257588555,0
1.6499186680166915,96.2672578275274,9,74.2195735374928,1
7.159918249623767,40.455484970434846,6,52.866313117523106,1
5.52898373372771,74.36023499146725,2,43.21563828093423,0
7.886339648751376,83.03121338351629,8,49.30708672444953,1
5.367615706555438,84.70481026973309,0,51.55171011423171,0
2.3444347260378886,94.29861290690087,7,73.80834296723211,1
6.834312586700398,40.26409654022718,5,42.22770501785213,1
2.551477258946496,40.019809555568585,10,81.29626355810058,0
8.851551070193334,68.33580764771293,2,51.341758765552406,1
6.518046151623174,41.75762230032224,8,64.18167134422461,1
2.4148349520125882,98.47195321974247,5,75.8387306906971,1
9.661042517330861,53.32391047248352,6,68.05340750363388,1
5.665289170017886,68.35988376189069,10,76.35634793684807,1
1.6560860668448951,43.668257800733414,1,52.58168526845088,0
6.641496139735605,71.32290497027552,0,97.44149434855002,0
3.278790163115292,62.79736750884451,0,62.12928051262541,0
8.233241066895722,42.67960173263342,2,52.53535268588692,1
8.360398662095715,60.107456001773485,10,50.74757728663243,1
9.810526202691957,63.48616121337133,2,32.98864787596538,1
5.516825779220533,99.3952894764964,7,77.93641083156905,1
5.094611917549634,52.47315231516253,6,48.37606940007794,0
7.781280449018325,72.68677692220598,9,97.12511444258037,1
2.192235907077339,99.23893295191772,7,44.73113217637542,0
5.922239624138117,87.5211524764081,0,67.06438355797594,1
5.9162284011776585,99.60205005292534,3,81.4829489884097,1
1.8052581052934848,98.09789887961016,7,90.90807063747052,1
4.761856769562222,69.37237252564925,9,40.95226249755585,1
8.679563187104819,81.78255099223395,1,98.97810783479233,1
8.705382597951942,46.62658761646907,6,93.47242897223774,1
1.8931389842771291,66.46892950280811,7,97.39948363592725,0
1.8164879447304778,88.54111253600185,8,89.68695316791477,1
3.3642592930174176,70.32011925862861,6,91.43684596234952,0
8.872894562985941,82.1619419690339,8,71.9180241139214,1
2.1601232656614906,84.74507979905661,1,89.17170441821676,0
7.479971223647016,55.20814847457363,10,67.3809350504308,1
1.910490576517929,92.54196237655393,0,67.67520194292155,1
6.608240683730428,67.58934585455074,0,69.38060643306949,1
4.204605692072303,52.61110621729262,10,99.74225474321375,1
8.100225666692804,91.92495290730662,3,37.3076388096336,1
3.1032140394282726,65.06912836637522,0,86.39269849470739,0
6.752816464509639,85.01874630278319,6,49.13187661855173,1
3.1211428111829647,72.88198433329558,7,55.28589578184196,1
7.4229425480093845,62.912305134070024,2,35.63732801142196,1
8.863102311046738,88.59258490231416,0,54.61016469688487,1
2.14121619214084,75.06819589867678,2,99.35338879956959,1
8.79936119735953,63.433726145621904,1,57.794848327962484,1
6.3421772897286814,46.57587222010762,5,76.87815439805726,1
2.1439944178032158,93.72671882600247,10,38.44992317130765,1
4.847876698237409,42.128175120499996,6,94.5748046824074,1
2.447742641365881,91.79124090208337,8,87.94217659627591,1
7.303130999799126,61.59769149298933,4,57.04060129378626,1
7.8298132097615465,78.36032581008435,3,54.39243328709359,1
1.9521686824551905,95.33198343014112,0,60.25869024594579,1
5.5552586742517995,49.10239693023391,10,58.08807279981491,0
8.331625504233255,74.01702853832862,5,48.06355633235239,1
9.425467373958968,85.86597174221151,10,99.3592391916209,1
5.62166080067593,85.45502996314345,7,86.73825189933171,1
9.552513012502663,71.53791487597024,3,48.75462816552851,1
5.821200734104268,77.48436759438749,0,98.72073607188501,1
4.547714451399171,85.45161964797067,4,31.087109663281552,0
8.633828156976058,90.4616582654447,9,60.65283457105921,1
5.436844394122802,85.70878581255182,4,69.86396379428523,1
5.247122595080707,61.24029659087456,1,32.631063547815124,0
5.412812404688455,99.80358406346399,5,41.2726033492661,1
8.621065016827709,66.07016162315827,9,48.06917575297078,1
8.48747387519247,41.467882165536004,8,80.4158940394405,1
4.631679931961901,61.75701709512772,5,95.78204702056928,1
3.9996987388347254,47.66697727443059,7,73.71745608075521,1
5.427352216352164,47.2865569437025,9,69.38631137072045,1
6.154952587633981,56.892102406413656,2,67.57313839830579,0
3.1450348956519725,43.202529650635654,9,54.549255486770114,0
8.145595762440315,81.31073130457378,1,87.9400042296038,1
5.378344891591806,44.43933305211431,3,67.85372067653813,0
4.0064099357796366,52.19737332615737,8,46.10722255266059,0
1.9613889366759154,45.57398286964716,8,39.578184571485465,0
3.1496064436324622,43.79006385418187,2,98.98587604033084,0
9.543530545803854,56.065099932372505,0,31.22312505154013,0
3.7458971813757396,74.31393805962219,0,95.34080209928635,1
2.519733604303318,97.8811333868105,3,45.281231082621765,1
5.146055124894938,92.53339926097638,3,76.02846728771533,1
3.763789690242238,92.55603552671948,10,51.10727679186919,1
1.3164332524407474,50.564022162259455,9,90.18672883158709,0
3.9083069555147554,55.89443160986921,5,68.0411725527126,1
5.896977615455217,44.58359900771834,4,39.87404291872104,0
5.965411348179702,86.7081003949111,5,48.88845003143703,0
4.209030290591999,44.18897808913372,9,52.422300149883164,0
5.025724806273406,73.40174024925119,6,92.01456550730683,1
9.689661264112898,54.872534339437046,6,83.67168930942134,1
4.396136295072805,54.60673804172468,9,88.0711118827607,1
3.324041319339847,99.44350331485632,9,33.65765314890167,1
3.191203396600841,85.40678841871224,8,70.51475438312846,1
5.119881514337207,90.21636149746301,5,99.94238513602525,1
7.835681338452496,74.31896112064075,7,84.96397473373199,1
2.8538936576962586,92.26085724362495,1,38.44953769729402,0
7.383665144266913,78.72943234998118,7,77.51727171851441,1
1.1903484101447466,96.77042228778072,8,82.17266746266283,1
4.770396801855514,56.880315162738206,3,65.99738491449861,0
7.982785586825082,75.7191727469737,4,35.51272034414094,1
4.048596601969883,81.40788087621353,4,32.428036464444986,0
6.073633913008595,63.5762383016684,1,95.64667880675452,1
2.844813095433197,92.7824789442432,4,48.025977583503305,1
7.677958520135551,98.78818978624926,8,56.5277688912915,1
1.4705119294188367,69.6261694823597,3,85.66942786898534,0
8.672883803879504,63.43843928826034,9,78.24825227022103,1
2.7837674777950134,68.31627571338751,2,97.79959900240345,1
8.869582285374976,91.16420474391589,6,36.49874401478173,1
4.172763171704656,78.72810553109005,7,79.48437018554591,1
7.5041521702703795,42.686342351085706,9,35.75601969443687,1
3.873027680075696,72.53019462674288,5,30.011584755080122,1
9.153205041111828,41.03800736445819,5,38.416115833142314,1
2.1397341296653694,86.71212226020432,4,73.17080937954661,1
2.6066781034533886,59.698736412547824,10,77.33349247042091,1
5.437271126429221,68.32044892703976,5,60.68379106867089,1
1.7374459513433151,87.92068635445793,8,33.2249496816197,0
2.7638216623158574,42.7869290371457,1,74.38415737381435,1
9.49389743990813,49.51249213549663,9,36.00722343105431,1
9.788406950330984,63.87762258670689,10,39.920843223647836,1
4.386333963973797,53.795509812733634,2,65.88029793395788,0
9.30957418912542,60.274085546503784,0,53.826129003239345,0
5.903422081060886,99.8904842735479,3,62.53277490934384,1
3.4276821928639034,89.52486625442864,1,74.45538325390348,1
7.321588489725388,93.03410889760652,5,41.200492531297776,1
6.930116259173714,96.22327801394653,0,92.51607177837055,1
9.9021278719786,60.456152818851734,7,69.1636045252368,1
3.3854255866835494,57.82461746778836,9,31.54652928718999,0
7.048535523955619,54.04374955432449,5,73.99169892137027,0
1.468213795265022,89.80701467848735,8,62.422525224183595,1
2.0228143482704746,80.7731117371111,5,79.11473780330994,0
1.0352653745598395,54.170318948972636,9,84.88235360562814,1
9.995146129537058,62.61962975262729,6,95.71913973729504,1
8.220463274327301,70.4027058359679,4,99.88420559924997,1
8.080507132601866,71.68840343642522,7,68.47318954299988,1
5.587534677593617,93.32366371310289,7,69.30558471898972,1
3.7006037461489596,62.83396797683298,9,31.571167568292438,1
2.3613785601640833,94.51144183003075,8,90.56193314404314,1
3.562072649618173,66.48205361918738,5,32.010259547976474,0
4.383740997362252,84.78236048754123,0,74.28653649007293,0
7.8067908728226465,95.81525919910337,8,36.9003885120961,1
5.856956100128372,94.45454223779598,2,50.00870228745195,1
1.697352638999344,43.41717203774087,8,39.823068717750786,0
1.16226108063021,52.34225769859419,6,39.617600167877875,0
1.9209896158065685,68.61432553193652,2,35.22206876218513,0
4.694488423276415,65.89325739718643,8,52.25173873898525,1
9.398736253441164,78.45349989023242,6,59.655594111695564,1
6.7366223308829944,96.68254304952472,6,62.513123498251105,1
8.216433098879637,46.74428267667693,6,60.779562762697516,1
5.197371350540937,67.11151990805442,1,66.65844240066943,0
4.254994748755385,51.544662273228354,10,90.18508504308586,1
1.9756033544496046,93.64645590387684,3,74.22576309943226,0
8.883397199675844,97.87481114809917,9,31.209996967886898,1
8.048440261251125,68.722100913421,7,42.10665947682231,0
2.513062878379526,46.24061786368844,1,54.4264875504169,0
5.610345074886345,87.11768000336039,3,96.43305962054137,1
5.386373271291204,81.82848102954394,9,35.46555782149475,1
6.625823974178758,61.28024959661863,7,79.70834836831371,1
9.51568204592135,93.24444843813781,2,32.31651922214111,1
6.217942975862317,98.54991338696243,5,55.37760183013761,1
5.861955401007568,73.47123094781173,1,83.91041345996203,1
1.4529063964119755,73.94367468065754,7,54.07505355068468,1
1.5661672841622154,57.85081030682667,7,60.119744199052604,0
2.6861211219411,75.07036215899885,0,93.37131697872005,0
1.2922369452257345,66.37853923149079,2,34.63183639235086,0
7.690176060130112,58.131461615683115,1,66.9363627647071,1
7.509972735945668,44.03111179143408,6,55.63662910138248,1
2.2245061098847865,55.1624715825475,6,97.46681700619217,0
8.524710107157528,51.871278980659866,3,85.55828805927806,1
2.3930743136150077,72.52251907323694,7,38.54537441565771,0
3.7105802829762293,76.10020130581563,2,94.91868297058005,1
3.240792092452285,76.51430345836098,8,44.78493082176381,1
4.35076388715743,63.29086006274075,4,35.93723504743741,0
3.291973893009657,65.27378402112976,1,67.91152958561446,0
5.400558337946069,90.05430577843839,8,81.56420989833954,1
4.666670932192169,68.57396881102974,0,80.12356226473483,1
9.879125417013938,99.26639992822734,10,67.38392482141774,1
1.503337151154031,66.37703380053189,7,64.49162320937918,0
2.2796323874861644,78.97485667707033,5,97.86807281122067,1
1.4754330451774225,43.021779939603746,0,87.43911892386484,0
6.632570754841382,79.20039546512865,3,78.90480267001277,1
1.4905834967234761,91.08558366490037,2,43.664802449174935,1
8.52795763638511,96.54747031199777,6,87.38394837186559,1
5.60744767613735,99.83923669838623,6,82.48465204612202,1
5.743068621233803,56.930718738953985,5,99.44186198443667,1
6.054350569409748,74.52220388954301,9,39.30965755538878,1
2.5373233567558966,67.04307913192883,9,80.07067771636265,1
2.7792127280303878,73.82904883451026,7,98.53582351234678,1
3.8693559058570424,49.4471774313908,6,62.381511907112895,1
6.341467742396663,91.36897435575649,3,81.33873103982089,1
2.891059983461931,94.57413660067525,6,98.27594553818011,1
2.046985544199351,66.97969978677536,0,68.32394257341974,0
9.73105197776589,56.82579169441461,2,78.9329116292171,1
1.1978363332866062,48.45000565918074,1,31.405936700846716,0
8.224276648024194,81.02588948666826,6,66.3765573938511,1
8.092316346175199,58.733910377244115,8,47.906028422935954,1
3.674927024605864,94.57231419480331,4,39.18712496453795,0
2.2206395440658206,80.26074849069221,8,79.60186592769296,1
2.3106578203488106,78.74111951045444,7,32.73626422358393,1
7.276884555134733,73.56412695389446,0,93.34056061039405,1
6.785259319775563,42.74658036572354,10,66.24415619095896,1
8.04471106826248,95.91534614113522,1,75.37610806325651,1
9.437330551591941,77.6762495979676,5,47.74043593883865,1
7.227346269399328,99.64371900298661,4,42.75351130825046,0
2.402663828962991,72.24138428637323,10,47.06275347784097,0
3.190983550888696,82.6066535143728,6,46.26050937030054,1
8.579743577858032,43.37257347197333,8,90.51511398054163,1
2.883754682507877,77.90417060940464,3,85.1137581023714,1
1.6527008525903328,85.87897669542144,7,89.69155738868224,1
7.329520486380254,86.71085769115344,3,81.44104305608786,1
4.6227371994112785,86.20669913381712,2,75.04852530250949,1
9.280360472913133,53.57695763762006,1,66.95122828114678,1
6.8522956398429535,98.52390865631355,7,48.58372784659362,1
1.8137708001249466,99.71092723749632,10,79.3754070408981,1
9.530709105282947,44.535752509696074,7,39.56090836529687,1
3.327015372762213,96.18678536870544,10,65.77430804969845,1
4.034912413656572,57.36695165826216,2,43.66923379539312,0
4.620343723151878,81.35704490505789,0,65.33315134156211,1
1.4610186676388193,60.28665524416793,5,50.57351890120485,0
5.468638800075444,98.06525940238728,4,33.74357686755404,1
2.1098664196776302,46.09023149821213,7,65.25963090047858,0
4.608732940195166,69.86480901738256,5,42.72811460899666,1
4.156388091928759,65.68286751652448,3,41.280852279840715,0
7.95556075083853,59.561407136679094,9,56.905612837438916,1
8.22853460469458,78.73203945280892,9,55.32510104973544,1
2.380715941501792,47.86334460530005,10,90.68705059285878,1
4.298960686413036,82.99974508802181,1,69.52459160255961,1
4.360178449286485,98.83552742828724,7,89.8197199694325,1
2.3626939954247654,88.27352286811781,4,40.27849578994531,0
8.186081545460715,91.60100517457272,7,55.01171890389509,1
7.36505495501881,61.57820459074015,4,68.87307323224849,1
2.7134360766733128,59.49319638887312,5,40.718964858696324,0
4.300497177344191,71.022901281408,9,38.96399464273639,0
1.952245223708628,42.74359688573636,4,76.29811187483838,1
6.6538593738373955,96.72148806739196,10,75.76837795622413,1
2.092347320937577,48.62711038097153,2,46.391106486015715,0
9.87340751762426,94.18078235008554,9,45.89864888072353,1
8.026138672190761,45.01493332002134,7,82.18120455310586,1
4.512146946255956,89.3574956607136,2,38.189148759301666,1
6.2070753905141896,49.11775155269291,3,94.62844476736596,0
9.20207634594768,42.28789684548836,5,96.06169647283573,1
5.986893523562435,83.16936701556452,1,90.96946262184724,1
2.5704863775815965,56.815918010465694,6,44.74741093185914,1
4.408330200230434,82.86976916706098,4,31.1761224841704,0
8.588303785267708,73.30511502836919,9,95.5683589277661,1
6.797917143906561,46.528443413803934,4,54.07802791474579,1
6.856519459004203,95.92780439806982,4,51.72871854918423,1
8.801393371196403,67.13885048580866,1,48.31743061100046,0
9.045757517162542,84.06683666792128,10,47.117532113422286,1
9.278133146014927,70.0612343209375,9,81.41873033091596,1
1.853642739278405,76.26168849767228,8,93.55255399411982,0
5.897134017667908,58.16641554140155,2,85.02394561546572,0
7.664585690964867,52.02161824020702,6,77.18755761708384,1
7.812341606143124,72.55421220448406,4,50.14302939680012,1
6.460445817730035,66.41313837826011,9,68.2874432706106,0
2.5010860166530673,63.40679280603599,9,46.58770208374558,0
8.17678498547498,80.35403170567739,4,37.805497294487026,1
7.481002001634511,81.43039792066816,3,38.42050736803694,1
1.7752219439413266,42.75520336547578,9,72.26383736667162,1
5.174288422069386,60.32466965462033,5,32.69357611437653,1
2.565796595696232,64.70587301358265,6,98.12781470625323,1
4.037293411416747,45.813529669850084,6,99.68265244475673,1
1.1627298298511688,54.1540520018973,10,40.459728387460146,1
4.6029688156968245,43.098507833365396,7,59.911168678864954,1
5.948892290405894,99.77452591702124,4,83.76532129888372,1
6.576243335443781,84.19343217819068,6,96.85467788667725,1
6.971413106158391,45.24700939016522,3,92.39248221097955,0
8.52662181792214,41.214962787405526,8,47.83286287248651,1
2.9391661654815704,83.15726800913681,4,35.96378536667306,0
2.0843364019462114,66.35152994096002,2,50.21105525266752,0
8.663834547081331,87.20780254387455,4,60.60662101697734,1
2.409515334033849,95.40856226910302,8,55.195682204890716,1
9.772840732025758,75.95802334098235,10,84.17083860297748,1
8.582844064587732,51.22650537503518,7,48.04515215288268,1
5.507889453006392,86.93164216278716,0,90.10459810158244,1
9.832792824298227,97.34870459046246,4,45.794409932474885,1
1.876390561972038,74.81387722359736,5,55.29464314561599,0
3.727591850575915,80.91984683684402,9,61.34663474053753,1
6.744019735365503,60.24848170220038,10,50.38526997857965,1
4.150061816258608,62.89166167961867,1,83.64605659092632,0
9.355352967827127,84.07926987118384,5,58.66830479918569,1
1.590634793600358,95.66626590440916,8,92.09180413980978,1
5.944706488548681,77.73930323346113,3,97.45120609748012,1
6.31779640655603,87.39087450912085,2,90.18650067815136,1
6.874553113995017,50.29810104492238,8,66.5837620593544,0
3.30099600998633,52.71754541547841,1,65.68658818296768,0
4.2810978476787795,71.9220812100034,8,45.11108530964306,0
8.593124766984799,50.59325153457043,10,71.45943637314093,0
2.7544849207314384,78.09970421325542,9,96.69080078080712,1
8.441810624560258,57.49919112368194,10,35.64245693529527,1
6.063898806124682,87.49195712001352,10,82.67201900415553,1
7.859687600746739,88.4866207968606,1,90.86776880266964,1
7.422466296371244,67.82724734532118,10,99.06924391469532,1
2.867603458463911,50.84863810225812,9,53.43304010368513,0
6.119314627904856,78.80649766491595,2,54.8901902364494,0
8.809508375245832,99.56722109581519,6,46.08426691600044,1
4.8890461312173645,77.3554538765514,1,85.23445381868723,1
9.69931693200985,42.14648144284047,0,39.80277203136092,1
5.069935900915462,41.03763854602496,8,48.74368729087688,0
2.285070730010962,59.22171822953837,5,50.66836504393318,0
4.504912120699059,51.74702841162429,8,56.24514331065107,1
9.565321657514835,88.78307242859849,2,59.516543252835085,1
3.877487644058688,90.68834002216002,2,69.1317475345892,0
8.812883438803565,55.51712627862857,9,96.38613250484674,1
8.931256135137009,59.53868661699356,2,47.309582332755994,1
4.151678718987649,54.17481806290688,1,84.5454412247959,1
1.749318922455689,94.50295284227585,10,77.34732022078737,1
7.521021182429364,70.15896007733693,5,38.12351608233084,1
3.8036106911258742,79.36822264492119,2,86.72637259523171,1
8.04631252831815,64.9289252019762,4,36.34282457409054,1
4.983893634343898,77.86085161027187,10,81.72483607517934,1
5.367400681083594,63.151322603304166,4,80.10507216664278,1
8.00118466073683,60.380706263753524,9,78.25813031459475,1
4.441269979554651,78.06880439040881,2,49.36846404426852,0
4.988146107906231,75.46372468293936,2,70.13568926430892,0
4.3857142189266,57.61167725007698,0,83.31044535600353,0
4.30606463749552,48.9609070191684,5,74.63143614499617,1
5.7335191921131345,62.114601630288256,2,86.30140043812904,1
8.279195000510356,64.91185834851456,0,78.15176554481579,1
4.255914807303093,77.72106000547629,9,49.2114921664562,1
5.718292484839631,94.87172581821183,8,40.71395813761966,1
7.036545928983408,42.17108785197551,10,74.23852904437021,1
3.4249550167328953,54.6196607525107,0,83.1830866609505,0
3.497705244121533,51.62295653677362,4,39.96260666559433,0
9.400718143211094,70.13766452162702,4,42.23743205036951,1
7.511811159979797,65.78204842258958,1,30.844854308088436,0
6.19468008600978,83.7422574292113,0,67.22244267250927,1
6.8294804897855075,54.54495475269183,5,67.96037334230277,1
1.2636949879307653,75.66990194498551,6,65.00530542590676,0
6.562926690055272,93.03143581599755,10,52.120701316820075,1
5.585579859017817,94.64066439509828,10,59.94678641444831,1
5.911747118014921,97.52707628350187,8,83.6365739304945,1
4.234814441477354,86.39566912479931,7,42.72578168834714,1
1.733265079416477,94.35927437553491,9,44.10835206584611,0
2.74005310250847,54.07185231911645,2,76.68847853436131,0
9.556702418914046,51.85485666102862,8,90.6830611510181,1
4.678296060438406,40.38928502683159,0,53.82754277654121,0
5.200148402477778,82.4106614457459,5,95.29210276026257,1
1.474388108680951,96.24803126882466,9,34.03732515323567,0
1.3380960658958254,51.21612070250059,1,38.29635242250123,0
7.454633023420819,78.21661452561273,9,62.197173364520204,1
5.842851977090001,84.78758555330666,8,80.64396593399776,1
5.5783538579464,95.6568541088834,8,55.95858753149265,1
3.1881207738040183,78.8116134410333,7,68.8323103117321,0
7.7027565846693005,98.21762396492514,10,31.999947994982087,1
2.514129211976427,60.680388460752866,6,62.32840181698376,0
2.70941269294918,60.99571202628446,5,46.98028741325991,0
5.146409542134479,72.58075060086074,1,66.14581883750984,1
3.576518759007468,63.01011286695443,3,66.80832437180058,0
3.2271668310983173,40.08554369725196,9,82.72112496539387,1
6.807138800979985,83.90632150521924,6,67.78891395068315,1
6.858745706966901,85.103022488709,5,72.99884209445449,1
8.420653628199364,84.81847628120623,8,67.07526072110305,1
4.759377102756783,60.701239996628,4,99.32642040700807,1
1.6577658192353522,71.33736839867032,5,85.41335533462569,0
3.462997464293119,61.598411090600166,9,82.8951519601591,0
9.820049168771352,40.96218400183874,5,73.90816226956346,1
6.366327177094319,73.74693647628513,7,66.98594895315863,1
7.387633763209182,47.42563996504066,7,54.13299977244583,1
1.0662204666287307,44.80247944548643,5,84.87775482617477,0
5.663851589642688,85.32994412180723,7,43.272641647103626,1
1.3377579177862282,40.57037214508634,6,32.55842299575934,0
6.123071908823031,97.54050661652357,0,78.87204311696709,0
9.286937646724677,70.91532184675461,4,40.13961877451135,0
9.715772174503671,98.98098584236891,10,93.26782579326517,1
5.8649740785003175,43.47985434836251,9,83.947697087866,1
5.123843247269944,75.0117729319548,9,72.15710644791099,1
9.505153848236446,60.95962215855467,9,51.974725757222615,1
7.062488487970256,90.60894956885716,4,74.65596513628881,1
1.584093515845685,61.67336411405718,9,63.379968291950405,0
5.191530199007478,55.629254743440946,8,50.380392747376504,0
3.162205166178735,91.45318762599479,6,96.15552839677534,1
5.228238893038134,62.47918549919566,6,41.332259075654484,0
5.0991901480572555,41.00999919163369,9,82.73686245946139,0
6.239303225332678,63.417346050360024,1,86.0026997524284,1
4.210934413143261,79.27133614065652,7,96.62562257248302,1
2.4784340451033526,55.26157232838291,2,68.45915008615111,0
5.5334749113096064,65.91925554550943,8,67.4412612710056,1
8.471825959111857,43.40290829693353,5,94.42024463086375,1
6.976110052608421,75.28556749083742,8,86.07652815388323,1
4.0453107933269425,85.37769543162364,8,83.45455356817828,1
9.419707204829715,64.79875368406661,6,85.23959379479186,1
9.209868141242639,65.21395796808761,9,64.52267640250008,1
2.8841355944568887,45.296949915094984,7,32.899303248173275,0
1.3547582660832669,52.116451870718954,1,43.87854185616354,0
7.67177837515686,49.28051818767476,4,75.00944613650007,1
8.44849235214238,68.90126611969228,2,57.73161429004901,1
9.710781093562197,71.755332457045,0,72.47391738779021,1
9.008527546794797,96.9364078770556,5,68.61745319188815,1
6.404812913857733,44.39389025663404,8,60.70622138898196,0
5.770471052911427,75.99207838930283,1,46.43096150366623,1
1.2505694613632765,71.58991163969448,8,80.32719235450446,1
3.2199080216030005,70.97398587614975,7,93.6331590825977,1
5.136532765596338,92.38955724296959,10,83.89746032655528,1
6.6565351007521105,52.33230824172919,8,38.402676528550444,0
6.015266499865696,42.44639646048229,4,67.65648169498469,1
7.683723907135215,80.33629045805155,1,88.47563276559073,1
3.5179023779833676,60.70944784815881,9,71.36872474725894,1
6.084573468872259,41.05539497275147,9,60.76984126394764,1
1.7932801905171292,55.08244043742483,5,49.91824448634446,0
4.722989712248863,58.55960645300871,6,53.1273525410501,0
7.751447496591409,77.01030260705451,2,46.950978106860724,1
7.240607680861396,50.355147642956325,5,43.7008515913039,1
9.915784634549611,64.78326087720387,5,71.22056040331807,1
3.501020133889804,68.94852666506995,7,65.65693625295073,1
5.483703692565812,67.55424348184545,0,81.4383158945518,1
3.9657737239659703,98.4364460000069,3,51.55506761507464,0
4.965428026532573,42.73025426741776,0,62.2576856403058,0
8.712551168824493,97.05809118714396,7,77.6259153335188,1
7.1578816766963795,74.91623283964199,1,97.42636495463239,1
8.941970722128236,87.7436628981903,7,54.42092811483451,1
2.831599974986978,65.82355708096452,2,50.87462087293626,0
8.860250060572941,67.23027287541882,7,61.45018596470541,1
1.53786046760546,92.75958994094941,5,80.67117744244875,1
8.997393523934372,93.75606977751413,0,97.3085208576915,1
3.9616640151465514,54.32133288587786,6,67.55754263211692,0
3.8312887007265983,51.95451271507709,6,86.87081682776127,0
5.608797190287976,69.77411043219706,5,62.50798640746954,1
9.466211689509086,94.0166216276615,0,32.78999900830607,1
1.4300322821326483,59.341305604370575,4,92.59479164943897,1
4.170078775636708,79.12087692034788,0,50.291466488896916,0
8.709147898150022,82.48910126443607,0,39.706594891188516,0
4.5644902969192005,86.72047989364935,5,99.73130456800918,1
2.7924120783736033,73.83546747525779,7,54.31792973953398,0
4.823147631982706,64.14731069673817,0,39.557679413639185,0
4.469972513425024,98.02095932793837,1,51.80795249067724,1
9.238745813200332,76.67984519817117,4,65.96863387480387,1
7.857409381687874,83.71391269799625,7,36.15699605520908,1
5.546040001696057,60.6989707417527,10,54.683458405472535,1
9.89533510049414,80.19695086018481,3,76.81994959432421,1
5.18749778148331,55.467859729847554,4,94.11524034324925,1
1.5241404773824772,54.70581505171817,9,57.820637919209986,1
3.360468896334864,82.88333210856558,4,69.51949720214398,1
4.924634321973814,71.2836841757761,2,74.52435399768609,1
2.412123617315081,80.99659662534339,5,34.95274355364803,0
9.528086136916388,56.1663094448855,4,53.95575296729887,1
7.901640080359958,75.92340046340382,1,77.89778106137592,1
3.4145848038499538,66.63601898218676,9,81.49627605431682,1
6.317240801661242,75.81761721073167,3,54.916647712167936,1
7.4930424139861485,57.45278393465316,10,30.471537524486262,0
9.471510360161181,82.92705781894743,3,30.480592017319974,0
8.934718142578696,88.35576196956794,6,67.66840124087038,1
5.636730035243923,55.59498843146342,6,68.60401275727186,0
7.971873578137158,58.03723359133852,8,68.90036026644106,1
6.059302784448265,79.66925618314558,9,80.52271460812693,1
5.974335010409861,81.73511045821266,1,94.48885769858956,1
2.032677625043727,82.24598106384701,5,99.31191454140445,1
2.1352389221453687,80.96191028655021,1,79.07467282374152,0
5.765802535202117,63.568463017152325,8,65.97991023367753,1
3.4197539048110595,63.691220464220706,1,39.86963588242204,0
1.1893321221442177,55.289057418662885,5,56.89226255798842,0
7.505552835101911,49.41002199378178,7,70.07196659759165,1
1.2923793702114845,81.55464276381434,5,99.98659368216354,1
6.3574915699364904,45.59132715833877,2,38.8887136322691,0
5.852744147145829,96.2675372072069,4,85.51535298074893,1
9.71933221520024,89.60117822028708,3,99.92581388023565,1
5.357918254128775,91.45034439743537,0,86.3703898079746,1
1.5724129274001761,94.40012887691141,4,83.70009116894107,0
5.965191710258155,64.5162982433944,9,48.107679594483415,1
8.569865535544913,90.80204340102406,4,30.23537550126248,1
9.971643558532959,49.48367801749896,6,45.81909616699143,1
4.8730885632016525,41.29850767649414,6,85.28600805517267,1
3.8826886824706826,87.09348367983101,1,37.5096838996023,1
9.15987967256799,44.48779887981636,3,50.728286237700864,1
2.721179161685092,99.31148003955529,0,69.37536896858943,1
6.538860235296339,80.48778577609335,4,70.5867210308716,1
4.65142981762853,85.20698261452634,4,68.00920833117083,1
1.3697412845999977,54.74823137667195,3,98.66184467621788,1
4.12559626875128,80.43192363518129,9,30.8599916955628,1
3.387056702524071,42.593196235297434,6,64.1318957055492,0
7.1748203854913815,90.26954319541605,5,65.30944342294882,1
9.539114479227264,50.17744558189435,9,50.532549318466515,1
3.4124246864077397,81.84148401002624,2,66.75498929611409,0
8.303193452365136,53.4688300739637,1,77.1295888560403,0
1.4982383524456857,44.107190165562564,3,77.09291353554057,0
5.843089090358318,68.88962071296366,8,36.14998830191834,1
1.6349505733890513,50.15717261636737,9,86.17219864651966,1
9.406296920175754,83.76663929959298,4,95.14968810599999,1
7.897161525016512,54.25395060300909,0,38.65283005738178,0
6.921549200841331,60.54835337414973,10,59.164819999372426,1
8.415067434621978,74.04635507586838,2,65.8225159450937,1
6.827678160131469,57.098096654638695,8,39.437518254073915,0
9.72049957456862,62.679286972597694,6,65.2368835153338,1
7.425621530782943,88.93730626242319,2,44.48011856370671,1
9.32192748624022,50.75259097366154,0,95.47526702001501,1
5.654187028095742,44.93209536891602,3,61.39292392781368,0
2.0535797168367638,59.70146710798116,8,99.64308759427,0
5.753599492807154,65.4626060208327,6,33.25578037872264,1
2.1418554525678397,72.55955692819407,4,38.93065210535154,0
6.332441312587646,62.34542177050042,10,61.02475603779169,0
5.342437544748966,87.3947020133683,5,91.20514994523528,1
6.603178580495035,42.359169260108395,0,68.86580532528235,0
1.0904228294934843,65.90605229191348,6,81.26402544543045,0
2.753564424898277,62.93535487938428,4,59.64942100746833,1
5.421973887209178,78.85470944841154,6,32.83584250935962,1
9.554532054302214,97.97657511384375,4,75.34687909036589,1
4.4524813631964255,70.62252439773172,4,74.38010199922061,0
4.819348234482712,99.21261081650323,2,34.999962250937585,0
7.4322648010596,58.13496369479185,4,41.96170284668002,1
6.434134815575062,41.85208795254766,7,63.33090592214734,1
3.690335350884999,49.93979004858477,7,61.26463114207834,1
4.69734756010685,63.70749308647404,1,82.6692250265481,0
2.959298189715092,58.98003455131313,10,57.11891958451784,0
9.694193132171877,45.82324785900266,0,76.43101671779652,1
2.1757094340162375,65.959606461443,1,79.30964780334301,0
4.3465310610977745,60.28694629957376,10,75.15027016681039,1
1.2325507499801007,47.357153227446304,6,71.72879003331175,0
2.9960154274019177,57.76702783671453,2,86.39784364562951,1
8.024240245421394,93.18616332132342,7,75.99748814385971,1
2.810577090599915,58.12293192936041,3,88.39290424886269,0
1.7205706227606905,82.8373253945231,9,74.5679868748386,0
5.27007861860071,76.72282477946533,9,41.128111181200254,1
1.0897231126106663,65.6308697445023,7,51.66117844732358,0
1.7628953898369986,54.34153820822015,1,53.124873273905955,0
8.268632826066776,62.14088196075673,4,36.574082951583115,1
7.943260103736457,75.52643280826257,5,78.46146602460591,1
9.236249383644065,61.045192884961295,0,71.65778024291659,0
8.690638923196746,52.89378601445391,0,71.28284452461892,0
7.1485800691583625,46.98776493349793,8,63.49621108872463,1
1.4709957157059654,92.78601627457391,4,68.01872387832157,0
8.045637561879918,66.41877854511434,3,30.56611040868524,1
8.609597297565044,77.51249930457581,0,36.737364861040525,1
8.19173931194759,69.42462166820832,2,77.83470793257136,1
5.576311317772235,92.3539911014778,3,48.302676448050164,1
3.0961165478453347,72.81609114689266,10,37.55380761622327,1
8.607969781198541,68.8468850769468,10,53.00586821316281,1
7.544465287661247,95.47605942530276,4,47.813778497201504,0
9.826850569499664,83.18137576272127,9,32.056072453736384,1
2.4012333798033962,46.69299444081144,4,58.739046231501334,0
3.0309812474684956,50.66226767180884,9,31.8920437318225,0
2.9061833489335243,87.22737177636651,7,30.027359909288815,0
8.13285790859203,90.15107927079725,2,85.47316254576432,1
2.6821656680510637,72.71144974541778,6,52.048014085364265,1
1.5999384684097548,73.26731367199835,5,69.73104694204275,0
9.987047259270657,77.91597777108667,9,50.84255386457707,1
1.2233549030063422,66.34694645695836,10,95.1016588019106,0
8.51719654142979,80.81194740903425,9,81.04268620503392,1
4.288301573955875,46.50887545398494,9,55.84191802945834,0
8.574539137820338,97.67675454204318,10,44.74388419370729,1
5.991584420900304,85.00928942769531,5,39.646446782030964,0
9.11468106537724,77.87045224054042,9,83.36930787848043,1
9.33573687773164,58.97932342056884,8,61.71257301546976,1
1.081883631526984,49.65732924740375,6,46.237436522426904,0
1.6787095839350945,64.56057782973667,10,94.37382498557032,1
3.2532285661376994,79.6946044344435,6,57.30674775724175,1
7.023838747271515,78.02258460538665,10,68.0444900632185,1
8.994449768603555,62.958469303934294,0,90.04594289918548,1
5.1394775616456645,76.79718362998779,0,88.336254440624,0
6.462758046468389,88.82489773405285,8,74.65675422077979,1
2.69649867516005,41.57708634025642,8,92.20366481497604,0
8.244701504935168,67.03726287581654,10,96.64687130099647,1
9.705953002181229,85.51331370800746,9,95.45798942318227,1
3.417390396231377,72.76866822780264,2,54.430513495037644,0
5.453433564404917,79.0885652757442,10,57.801976734265324,1
1.7750449945573643,71.00058355632052,10,46.83527054869218,0
6.032229908166715,99.51247268093866,7,88.57808905159132,1
5.5250509766201255,43.27729218934229,8,38.527722413734814,1
2.2999283573956983,69.46268930634264,0,54.855835911826475,0
4.978595918062675,45.48499294687106,2,30.681323769554403,0
4.006941868779069,49.58713372681423,5,71.6252370536736,1
5.696477877746704,62.98230102509571,3,76.08690148644502,0
6.270889018859193,49.33240549002924,7,47.429125060585335,1
1.0764602074648857,97.82122995739905,8,81.57114566092895,0
7.849053846545998,96.80738660350954,6,56.707575154403294,1
7.417128626755668,60.166578773236225,10,51.819775491592445,1
4.2965774758587,78.38486272226078,0,96.93157962942749,0
1.4764234201193642,72.02519923562717,1,71.20847251052766,1
7.794392858065454,88.93521883094613,0,47.66235771051452,1
9.596576444303192,77.64673658901654,8,98.82695062961855,1
3.1613643641981275,40.015147269433726,3,57.128474683580066,1
3.911721523633341,85.79046313658432,9,75.34808489800002,1
2.6543160053363346,84.81088727776708,7,80.66977402719326,1
6.1924251101035575,70.58336233398886,4,59.56070742121904,0
2.3935725518270945,94.17513839398323,4,67.5141749629455,0
4.205745491152415,94.5067723414241,4,46.78473500491368,1
7.273117125408366,71.43470060226383,10,62.607522903665604,0
6.041043847084135,76.47929387179227,4,51.75600616093768,1
4.478163078951417,99.79132431548034,2,68.32205531201984,1
4.782246416267877,57.92921408868505,5,76.89232375996211,1
6.058997943609065,59.47703453868864,0,72.98036406022331,1
1.0527825509844517,50.96643415980978,7,84.3701732426219,0
1.7065888160824887,93.75201634947209,3,32.907102042696906,1
8.931322609867106,84.66930339695597,5,35.501773274036374,0
1.7009109018216169,46.338570932214516,1,44.3719874406182,0
7.361232365894546,98.90604107187794,1,99.00617734871727,1
9.280343476981473,83.85770248966696,7,86.01876369214853,1
3.43615243871558,91.03132657629848,0,94.688471207351,1
4.334422933535628,42.889047350392055,7,49.04632460771542,1
6.120292652602447,70.29765513653007,9,70.16995470887488,1
8.935380726747262,81.91589720362236,9,68.8419357379303,1
9.477150285343782,72.57679507431048,0,69.86632658093919,1
7.656069233001412,79.99884794195665,8,80.22968586087083,1
1.7795778476922464,89.07244381542836,0,57.57860219550401,0
7.022387399813657,62.46022377761177,3,77.40472521351916,1
4.6927334968539585,90.92012053712259,8,85.19059308893857,1
5.236308995419554,49.77496628591744,0,50.23512651987912,1
1.4423355131065934,56.25316330158249,8,96.20202393384919,1
2.7195592541172235,42.600737195639546,7,66.26336102918052,1
8.11462246780283,61.865608680115066,4,81.29338926420888,1
5.085629497430738,62.79457268944722,5,81.0247430130252,1
3.7149601746803396,88.31623583243505,4,69.56703233614243,1
4.456171665684623,79.18784021737936,3,52.587858625526934,1
8.689595619931122,66.20335348934,9,76.68576233713927,1
7.740991156644612,79.12683871742489,3,36.10994113278254,1
3.4508385746297447,43.16700103094147,9,98.70047713995166,1
2.05751656191136,50.81629216110257,7,42.87980829002448,0
3.267983994796645,77.6168713145053,7,49.27983302018318,0
9.286808059492603,78.48200915351813,8,96.8107395591864,1
6.234299540647799,86.44807952244562,2,43.05789641912143,1
5.801321878703046,64.17998554321613,9,41.90648888440808,0
6.367542397232154,83.35324579696938,7,86.31751859035118,1
4.2942543917186375,81.03881995361137,2,47.590172003615535,1
8.263963182875614,97.80360270219094,1,36.630861160953906,1
5.709576243702248,52.90781358548075,1,45.86501194681215,0
2.0507311249191598,73.10077382515837,8,92.18615099992388,1
2.1615861234615665,76.10586652662816,3,49.622342981783845,1
5.831732318523565,99.91887309605325,4,78.65423614919214,1
9.429131962637552,52.0710485299991,1,57.659746063563276,1
3.7751690950857886,71.39308119803754,8,48.34831369712256,1
8.825870519732964,60.771118462818336,6,40.08331850068736,1
7.876860279209914,71.55357811473999,2,98.05342099881523,1
3.2303119861621616,53.927716126186354,5,66.47808809874263,0
1.327066734846182,42.85674270564929,6,38.03284952331144,0
1.9166253862814446,74.35392723386133,5,43.91697832560324,0
7.556445404626962,60.15125895164993,9,58.51079544019006,1
2.79702764236582,50.91648410490602,10,68.09193686305188,1
4.341438284548544,59.43613396468203,9,42.72577587677789,0
5.515292494057824,42.956812086864694,5,49.44098504441815,0
7.529213516051465,97.02653404540621,7,84.85944275815964,1
2.0190810093321283,74.86887489839563,7,59.223711992095886,1
4.6572976474971535,88.8861208808215,4,30.09816574794056,0
5.365656182284258,65.38709185286382,3,33.77582018845197,0
5.867443575743857,94.19888005397115,10,60.75299123911434,1
8.36524577255695,68.9990932931352,4,34.20824163093867,1
2.5451037553889524,74.43671933204016,8,42.17330882682423,1
8.270483066439601,69.5076388037594,9,80.95135098648541,1
7.235905849269869,83.99669775205909,5,63.62686773050996,1
6.002837327790634,73.99936465612375,2,63.77233532138126,1
7.295750833623147,56.29593541482386,2,71.87526642819873,0
4.708159650564907,48.73237187935878,0,85.19630677057222,1
2.245578273713121,76.36746333297866,4,41.101016575695965,0
6.991887162388306,69.35079769282217,5,42.11333155304339,0
5.7220507601706005,45.758541801766775,7,38.49826951579816,0
6.754373204884979,63.7370479475961,10,95.57804940713906,1
4.04198902925641,70.88658532002722,8,70.41031565456514,1
9.161799196058523,89.61359402953539,6,36.48482960678936,1
6.286328817180192,44.56606335000174,0,45.44518926311397,0
1.7686223586178644,60.90972089476018,6,80.79130349389919,1
5.048235916339858,89.35936736262312,9,32.029417517228126,1
7.807204492692708,78.90543590629473,8,80.79588905908813,1
8.147211055590452,57.39749930822721,3,93.80250927349088,1
5.4513734748738285,90.72010732135854,10,33.94672360399711,1
9.05272813748171,69.59761483376154,6,43.049431203099104,1
3.409015934748678,69.90111347862764,8,30.166502112949942,1
4.695388275144399,98.59524035202307,0,37.632136021331775,0
9.08737219512073,96.82699019418271,9,73.189406447057,1
9.06631044824421,61.51196100219063,8,33.13724574373949,1
7.171414919422128,48.43474771978494,3,59.80845528404278,1
8.73082492409998,59.54000393668564,7,65.23812365851057,1
1.798959402606094,41.82899561868328,2,93.46403687907801,0
8.784954785869987,41.24607320262347,1,63.200324885967355,1
3.8855791589520408,63.73132817508515,7,39.97818634013872,1
2.604983611853947,96.46118936183404,7,50.25045502416968,1
3.154328527078417,92.28144047393246,2,77.05367559607734,0
4.761716572124984,70.68657003505739,7,37.8481067155935,1
3.260728041440205,73.91358287024984,10,46.22199373681195,1
3.8851082741484912,40.35600980476339,10,99.70439847496489,1
2.2148063746447786,52.93006935002593,5,30.387419963911338,0
3.6655908900309866,41.486447616063025,9,40.65283192376,1
6.150554330878011,85.27237196172325,8,89.05800888821823,1
4.976683372819576,48.73874776158986,9,37.09674162560821,0
4.120468851123201,92.14282614860902,5,32.35487039091945,1
7.718069159714026,78.5994588205473,7,38.491861269692734,1
9.04158974253986,53.7651205909428,1,78.55180320884756,0
7.811103006121574,49.463219024994984,0,99.51773722759481,0
3.988006319059113,77.65748205538318,9,71.34448960562462,1
7.699979510537983,94.0502188169394,9,38.70213883412908,1
2.3678216422664606,83.1016131348629,1,42.86451396728633,0
2.172861892821618,60.91279909620266,3,67.63774059875317,0
4.110643333325431,75.24301571611883,9,80.09607310299316,1
8.269321321396513,58.64570172234528,8,76.40385279418626,1
3.217134225180717,99.94897400671954,6,70.23085488271053,1
1.5692806800881163,84.93035130771108,8,99.03888430783886,1
2.185385816857196,76.86289838540522,8,43.86237651305408,0
8.72870471676622,65.39554856594975,8,42.10327937486309,1
6.704049562725588,77.08913741557345,7,90.1342847292876,1
3.2788104703297902,60.49696374804009,5,50.35752105579657,0
5.997662427953632,41.731890367481846,10,53.27684640146393,1
5.748216601828154,63.70531134139797,9,68.40676979960325,0
6.898923805965952,95.82884917479203,6,56.68923595003575,1
3.0986879897945467,77.57806568643196,1,50.134830228790875,0
8.779626884749579,45.0373421842541,10,94.20226828731583,1
3.7843170587201156,93.09961680370157,0,39.04919490780695,0
7.247184885786132,56.13249096049089,4,58.30028483834822,1
1.145121817349934,54.62616958496365,7,30.20769410973437,0
4.353914169047325,57.82545812681925,2,86.52175619759973,0
4.165388361629274,74.63213416755744,6,41.789319226716444,0
5.891359857247131,72.6812856060386,4,84.10929977711191,1
1.6546263559947685,69.4848252773729,9,40.402218013470076,0
8.111182363534976,83.05221181075763,7,59.171719326232235,1
2.960027215908117,58.99226388009754,5,80.9729456952041,0
7.093340333938092,86.92387129434587,5,48.9566162222371,1
8.228909109196838,50.51930070271595,6,51.974198792657454,1
6.056892606173618,86.95724734462055,6,76.71257463436854,1
7.667948860497869,79.82860631501697,3,43.139068854258426,1
6.95674280993505,80.9924985728552,9,96.62490678446059,1
4.199768174368069,68.8932038276356,9,43.21513789335128,1
8.279726851302087,80.02009196085189,9,82.49968222736209,1
3.6523123289697517,44.78782279356744,7,86.18192084915628,0
6.140916259763655,91.09306702296203,5,56.2059307725206,1
7.708579652273856,43.33283400925876,10,40.93673984697343,1
4.410603188312568,48.92449059228985,7,41.61324611161735,0
3.7249084685568254,74.60738250983418,6,98.98152548063166,0
5.134114091555404,84.3646873274015,0,80.77869555797139,0
8.361671449142381,44.57509386077521,3,61.50332056840237,1
9.369295868310983,95.24588884733919,6,48.01448524156518,1
5.9057507157390114,98.41645892804192,8,31.32370859212888,1
6.953195847912867,76.35701038046267,1,76.93246997555207,1
9.129462600150227,68.87460732261019,4,96.98414426764913,1
1.8869216627164815,84.48369833678498,8,37.479024541350064,0
3.0887072007954854,59.70144113963232,8,82.81438730284516,1
7.380100056264242,69.59586604630638,5,40.72658210819474,1
8.413700157210698,94.96906160886408,6,85.44736278617273,1
8.713261254975201,97.33932551449202,8,55.940099156919075,1
4.735964591694393,95.6241469630711,9,79.84431043605147,1
1.8040591206268015,55.74688401783041,7,94.83976830378955,1
4.94003329569658,53.948142413005804,9,73.40974364454893,1
3.076611311863484,57.85987035575886,5,94.44893170000185,0
3.6207680949696175,66.47866674330761,5,46.451706316561435,1
7.950408011537553,58.850044767517815,6,98.46936666025321,1
1.679743774232982,62.452767744343475,6,91.09936503817707,1
8.44823095732632,77.23821712724558,1,37.530133389866734,1
4.8490217724175215,85.75154062563855,8,58.94778210803612,1
6.3645753799053555,84.13349189607501,3,94.8920666832628,1
1.8068700811211111,88.86541402474913,9,35.468075537748106,1
4.036231705215517,41.93106419292413,8,61.76339337247386,1
1.807308271133612,42.86402738072537,10,80.65156333867981,1
9.653893505929986,87.36297764131777,9,32.341311695267386,1
8.265354843936255,71.98472933947791,2,82.69816327815462,1
5.136694789208142,74.68844042572721,4,55.28418044477473,1
3.01242293491304,43.15521161286262,4,47.45602715958308,0
9.40109594724867,55.318828070276254,6,70.31805756791148,1
4.101369361542746,78.30125829312865,3,68.10318516473379,0
2.4488598851863728,91.55091340664057,10,91.17575003399398,1
6.068479496085594,95.01900383088415,3,77.32020550176739,1
9.493967083103344,70.02516975010491,0,59.53050393436697,1
1.0344726145029033,72.72845396429186,5,75.50968883804634,1
3.1431235892859886,89.98297786413946,3,82.51036246191153,1
9.446028763693668,72.25747604484127,10,95.61300060805723,1
2.5397737017144584,71.01151153223904,9,79.29831132059516,1
2.019191064758379,94.30504226565722,9,68.07106488919541,1
6.13168494219824,87.3959632633528,4,56.10860580577217,1
8.75659440965347,94.54435158167767,10,92.40385425978505,0
5.293988359245335,53.09482328686923,8,85.47637442500388,1
9.951078310160723,71.46252919932141,3,35.40268870545161,1
7.112545295841936,90.54832771560149,0,78.96788434314641,1
1.6666741648940295,46.668869648026536,10,67.7124705553328,0
9.935489185137778,87.67972925763772,8,37.25507486593813,1
4.671048131021713,50.97840300489217,4,69.54726188370861,1
3.586622804609343,88.48712529911927,9,43.47541532024362,1
6.02091265220097,76.72005625341208,10,79.57014192008012,1
3.738768326387779,51.59415948909203,6,49.49229143525241,0
1.778117564081371,68.40125075996806,2,40.5240753566639,0
1.0128550877125906,80.9143099876463,3,35.738104326732405,0
5.046250176282361,78.03117405301253,9,64.35596239276379,1
8.53177080003933,65.63483177390226,8,43.97443418658115,1
6.150836670670689,93.96199173525562,9,89.85894856813209,1
9.992865690490968,71.15580486927065,0,30.210077345330927,1
3.5816198108247996,70.35203791172131,10,89.05471527229847,1
3.524095582840498,43.735035396487255,4,66.47646840873053,0
2.4377451421054976,95.32722338785823,7,94.55018810506145,0
2.4765722943880166,50.62699412070238,9,44.322788011008285,0
3.5666793640904304,71.70068160619326,6,37.15916591349517,0
8.135560407461744,88.21405608401861,3,73.74707464594219,1
9.15181111572803,52.927196617338595,6,79.47091938184289,1
9.775784527369131,71.64239739825047,0,56.08095417225765,0
3.090606886868074,54.44109455340045,5,30.9576121515709,0
8.931677910526826,85.5816998679947,8,58.48737208844075,1
3.9542958034960334,73.86047007238903,2,46.36508470180445,0
2.0155649006519596,91.3585516237086,3,54.322874896500764,0
8.83022432968149,93.67348017264297,7,65.47281210177431,1
6.724950711792567,78.92400894672389,4,79.16392805048451,0
2.4825780647295557,83.52347476953668,4,97.42577004298643,0
4.868481317617023,72.95320599321182,0,40.07998910716446,0
3.585319253893609,63.065723984042975,5,77.59295985672541,1
7.631151118391773,78.88707538125007,1,46.32480162695056,0
5.080746075618412,94.49731740923974,0,45.44932926294267,0
9.903519505957465,65.00082282588627,5,74.34878558225995,1
1.492704840336356,58.864601582427724,4,84.31996649545701,1
4.1951373952262205,63.30621631315445,4,98.44509296865304,1
5.337101503989796,66.12385781269597,8,83.81815671733918,1
5.5282019927348784,44.413661738662974,9,41.01204777609826,1
3.8434224014707308,69.90651042609966,9,45.778185942887134,0
7.563162241878112,69.65885488300358,2,83.29727864449879,1
8.872723661400773,75.30662965843139,0,66.88915326616407,1
9.448473717800766,61.76920182827989,7,50.678560937925695,1
8.245840391195735,76.78645575733537,4,63.024827242848815,1
8.655221775759394,92.69297861645218,10,94.04216151068573,1
5.954907705579959,97.32825942970985,4,82.89195573708551,1
8.43299403784133,75.01673296846297,7,61.54884201878697,1
3.73153518233157,42.555457238218786,7,98.63877472519948,0
4.58630885898293,98.15415983602654,10,85.64122385625194,1
3.8522171243668986,82.35172365377537,1,30.410963773631753,0
5.206486019031329,60.15781891321913,2,37.8657077347528,0
3.5702165461477273,48.829462057823406,9,68.77781521649433,0
9.654502980290022,48.6051167341765,9,54.496792160090195,1
3.815601652051013,50.064664368376164,0,86.87911346853147,0
1.8824008429984584,42.73435129682922,2,92.69809053589283,0
5.741354494453721,94.1292513191747,3,46.845557867267274,1
1.5138917060065873,72.44609396964017,10,83.43000731913159,1
1.9948884967772247,81.99756476283022,6,67.47781488055698,0
2.9745045027662167,89.68651055609845,8,57.437692836092026,1
5.179152248939275,87.49246037999201,4,85.07460363214335,1
4.899258390781251,92.9563374237305,0,69.5446649526584,1
8.19722675802512,98.03527735149711,1,74.46988349854426,1
7.6552718849570205,66.34423688451638,9,34.357783924606906,1
4.836864645916312,97.02012800010343,1,71.01157751082661,0
4.003337868180669,83.39739690056898,8,51.04978901547156,1
3.8482190565534875,44.24009141848471,9,64.53059577764162,1
7.965955785646081,80.90698727274072,6,45.540773549618656,1
1.4686516559914278,81.20299957629092,1,73.01329576444432,1
1.1153948455954525,94.35163382755162,0,40.322818628095085,0
8.159899527339832,62.37592794820552,4,38.60327418415576,1
5.2943173839014435,75.09469001630907,0,43.18879776907873,0
2.177930246982184,40.73125306070455,8,87.2225179461711,1
3.120093411350511,59.92451453088016,2,32.3473757292831,1
9.392535577876442,43.73462356952685,1,81.07040620980649,1
8.735526780624081,71.31237836589382,5,33.95553108009434,1
7.388065452015753,89.0468590304172,2,71.43000670571473,1
5.340027073035939,52.386561527744135,4,84.14909304197764,0
5.682912635722472,71.6464627334667,9,46.17510505067349,1
9.777200817555627,52.24051819064602,7,43.71628633005368,1
9.691933994958584,47.24130807077442,9,50.2424688936633,1
2.9374214120725086,70.65980751606054,1,78.97292925182568,0
8.299941096747864,44.74891725698366,4,47.83786106239036,0
2.775183995503151,75.24127786827935,10,65.12389966245684,0
2.9218373009555627,41.88024764060358,7,39.41262701340597,0
7.084837307481191,46.40289831210253,0,62.283692276658655,1
4.6450098872879355,72.99984912924147,9,73.7309932019891,0
9.383899663958681,75.48444477393483,9,35.027324865641646,1
1.8010876140640795,41.739215805625484,10,87.07963051334258,1
5.6037307672854375,74.4026072800935,3,95.62051431577697,1
9.266693773988091,90.31015151941821,4,43.54834313524796,1
9.137022944315547,83.33897063763723,9,83.16029219730908,1
2.4087629207416708,47.87110623524792,10,51.942666366501626,0
4.299739300868108,75.5484788538169,2,77.37072345109364,0
6.572092600420266,80.3351500044528,1,51.467418368391414,0
2.4345539629426196,42.23387210513751,2,90.3640193029805,0
9.712199548411649,91.32086012101736,10,54.29756597536657,1
9.232743958548943,94.3760438373898,4,89.41814886588526,1
2.5025516113102224,91.02713640173552,6,83.62998003551454,0
2.0903991513488687,89.4778880793468,1,43.74267387527569,0
1.7686763452743877,84.6979119076536,6,40.98671566704905,0
9.18499297632968,78.00592187691761,5,84.5759119315268,1
2.742614288159147,80.7176202992951,6,57.32122778712797,1
4.746564356899192,88.38371760009898,6,96.45752184830731,1
5.039662290868027,79.74990750167828,8,96.0063785286648,1
6.391099397922108,59.66361740092426,6,78.54364414277151,1
1.6456180937268248,62.55766612968124,5,65.04062377707166,0
3.0408275566046434,93.82344810233752,9,43.64771154873836,1
9.383413482270335,41.027325147829714,7,91.76749154638097,1
9.175690965417125,81.92923487465691,6,35.7398568038087,1
8.03161582665123,97.28665314551293,5,55.924589375530616,1
1.1746112105639388,82.37369019747842,3,52.34536573189848,0
3.943060916464919,99.63471929390693,6,97.09001804668165,1
6.65162861808617,81.25269433169984,7,38.26811485445863,1
3.476711905961281,42.061781753011665,7,92.31049976382975,0
9.186280255483997,89.62059289881542,3,61.950424244684044,1
6.705005156491977,57.07779471635914,9,33.3249236032531,0
1.6471604558480104,66.76343353986645,8,81.02064467345389,1
9.181050299521328,58.72551495442492,2,37.06154835952333,1
9.619899923586003,56.11324637258077,8,46.590285480295165,1
1.6994117655255294,65.88434222018712,2,85.98101844710294,0
5.791242113751834,62.725086906440424,6,40.83124062827116,1
3.730278539927534,78.00031491055536,3,52.78290302678894,0
4.535551688332621,88.78907205925063,4,55.26988028867099,1
2.616860961598077,57.82531919123444,2,71.21617981707968,0
6.202648918111713,52.823269169321044,1,85.29533077453534,1
9.621814179240015,80.01371625222055,7,46.15678826841511,1
5.527653402444481,80.2192039498469,6,44.40480435678932,0
1.7462312325503304,94.0678743571703,6,45.53318155368245,1
6.580012001296676,40.95674118719865,7,56.71283119526947,1
4.062006950061313,91.1824397269906,0,67.45722138038218,1
8.70332670632168,71.26013037690142,7,30.941146812308478,1
4.912103334848232,77.27812535032592,9,84.62083097677521,1
2.7355564804802106,45.482286433684884,4,94.87013292422387,0
2.7199506042203048,65.95689597232274,7,89.04636903957527,0
7.918877626490444,53.63814443431143,8,32.60291582132822,1
3.3902883847662393,55.253501804950545,1,66.71532828044053,1
7.9051005474330065,70.24570688056164,2,86.98189779118,1
2.8529857968993944,88.74735702418674,5,54.088012800501744,0
3.8951773183117844,84.62685580869137,8,92.79261645415855,1
5.189382751957295,75.45999754515722,9,92.08157749297912,1
9.488762647241057,72.36509156520802,9,39.919316454862766,1
9.385582822784421,65.6383625940694,7,64.55415390907928,1
2.8618468788005904,98.36259841368317,5,31.796723791890948,1
4.223971371187655,73.611553254054,4,49.73017254449688,0
2.3445944960839507,55.237983898733326,2,86.83109866138192,1
5.5898657138214745,53.805447522402375,3,98.25984239758728,0
5.145242956251999,76.68118184650851,6,93.93262794853898,1
9.106841462056591,71.36965163865572,6,32.980625886083935,0
9.370048400119654,40.46186817728277,2,94.87113675828802,1
4.452106519065628,89.80392233174676,3,87.58537237911784,1
5.425641487170905,82.24734125394608,2,90.73917617255144,0
9.066126242315198,79.70975738068621,1,94.03787426999808,0
8.260370269705554,44.12683946185954,5,64.17259422830992,1
1.0329068021018435,61.72335101034949,6,44.78528056323047,0
3.8805360776522426,96.12293564396717,3,31.471686081104185,0
4.795968177425133,91.75535448048183,4,31.648378949955504,0
3.0674465531490855,57.132576272172,7,74.97579959768512,1
2.796144543063449,49.42353304594832,8,53.60960625127157,0
1.340060559361117,66.94527743011463,6,64.712765663078,0
6.790327525627845,61.34982272005965,9,39.193462395324744,1
3.362592614348491,80.93358260235946,0,98.28593563293352,0
1.4711246058818177,97.98608860505918,10,39.096009971281156,1
3.078813794752573,61.78008699895369,2,61.136444052805594,0
8.217225575525138,43.73345035913452,10,61.034747317386845,1
8.663402634818919,93.85684050054311,4,30.60469894188239,1
5.347596206739724,42.276983814392246,2,76.74585817488648,0
4.744636033678176,97.16595382919999,0,67.6747400871937,1
9.800683241516035,79.8747656805424,1,64.82473321113582,1
2.805081936292629,96.50135250651695,7,87.26593868517486,1
2.9382335456914763,51.979581198938696,6,46.87960307238385,0
3.6268045933275976,42.44198771522846,9,90.27677668493261,1
2.554815864529786,69.29259869658951,2,90.53450641115847,1
4.414290383837679,67.03740487420751,3,87.88036211416208,1
9.197508042907785,59.88953639529297,2,53.897844252752776,1
6.538130565657169,97.45938846332186,3,41.379020789195664,1
4.707518937510373,89.35502392968593,7,63.26239765659192,1
9.409697151140932,79.6949212825356,8,48.18887408284573,1
1.4361780922824008,49.77149749826967,6,33.65270816818168,0
2.8924856011167526,84.05940449311149,8,49.56290084276012,0
6.092997445915831,83.62074728198344,8,62.83898181741013,1
6.539973608738612,65.50409041696045,6,37.89148804317759,1
1.3560175590635182,95.48715458284082,6,96.10336137140209,1
4.6273488211641896,50.018672933740625,7,75.92708268338353,0
6.842385683477855,56.040253744699854,9,39.54385118283684,1
7.282634917630615,43.79346035503802,2,86.8444940552755,1
6.743259122646424,87.72705749065526,7,94.96618070698875,1
3.885069019248321,77.30556316572384,0,48.39488498144908,0
1.8416811123811856,58.89641834087497,5,40.02769302108196,0
4.844012017774007,49.828819815658925,1,52.573285212979314,1
2.158789936312499,42.40886620172442,6,88.25741597399681,0
9.528612926686003,50.0047341175562,2,42.25657249947183,1
5.276537794203654,67.19707878025949,10,84.5542610768424,1
3.855332569211808,54.83061814063637,9,80.13842832552481,1
7.896736640070101,55.538930645918,4,75.5956695289209,1
5.481537333240375,92.53458200006287,9,60.33222495440367,1
3.7903062161120507,70.90826040766603,1,55.67391980306648,0
8.307709681517215,83.75511838770487,0,35.96805827953922,1
8.804369359010098,42.142656941688585,4,55.01490496831005,1
7.057073496598093,61.909801340681724,8,72.12892643324165,1
1.4226798016690057,68.7501608437265,8,92.87464513023198,1
6.096905921498789,51.18501131261108,6,88.3187176711883,1
7.869654207975534,47.21149248673232,8,32.255101116803544,0
2.22852710875224,92.21822670999055,3,39.7204026611648,1
3.0580367624614304,96.3658976259878,2,89.39415846733553,1
8.942455945613228,44.72840188272444,10,95.7522855534456,1
1.1810954966776663,60.94112275254659,3,33.90661912012685,0
7.774544240433784,97.49713768866843,6,79.08764448702148,1
5.263959632629806,44.98970398794789,7,55.60131801249587,1
5.020949429556461,78.61848237272358,1,55.50031732326175,0
1.0638687924539845,98.33328225802033,4,74.98684347680052,1
8.374584078698435,98.69342011488247,4,86.7151261541697,1
4.238424105729099,68.27339985422459,8,49.23862856162546,1
5.866890681704886,49.76494646694284,2,79.37480408470478,1
7.095706177020935,52.12505889864633,5,74.51134161420462,1
7.323666187941242,93.37608370746368,9,66.21244631229669,1
9.60382052943465,94.70098025978416,4,72.16980241707942,1
5.7820595791294815,76.47277863241328,1,31.263736803561784,1
4.597475958769849,85.97058396819469,1,30.284615096336484,0
9.583332638425372,84.3958750882245,3,68.53069966846464,1
6.77899211522969,79.70929587934643,3,66.6875925336721,1
3.6833532064890004,89.63661729231634,6,34.99346437291488,1
2.1381782086321404,81.12439738241926,0,64.44184286361451,0
8.582990513186632,72.04013834484996,10,83.02701425189721,1
4.259634425147365,54.21738175528941,5,67.88417108105743,0
6.944227492279881,84.63328864711714,10,66.2330003530559,1
5.237347774293083,68.40627207029647,8,80.25359177480397,1
2.790368018155345,57.687501040450556,1,42.029094486717774,0
6.415179477584186,88.11677654450652,4,62.02363725041364,1
1.5461476205561409,81.8028160211817,9,40.363351383241934,1
4.720082138840731,96.240373787482,10,66.6688207842418,1
5.9195344569730395,49.92649840113266,9,71.43590027280534,1
4.924422767067211,78.95135707818959,3,38.517131113242925,0
7.738049577258917,54.65436808529056,3,35.28606386430907,1
8.451324590907813,94.21497911809851,7,41.6713527781104,1
7.941187666298602,45.96996485539694,5,71.0436336320235,0
1.349316530306219,79.36970838669262,6,43.27334128385416,0
2.7471589340137497,87.4651432916818,10,49.267031697738716,1
5.829467583373969,61.29507042188243,8,79.17821623302873,1
9.413398363994212,97.24828476302855,2,47.3841378921095,1
8.51461097546905,91.04384107516223,10,57.82688926188983,1
8.582810575166215,57.67709798109421,1,95.01917517901659,1
3.728873743837074,40.45246556295992,2,87.74976279527786,1
4.865031073708323,57.79943056708365,7,47.88305751107131,0
5.236353525843437,56.87862822824455,8,71.83030609812704,1
2.416344250149194,93.39787645005454,9,76.60630958883674,1
1.279613172200107,98.02727069528486,4,93.01690568117895,1
9.522126095144651,44.22639915821562,7,68.32271217407751,1
3.1664132709715607,68.277689711999,10,69.2900814307942,1
3.1595401335126816,72.89991991178775,6,92.1913049434215,1
1.7504114839188358,45.5746996797822,8,33.80672286269719,0
9.356569767494006,62.64986254825135,3,73.96989257570019,1
6.217634034457948,59.024945043577034,9,59.16544445344546,1
7.003331714128185,72.16338125962524,2,93.68343694972606,1
9.204191985367473,79.67145398391628,8,97.23781901072464,1
4.110581520107106,82.209106629794,7,41.91730849582117,0
6.593565800242757,48.20530141680325,6,49.70279294326281,0
1.3491950925599872,88.77686211667728,0,49.14205319339074,0
2.680952754080164,80.71252178744554,1,37.04393390832047,0
8.481212245809482,93.34449500480318,8,63.80607338299092,1
7.9009152070450215,66.96016356612604,4,65.91569875106678,1
4.155784223114322,93.63338576333149,0,70.1084781761688,0
4.391295649967912,91.94644734136452,8,76.40708565123788,1
5.801989901982215,66.30455994155618,0,34.40422167253198,0
1.0021690421662108,62.868598917578716,7,73.57384820546758,1
3.1711990243422505,95.96872089821541,4,93.96665017218369,0
2.87408627747393,82.90988407230626,10,61.84936852879143,1
3.254346520747871,95.69472078628453,5,37.469871032246274,0
8.253152582800972,87.81848673374878,0,36.01608187099007,1
3.5170647089179887,76.55784635748486,1,49.722658403763305,0
2.7236918984513334,46.95116662022587,6,82.67672384081385,1
5.538371147137283,57.48884035474591,1,48.26997587223134,0
8.790805327354587,98.1305444259035,4,87.00316386108199,1
3.172147334537499,59.16532592285227,10,87.37614028761749,1
1.7068261851351882,45.59529218712225,8,61.99782866221976,1
4.207642622646983,82.4532013551592,4,51.05521900327821,0
7.7288664210848,84.04025527262105,2,71.83670068963251,1
5.956214902253151,57.12746321722905,10,86.73711042697673,1
8.351140326169126,57.86031876077823,5,34.51995586005906,1
9.636329328483106,68.13357913052704,6,96.73964803286216,1
8.133962290764554,41.30733698573533,9,75.21301924591239,1
6.434227709593781,87.35938062166981,10,57.870342941395094,1
5.440074292471424,59.02532723644754,9,65.4213464875624,1
1.3606217771344,91.22578612011866,10,56.99147477438004,1
9.858897809326372,88.15782529600202,7,58.88277203906081,1
4.4513301031753825,79.68412198712699,2,71.69316275894845,0
2.3700539252518014,59.49249202595732,10,34.216834780001925,1
7.000379698568111,70.9789936996702,3,42.27639874894735,1
3.558594601859134,66.68975545587753,9,45.892769886246796,1
6.272004438379429,60.33291317492045,3,58.52599919948402,0
6.280911170601321,90.88817735819069,1,55.97402707041173,1
5.011568388125823,69.01042447465991,6,80.5543191767924,1
8.525067539905383,89.96338586782879,3,48.14255580951261,1
3.384703553998987,46.31310844850945,3,33.99504935249374,0
5.037693324559608,48.46148731602014,7,33.88095723065617,0
5.839229157318743,98.6392183067786,5,30.791916004131902,1
6.9726224869056965,75.26610775636539,5,32.661820457753635,0
8.055746654550305,70.58618040994294,10,90.10624723234281,1
4.5532655459043045,71.3893637886467,8,78.80700424458226,1
6.814422496869364,52.916126441971585,3,99.71518161286295,1
2.355498577616672,83.12223697011838,8,31.421890968519463,0
9.393832904882307,45.08683742378526,0,89.43010857527236,1
4.447529257789032,74.39942278618139,10,78.72394304863704,1
7.565692797787946,74.24612779515408,8,74.8239702033545,1
1.1830697369395988,94.85130544801066,0,54.95724879334287,0
2.846684286143263,71.57096860629161,6,56.3709190352985,1
5.383742898912202,48.22376175845077,5,89.18928333572129,1
8.90427220959112,74.36519555488975,6,79.94387147829033,1
5.745296349556094,45.47965866191994,8,76.92216062466177,1
9.368834340644911,52.227630117995304,9,32.14545299148441,1
5.354172069245167,41.86651505124497,3,42.90237449470975,1
5.414041870623549,70.7976149475699,8,97.3837122165907,0
2.0777210965047868,45.071956917614344,2,61.80598748531314,1
8.223906197369978,68.16366271187974,9,84.69752611569666,1
3.2226887122035626,95.97670211944865,10,57.25276583556963,1
9.096512404350836,83.18568478115992,10,83.50260140002204,1
9.197417982973565,44.644700453517586,8,38.34487976738578,1
9.489791006867348,53.452588732530586,0,32.948961373910834,0
5.68207440192781,80.41974519360605,4,62.6323600064433,1
7.093844063052799,93.68211166145102,9,71.41523377071465,1
8.00664292055497,41.97511520583723,4,52.659132391450896,1
2.1791315678541903,88.74706790323563,0,80.12032395858449,1
6.408614754977475,73.70883282029853,0,64.70737542210989,0
1.308681111729805,72.76547951778355,2,94.98217932804098,0
5.478094750498533,97.46879096520148,8,35.94933622361602,1
2.3935841345820466,84.85867675580639,6,34.6597855080756,1
2.6463063336587624,91.00713208336671,5,93.35852965728901,1
4.285428100233414,61.23973417268,8,76.83749929651863,1
4.891934500448527,73.26184244970459,3,76.97828016920766,1
6.608551820789685,76.92434064566625,3,31.92886555965363,1
1.6698557659466409,59.29503642174791,2,95.63726578420187,1
5.533225851137002,74.21488749684397,4,84.02775391513262,1
2.64362617227791,54.19932276878283,4,83.5020372464443,0
6.165776575285677,48.60254026409437,9,93.83507489429306,1
6.736641510350651,62.43821555663996,6,70.47072162632153,1
6.010383308975685,84.35737772478622,6,57.62664733946644,1
7.644659594304769,94.97122888443326,5,63.64754180098504,1
4.020483198168112,67.46284308989395,3,84.40684923220091,0
7.885959324698178,78.5694212965259,6,83.81109877596963,1
4.8949037353737435,46.182227858506025,1,72.67106349994148,0
5.357660484903371,94.26782551313973,8,45.26562519718258,1
6.832919145349643,74.11625281419606,6,87.32188639429245,1
1.1652254559930157,86.82029485750942,1,75.30690977471377,0
6.885947992782235,87.66647205528363,9,45.488341462643646,0
6.567266341649038,55.388831582086354,1,63.6451114830136,1
3.7886240507795192,71.75046719091097,5,99.80444315235006,1
1.7721485640954053,97.62878509365865,10,52.98658873562777,1
1.8184190492173702,45.37807268924966,6,38.15924303395956,0
9.309013722867057,80.98299388177381,8,31.516719202891757,1
7.203513891032534,97.73584468211033,3,42.92426500123007,1
2.1439235239366634,58.034626483241325,7,43.0876414244599,0
4.210508523780157,91.68687528426088,9,90.06479114064209,1
6.3323469451143675,96.01945272449629,1,40.93083244382544,0
8.520145345815838,84.8251725636895,5,90.38556593149013,1
1.3929483584170768,53.879698738417495,3,36.07015559101977,0
3.12969818323008,60.04004312959563,7,93.46510098954435,1
9.00774091265842,42.14855766506384,8,47.944745134493616,1
1.0824899516543485,89.8871940547213,1,72.80486433931421,0
2.8125919251449867,90.9766711906648,6,41.18090293451684,0
9.631217583756694,77.96261859797156,6,57.303894217152454,1
6.52061661869954,61.151671075831075,7,36.00374632784146,1
3.355042299737558,44.608661658395235,4,70.56697429797896,0
1.6029198495626285,85.18345659489457,10,54.21142405697316,0
1.2537220640249993,83.59157161659537,2,89.65050585285118,1
3.2027057167323454,94.75615130433405,0,42.727153480945944,0
8.933372376300195,83.83192126032174,3,49.59916450949182,1
4.743222888677585,89.7216965346401,2,42.40782741641054,1
7.483000322493937,84.75727707423997,1,69.46759461652212,1
9.26456531841962,77.84123129873899,5,37.8223028633741,1
4.672364154425349,65.61798365146055,6,43.25499036825984,1
2.7214963393365736,94.12703851853666,9,77.49429604094084,1
5.654061377712275,79.05811431444819,6,35.20901685751581,1
9.17275318353869,63.901319317954545,7,82.02145704661356,1
8.239369727239305,45.00815771091743,1,37.30334423590895,1
1.5924685902683842,57.44229135426293,10,70.9842131708663,1
7.233155200698237,72.62360408980989,9,99.84666189080639,1
6.147077702130584,56.53812220097167,5,42.172503475230045,1
9.16716858711783,53.274120875074125,5,48.276042306642005,1
2.102332751652675,71.64361084527083,9,92.8898657792337,0
5.8063250188419095,50.189220753744074,0,73.84005741529903,1
8.91516424160703,88.02460379950621,1,64.47719091630177,1
4.690214080675688,69.06208908055947,8,69.38935680890255,1
5.337954259595803,74.43176643775901,7,50.68467412468255,0
1.6341460990026246,48.84299605584091,3,89.87252473663395,0
3.5032927640401974,59.47458013776205,5,82.16883175234702,0
3.920559842520526,64.60538099566918,1,74.97265026337408,0
9.506102038703983,88.49276983099017,4,95.22198187589943,1
3.5440062448704315,86.20957138516916,1,70.46776023798728,1
5.147818617426868,53.37864848726088,4,65.83139759817217,1
7.041739812078518,76.97074489642046,6,98.29853816338057,1
2.4596503516708967,54.60738146631986,6,44.420987928647065,0
5.37798148427687,99.29482934141473,8,39.93777212383932,1
7.646851355283168,97.12743268785223,2,41.35980086736484,1
8.801696917243595,73.79588323123723,3,99.26094056113372,1
6.636333471961841,81.93415431364858,8,75.6575738428386,1
7.021481637852531,88.08582293251871,7,51.41460173170592,1
2.1365512532611204,83.25990520269423,6,47.428446304454894,0
9.511988475217125,81.98972146494525,7,33.96470130634703,1
2.193166697360341,97.51324047697167,8,39.236313009280536,1
7.972056434636185,75.787366378437,3,93.57208069357506,1
3.3833468960048694,78.17816030914334,4,82.31387425037127,0
9.402338293311264,90.95612502629086,8,95.90918141527978,1
7.479635854325316,80.19345207150441,6,59.66116555186461,1
7.784323416805321,83.97595732105135,3,72.0866072242847,1
2.97153255753895,54.050121171798544,5,63.85698812992934,1
4.9873597897164474,62.27601544690425,10,91.6969777541474,1
6.560318751303578,48.83808074271358,0,99.39673210209692,0
7.929762563859408,70.34592654008833,0,95.29426453552587,1
1.9356343832115062,67.34364404081478,8,71.8639093447834,1
9.661287848090755,99.8297688567674,7,34.32613840317552,1
9.011986034991004,76.67251916893255,0,73.22686291155026,1
3.433137314460259,87.1866893916654,10,36.79331950717811,1
8.404842187290988,60.04088024545925,1,39.71750315449894,1
5.664915307358411,89.8927198805678,3,43.39412887323945,1
5.156258334058168,76.90509798926101,0,55.44453947383299,0
3.8299069523026485,81.8195398959063,1,71.42505385553468,1
6.228717279684332,57.66584667696726,4,53.34875719216166,1
7.56900205933238,72.91830350173463,7,61.658697513522284,1
4.698396144664825,78.04221840481651,5,33.3102323159454,1
6.662972737074629,75.34568054899486,5,73.38304605070954,1
7.293816290397734,94.91162268547399,3,75.99222358541594,1
7.400096353137573,93.89635986955321,1,36.95731036349636,1
1.4676948831806222,98.25904347261223,2,84.95820091952385,1
8.737730251165601,80.04568036041937,5,75.32216903633898,1
5.124279832885431,98.31484780754107,5,64.28106004969544,1
3.3617447352659298,89.94868000191454,4,68.70019119270822,1
3.1758805673171344,56.24992842039755,5,65.21320141869569,0
5.347127015595554,65.64614017307782,10,33.765506060941384,1
8.981483855220633,54.30354653134059,5,81.46046226516185,1
4.405128235143822,40.251829649833915,0,65.82674458163757,0
7.74753172105189,51.28292518881452,5,42.09766974478707,0
1.8713685788849674,40.24363517721254,4,77.65115976227597,0
5.284510319359556,83.1903076810294,7,78.65459242434386,1
9.925175263534621,65.53205786327197,8,44.94468285889996,1
7.933940225131033,58.754483624671494,5,85.75465509071103,1
2.894756395965517,85.70325346571127,9,61.95533081167104,1
5.5129732632811965,89.9492064771787,3,42.64267287549403,1
3.102622872837099,98.5179723189928,2,76.03340023191274,1
4.686048345362583,78.52081508051447,9,71.77088751740433,1
8.020756213614682,67.69173751240311,0,41.928442807641844,1
7.9410233376136325,58.31585809644615,6,91.06442298443675,1
3.0529034011214664,53.33909255285358,4,89.81740328944605,0
9.300009863393742,52.77555702895607,3,88.537121149923,1
6.333113644883442,64.55136248318793,8,57.945950127417085,1
4.419318618658131,99.50718131727578,6,87.72359423294381,1
5.5174202270277455,40.0512218462442,9,89.13567158669593,0
6.445641280939693,51.83235383386005,7,99.75781904786109,1
6.039014786612069,51.30357894421443,3,97.0323232721554,0
5.377645319825604,83.02716913193754,9,56.799313452639296,1
5.544395236804601,61.14908365588371,9,43.874297488136705,1
2.5877071938509757,67.43564827550924,7,50.4723674999463,1
8.314596138742115,48.9174478281943,3,64.63468586661249,1
5.875842879469138,64.29982233261686,0,86.38203436999785,0
2.1797187553423276,46.19198871435016,10,80.60888390082664,1
7.895413914245001,71.98259727331498,7,85.13989311679528,1
9.391995805396157,45.87630192297136,0,56.59484610920215,0
9.52576209313266,87.43050287038938,2,47.28332509980671,1
4.321159591700555,73.99610305242936,6,31.689077160292182,1
2.219651862046786,83.43807242641101,2,73.83285354551799,1
5.665596639697586,65.11098319916104,7,85.6526415083188,1
2.013483064142986,62.88947759453364,4,92.23983458630578,0
9.405886766613555,45.89253334293181,2,63.33665183459732,1
2.652216646196314,71.43133642256936,4,94.93520447450783,1
3.2748927395604768,70.87012989142552,4,44.1688443142651,1
4.659728741964734,68.08612266697632,7,66.00646862011716,1
4.448480217032132,84.43110188094695,8,44.963742140886986,1
8.151966031581,89.95026400194126,5,43.16528588101769,1
5.106851384958661,85.04738049691048,9,96.73716924016463,1
2.536914340030032,48.63194456841063,2,87.24184821110684,0
3.404889059374667,77.32357055692648,1,30.82599275088852,0
5.582020466687698,44.819386341372,10,48.795909659691986,0
2.327085256835214,81.67733724642859,2,44.359467573760604,0
6.504901080814127,62.9103457936676,8,40.29939261012148,1
6.0917257589603135,47.9499373759772,6,78.81887005552497,0
7.4323208474403195,91.72305141856768,10,69.67864819348267,1
9.43934153841431,76.84050034233624,10,61.77541995250775,1
9.210291049910401,61.28349807685165,8,43.26479409078699,1
9.514680562619482,41.84363077902997,5,49.43326393971596,1
3.2024403732133084,72.23861554021663,7,54.927073431721496,0
2.1840877597541914,95.39355270917396,9,84.98378800826131,1
3.7204903044680364,75.78278996214195,10,99.24326035014985,1
9.055766554896831,98.29903627716959,8,42.87839382733888,1
9.748481271611395,48.18706709622751,2,53.90658682253124,0
8.733924559634284,74.09830627569022,6,49.61410825812287,1
1.9901594901478923,87.88750288038577,8,33.08471762145929,0
9.526851982538139,71.53244386754298,1,45.345319985425874,1
4.810222246157074,45.46398135924836,6,93.11297603693646,1
1.0837926168611831,74.97316009283307,4,89.00007252106775,1
4.981543666733742,76.7042743505483,7,41.73181205803294,1
1.4146225270792083,83.72255490852115,3,55.631410883140326,0
5.894901290450058,85.67269090992843,0,51.75621386903725,0
4.046986246933462,86.24636129263644,10,40.341856563790955,0
5.2609144023464385,79.80666361833796,9,73.55457467464791,1
6.518533246688054,52.94867118511949,7,69.01084322557006,1
8.819209862360383,64.25414535036876,5,59.88939329168602,1
6.957114188247357,86.56779835686392,7,89.88488296757545,1
4.906439816303626,97.2056190040488,2,73.37979380090353,1
8.374850683033285,44.73681789019732,7,48.14915777971845,1
9.15023923815819,72.13220066783168,7,56.15933160399081,1
2.077839697889775,58.751336279458386,0,40.51097108481932,0
5.7873967979751235,53.52363365900979,3,71.39612911771147,1
3.560607637681997,70.3486410111829,6,71.06403615794301,1
1.4235507808925267,76.3653604333922,10,90.91285801806808,0
7.016920256025868,40.58633388516888,0,89.90716907294087,1
8.76493699713303,86.81239433207145,2,88.58594234219635,1
2.4661238902965463,89.19292787556685,2,68.42666237910711,0
8.311722918615104,97.93064947407598,5,75.64138675302104,1
8.680561601832474,50.8386239934817,4,84.28793607777948,1
9.229063983998351,75.67315374165688,10,36.417938166898004,1
3.3875658017744716,65.59752240858367,6,51.04185266244991,0
9.135577586709003,60.089671093321044,2,41.83629599737703,0
3.88596479262789,73.93800708625028,10,65.80273860422741,1
5.971042121099526,86.94298559341301,0,88.63675696428254,1
1.4545672374905392,41.383167006712604,10,46.14983787548306,0
1.3949297953186925,98.16400675397121,2,81.16324746195093,1
7.483358914589826,88.59289514234266,7,58.40767974705419,1
5.000319801800119,85.06922221873471,4,93.21524302510994,1
3.306631378322958,85.6232429308302,2,73.8752678592617,1
2.713721464224192,63.343642577119155,7,98.35871039169645,1
7.029581417732962,85.09723305068883,5,47.196884300944674,0
1.003613896228059,63.20621251617746,2,94.6770864767157,1
8.253020522771688,93.92240977448759,4,54.993903525363805,0
1.7132464551693594,50.63334299838818,0,73.53772236102654,0
2.723406534173075,57.54084545290909,5,42.215574941306826,0
4.4761275576918065,73.08025256194456,8,83.1849584097177,1
5.363728657444932,59.15266215323635,6,98.47753038256553,1
4.194956042325476,65.4542347177164,10,85.11982814744837,1
3.8864094848586452,69.54536136391567,7,73.10577197455228,0
9.675244108658696,91.38120092881053,5,61.374978278914895,1
6.774217131190548,71.39153521652156,10,54.16654154647278,1
1.2108965983064939,61.747590916873634,4,59.33088315629613,1
4.871583175998818,54.864169842106946,5,52.98018189355017,0
8.875078297695733,64.52055872753184,6,88.28969069034713,1
3.713105677696012,70.94416626486219,8,92.51777862592488,1
1.8510071029694941,84.76689143219417,7,96.47603799968171,1
7.82546294430926,47.26292657034032,4,59.28536253354952,0
6.454124487424732,53.29655129434905,6,68.23534424045647,0
6.132812570438535,62.77924095212039,7,70.38267947297422,1
1.4821890364666714,61.623904307170875,0,75.5761724164837,0
2.264491088159656,63.504885256312704,7,30.171943862431107,0
6.602944565918024,87.61127587841948,10,88.9882770003568,1
2.8704145731295223,59.449264177730385,6,48.76984578227248,1
5.536630717735819,70.11389082415988,10,63.05148481223979,1
5.903935174264541,77.4344219714738,1,88.90977799316289,1
3.551564712438455,53.93071301101631,1,99.77993028654829,0
9.535826399873436,83.12172322885233,5,85.64184533498633,1
8.582176961520176,72.82667918429686,2,31.73832661001836,1
7.501361568695186,66.80686978188268,0,55.812791954663425,1
1.7019447976846818,88.58704160429883,7,47.30474452931034,0
1.955170173781175,54.609715551110924,6,97.48922130338075,1
5.435032112784601,92.99055823685939,3,48.49602415343438,0
2.446420142718871,73.66292412200222,0,96.03451332376102,1
9.804389171765267,76.5504927627795,1,95.62622594513304,1
2.426682106246685,92.50353785013657,8,88.75872190477173,1
5.387210519175766,89.05496127096015,3,36.865023668876844,1
4.277089511573549,76.09372412931401,2,30.139665960453918,0
6.754477793086882,85.19126223089044,7,85.57181589495994,1
2.161327680004824,65.99916941397382,3,89.03093403138861,0
4.872847852381518,72.84266520998477,6,97.35271852621298,1
3.472345295264293,43.72420820251067,4,45.28678280169454,0
8.989763722045193,45.391475080002806,4,81.32025275469744,1
1.3652714092122558,89.76552425117993,10,66.3345092201836,1
9.223547446058133,43.5802993409498,5,52.99375436372523,1
8.496947246977005,50.16394753795644,3,72.44037070413171,1
3.678136447967339,87.74995953702648,1,68.37395755115759,1
8.103615892093941,40.06875703769538,5,50.46060794946021,0
1.280922043048728,56.94425973075186,4,48.79237234922612,1
9.701789952640542,75.04231946959732,2,64.06061569030899,1
5.739354483308104,75.7269958881578,3,63.18255559402556,1
3.729529234589007,86.62917449376842,2,51.14368922175974,0
4.263248913352093,70.35557526953022,2,48.461181062825816,0
1.5976481811444763,70.56411217185823,3,96.8015186398679,0
9.904145626378353,83.51863453244204,1,90.36593533217663,1
1.353627506356232,69.91746779597702,3,87.17453737971735,1
6.894164108330731,76.50946519381701,9,44.99986380739046,1
4.984623349358125,93.86644409530305,10,43.25037244900608,1
9.540245963698435,64.08706045674232,1,86.65303128086688,1
3.2139976627611566,63.10750425515333,9,42.92720433845735,1
5.788781415442102,40.212939511886276,7,65.24751550285254,0
5.341205877244777,76.80557569127392,9,45.499525073917724,1
7.325797996450913,41.786314444427916,4,56.46488485691064,0
1.6120920875717846,70.24890938369897,6,89.741795918668,1
2.7441021702101938,88.25402734193361,10,92.39928402768386,1
2.9310833808356485,72.99526423117979,3,99.76754756172555,0
7.643356793575207,56.17816991300056,9,96.07329960105571,1
2.7022482669406607,87.17010528696227,5,76.98755070700146,1
6.16142587501879,56.18302024495233,9,60.22081959383489,1
2.937194384508583,83.98190685675392,3,34.03846627043593,0
8.754624550755807,76.61550731141388,5,72.57162794524356,1
9.479669090406746,50.19977780488007,0,44.7476463402832,1
5.6664367744801645,94.30803249065114,5,89.50953986807244,1
4.170779957882605,52.03862097743174,5,68.42292155448041,0
3.106519975157492,99.37522444844019,1,81.34511780272959,0
1.448029013707394,40.438629319296446,9,77.14465242809183,1
3.4165006857774585,55.809002628574184,9,54.31318342819331,0
6.888122019507861,51.99161783645193,8,83.1360235148837,1
5.802552381782897,40.83960461022776,5,89.0362670708314,0
9.496371504528346,83.94207400883894,10,82.08913054580509,1
4.5664953624253055,81.60554812597577,6,84.3764746227008,1
7.244770080955551,87.54105786129583,1,55.201087776671216,1
5.4039047272760925,55.40191278787391,1,96.0581552923766,1
5.613185943317905,66.6601100249782,1,59.720048284925326,1
3.4099688314370575,79.54681129729285,9,92.79351529825252,1
5.094556991577997,66.38611023328862,10,90.0466572865611,1
5.237064973114365,81.83954621907495,8,38.70316827648999,1
7.359782695740406,78.03840450642653,2,97.63893917141323,1
9.465759992675025,46.87886818133059,3,99.7439179768359,1
3.9638914973425385,86.86258726461809,0,72.43025617103004,1
1.379804217231686,83.2405815455511,0,84.81770356019638,0
5.466656129505758,79.35006325704433,3,95.35809262862715,0
5.900151989342517,49.30561637626014,1,31.4017073328741,0
2.515964960187237,56.07978692772182,7,95.0993017008587,1
7.8441814564846,63.59062189525602,3,73.91562964313755,1
9.864361975973425,56.7957772993866,2,87.99194802584982,1
9.51197245307615,53.668617440567886,2,67.85055911139114,1
2.7739543494128696,88.32146020970654,5,67.13822275754615,0
8.878269159106846,78.29393478161214,5,92.8262744021227,0
7.340442727705162,73.92832789301502,5,65.52304045393427,1
5.084619074262204,53.55716265119523,5,63.0252566784557,1
5.8654989489225615,95.08459373611848,7,72.5732165899874,1
8.646401574842123,51.470982345838976,7,66.29989868136508,1
5.321214456745358,87.69705596948063,8,61.24008692969166,1
4.358866321946142,98.00036000231759,0,42.63666797594567,0
5.439227437233872,83.62556375345417,9,57.81803409931943,1
6.212168236315442,99.57152651107779,7,49.74319905840407,1
2.7016988840051397,79.0630670186768,4,58.032530856061925,0
9.108169572402916,53.0476206162337,2,71.52108067190889,1
7.067682539466524,52.22916962299068,10,72.61962159681875,1
6.6994202560374,59.47385705532858,9,46.70630348048961,1
1.8954660356257431,40.427801213260366,2,35.91350526311759,0
6.437565443553326,80.90190820497008,5,82.11063823239144,1
2.088645960146431,56.12006707766966,7,66.99994849224998,1
1.7082790767585916,88.91099393756517,9,60.94709447458975,1
5.7457980607815395,61.55035903355802,1,39.071682816317974,0
4.6250698064184546,68.79738960779876,8,59.02646256628176,1
6.299292431406009,97.94133499362215,4,87.27227916343845,1
1.8029995125151475,54.530327382836624,4,70.7004940625188,1
4.878847565625326,83.27524584578438,0,36.368285891514006,0
2.5730804354064216,85.30706735832503,5,53.25925931891516,1
9.883900773317048,53.25988945141811,10,98.58614181395104,1
6.05035191191657,70.05981019673175,10,68.11552299814511,1
7.1869317484678055,61.0121155187781,4,50.04772557171317,1
3.9287645261434703,86.31437460400535,6,93.94113223413444,1
1.8526502330140975,77.34899914174224,6,53.520044380237195,0
9.78283776505183,68.55898329163281,3,81.09351341494039,1
3.576331318448649,86.7617959028631,4,40.30543540026837,1
4.814273666562168,54.10933420050502,9,40.95451798692581,1
6.8487752953231755,85.21731283506155,7,69.29198142301988,1
1.2222756791750016,91.92245872556947,1,46.78763230025239,0
8.292332174655582,92.71729580845434,0,33.453246056984334,1
5.829203710257582,87.02041558117622,5,94.85258079829671,1
3.5039546836193995,64.48085001989612,10,33.91926840302083,0
1.5544718676322233,98.90848136306963,3,80.22065206869657,1
2.462485739269973,62.7756186293464,9,53.30900758882218,1
9.055304729680932,78.31752394614554,2,95.34534755772168,1
7.174218015423019,49.664450684168116,6,99.0236672421399,1
3.2491154947320084,98.82693391818356,7,53.48014559317463,1
1.5904068845052657,82.23915531187978,10,71.37747737224234,1
7.215537811479727,85.2026527147821,3,84.10893281996661,0
6.151669533709886,43.94660220466868,9,38.63865449882997,0
4.640675720124115,85.8050688532403,10,79.66236127110412,1
4.272503042710575,86.48340575323607,10,93.43382390909625,1
2.9513284833619746,80.30636358173379,5,42.49517830904172,0
7.026501308837659,57.51457682742062,10,88.70970639298449,1
9.736012250144835,69.38140252965289,10,38.09224308696559,1
2.5814372125314327,46.62606227852299,1,69.78111875795886,0
6.3740495801395305,68.29522398754915,7,53.75545684958591,0
4.817665501713786,54.62943115602429,5,63.02011024010124,1
5.020198495701984,60.94581918964492,10,51.04425292231269,1
3.2873255211503296,49.75602450422191,8,48.237756012942725,0
8.426213880952773,53.80326206481382,10,82.01974329354155,1
5.36730043732517,44.59411850920698,5,45.6179250332776,1
5.890652669784377,95.19408198621528,5,58.58891309192,1
3.7428482151759317,71.8246412785242,1,49.218995552177944,0
2.6362761910025476,63.80451827576438,4,46.70445588827202,0
1.7731934938253844,72.10175276612703,8,73.89672777145046,1
7.427072268324244,77.69759370889315,0,33.18000313806158,1
2.7661085351907007,95.31272760216095,3,85.2229115902596,1
7.2106781876991795,50.7215771371788,9,68.23638447673717,1
4.513388014422585,57.73314991811306,9,87.99061772751375,1
4.741973208906863,98.54736018064688,2,44.91111883786897,1
5.222597464834945,62.27157919891147,0,79.6584228588389,0
4.309376573147889,41.353699045439654,0,59.440868900227464,0
1.9055797950033107,48.85860955822953,0,35.37627840159921,0
3.786686290025612,41.58032210491312,0,82.67334745486323,0
6.973609246245446,99.3953885452437,1,83.35310647796138,1
6.992059613219839,56.73225093947338,10,48.964180612333934,1
3.576018765159949,95.41256541617356,4,94.12322132706821,0
5.140923639019192,99.75317654558295,1,83.47788577367074,1
2.741025052107437,75.99047326858685,3,51.47301583863725,0
2.893348733768522,41.99177890393371,8,46.73762596837861,1
1.2074237956594667,44.89549782321562,2,60.806268899968046,0
9.070718949169702,68.89534330647267,1,50.495287034453796,1
2.896359985674156,64.37032077468916,3,45.191613774015515,0
3.0478048924281698,76.37063834690606,8,57.93705300576675,1
3.5164128938061863,66.33086858268183,3,31.79929559784443,0
2.146672645258861,96.04461095628906,4,58.098774947696725,1
6.753365948632266,72.08438292481065,3,45.51638397521111,1
1.6762865785982792,81.62356368774653,7,48.50339308831891,1
2.2078218369371525,93.78911635854979,3,35.778730036254444,0
6.802810539310836,48.81231254999244,1,71.22521785449352,0
4.0569455843329845,53.78407924711171,3,63.04064593008452,1
7.371530440310702,46.439119628440906,1,82.54391645228452,0
6.016822702031278,48.378303953794735,8,99.09690376255432,1
3.3041905575536177,70.75503801605399,10,38.367380593515236,1
6.857451554403952,59.27075553804784,7,49.069756226739784,0
2.046463122635926,65.39037037160529,8,77.77178896314328,1
5.827693447720273,98.9493899076437,3,46.611840637101565,1
4.934332945405312,49.40226086775689,0,32.110326086148156,0
3.410862245356967,72.44872424788454,2,37.68646367635758,0
6.436044979655501,45.93226930321906,6,60.35388492209361,0
8.842002331062542,59.10977879583272,0,60.15492564858857,1
9.99014229786769,71.65155542047592,10,98.0613283438824,1
6.469864918690821,96.79790475792026,7,62.61650237284372,1
4.642352868962531,63.47369327700898,8,77.46473952279453,1
3.0268639019458146,43.89440177288019,7,64.45407011993407,0
3.3138648045560055,63.28968687761902,4,48.89429492389786,0
5.3150948033478915,48.74447055243866,10,37.38157455802201,1
4.305499311526383,53.799376797486715,8,90.13518112629278,1
9.224330703624497,77.08543738989943,3,40.68638861046576,1
4.314659208901386,44.045431972220904,8,36.7825531146006,1
4.361001320308919,67.88342537500225,0,44.96800277203285,0
4.451810611905793,76.56769516064585,10,30.174204746445824,0
8.529581893308922,65.31150354204982,2,35.0375604877495,0
6.857094887622116,41.14758103742382,3,74.46377379038734,0
6.527519652870034,99.13116141417193,10,47.04833248005266,0
4.007287201454759,62.02694604043212,9,53.69584669493447,0
8.361137591491955,86.71463121599601,0,88.4709828394785,1
1.3452747522013102,59.53878953124719,5,84.1029708057217,1
8.837174551043018,68.50100541960512,3,64.4573670726154,1
5.614749098145366,63.3078185566598,3,72.90836607822992,1
4.584252113770715,60.55235377057646,0,36.00678949081549,0
5.474505526459171,41.31108263246672,4,83.31162910369505,1
7.00673977480448,61.60125627127021,8,66.13340266866764,1
1.1148888386610762,93.3693994239718,5,69.96643713598391,0
8.84396670812423,81.42360031562103,7,76.58688758054387,1
5.020655727802535,48.72537154572639,10,65.01227093718995,0
4.086698677300704,75.46930027736435,3,66.51848411331802,0
2.244210090706514,93.5338515969323,8,64.97449107760144,0
4.955188369225979,82.00204245789132,6,64.77722347004993,1
5.4669049415594095,48.92106354140181,6,82.51437104958262,1
4.6328202504413,92.06994980406981,7,59.904596902656,1
7.107940844442074,58.092640797331924,1,30.2025322947716,0
4.788068758833035,67.2445686587405,5,72.84442232853175,1
9.65275820061916,71.56856558134878,6,96.68637324483984,1
6.393497660412327,91.03039626269171,2,47.98718815540954,1
8.267301420867181,95.89644970885966,7,87.13353318205165,1
1.9842031279853096,95.77917266743336,0,61.88431457981561,0
4.5756216365131515,40.47725087671244,0,75.0087448935642,0
4.031629313024374,95.31330913512744,9,92.36116117891697,1
6.125341493229326,43.26321796009434,2,83.97095289587915,0
8.75002168055283,55.94641940904612,5,91.92013719092657,1
1.70504395985806,70.89927128366998,6,30.666398521332674,0
1.653173182402397,68.79554134026364,1,43.11204892503457,1
8.65285937341839,76.28258763324352,5,59.644608879606636,1
2.9156507743452167,68.76677372422034,4,89.34892582171722,1
7.0187792900483235,96.06254077842524,5,88.68743525214688,1
5.885903191247246,54.43293089287522,0,42.95982323817633,0
8.496042353985064,56.44148164230915,9,39.9569703167005,1
2.1258001885276316,95.24427614158337,6,88.42917046375726,1
2.1680466915035015,44.604370824715375,7,67.90040058215283,1
6.011365242504768,76.57364931428859,6,73.87388291087032,1
9.517407880225338,80.90415712393664,8,86.64442522659058,1
4.734979825336788,70.33250340578437,0,44.82225245110132,0
3.9424789022922546,81.65391272938822,9,39.553935993331805,1
6.460203908780972,50.36527876071802,8,90.13309839489091,1
9.37403740490528,91.15793396629239,10,37.82418741413423,1
8.532350495601612,48.401541368193136,10,36.17265954872535,1
9.95935249659898,64.04874665894498,2,49.39526229316972,1
1.203117248821394,44.51545607849235,1,52.179420214052044,0
2.01572330241486,72.71266472904401,5,46.87947478358411,0
6.485209870299598,80.18474844553835,10,81.9136290750151,1
8.385187954004648,96.47329810571743,4,98.13478789550926,1
3.567199080760899,84.36017175376006,3,43.9713939907244,1
3.1528997923079687,72.46617498724908,3,84.72965326725026,1
8.08278219443081,95.95702103022003,7,33.096954718768174,1
1.5074366846790843,68.70621028245259,9,38.32318622931747,0
4.3244438282432665,73.67233918593216,2,66.05821918852737,0
5.552283003330968,75.76591166020575,0,99.97262086445578,1
6.043138069152911,64.59878355319401,4,96.45559548469552,1
7.557536411134992,90.30896143394945,7,37.83600581208199,1
4.1936115108759235,51.110556330703545,2,46.77808412321261,0
6.514159102071464,73.29053142229648,1,96.20542948067732,1
6.268378805118607,83.33399537123165,0,40.550673422495095,0
5.928544905883724,94.23857031259463,3,81.99522826593656,1
6.76434963827991,93.03510378605671,10,30.077561638537965,1
3.3350425396126866,70.52441736580852,1,74.21984718726208,1
1.7618387822616608,78.5896870698005,7,64.6220295289906,1
2.0734450483576907,63.65426416775806,10,62.97176958017355,1
3.02124144388511,68.09066577281202,9,88.04342255273764,1
5.501781419705067,94.37594755438298,8,35.651404167355196,1
8.56398475491418,95.84223959154843,9,56.41325007370689,1
7.311640078795457,93.72484348402118,0,61.22269814813093,1
8.101365437818425,48.30225170881829,1,38.674859176005164,0
4.158780615334822,91.00504127983817,5,35.996658246203516,1
4.641883674836952,96.90182386128882,9,42.573001319013485,1
4.543136973915516,61.67498167441628,6,46.873340748586294,0
2.7268586596405138,71.11877736530016,1,97.62424042200414,0
1.5509499232921482,86.74571534877975,7,63.29295978761779,1
6.318244835445041,73.72468825393892,9,65.72023228707678,1
9.902950150785275,99.60901130237497,8,79.48987434725152,1
2.5014673445523656,67.3428019094097,7,77.89867584625134,1
1.4201633790934638,82.83656267244265,8,65.1944181479076,0
8.015785136415396,87.55546841179265,5,53.78868759291565,1
3.273274060162518,69.64602494550637,10,53.17361855112077,1
8.466794248176356,91.41902834268254,6,34.03975137226578,1
7.3354300033106385,72.76927547243179,5,92.97410974906978,1
9.51106183345724,64.69904780809789,6,83.85761666087296,1
4.680345121810048,46.46942043111682,2,73.63402689110461,0
6.9577285550557075,63.60481458102545,3,57.725722024995704,1
5.183693027319436,84.03618728399705,8,70.77260114556141,1
6.675298275776892,95.27718470080643,2,63.95628634780197,1
5.046390154069636,55.10076423161862,1,49.175448493521884,0
2.6976902178166737,61.31413103983016,10,50.90009226956241,1
5.571076744030428,49.23765964626557,6,91.21357945192386,1
5.757257812936981,81.44337365373812,5,74.44356507331321,0
8.29543463434145,97.61130580059552,2,30.09957393194901,1
7.619686352142231,78.45713319089053,5,52.88102355744155,1
6.974124615472997,77.02459180037357,6,53.79618253077477,1
2.0204838599731527,73.20939583002604,5,79.44348916161312,1
7.485546615973435,45.30734444113219,0,79.0317339736778,0
5.502746407190633,83.77022958576302,0,62.49083971036464,1
9.046895824955433,76.12297261296105,8,96.56855889679763,1
9.278838407174884,79.68860613137721,5,91.05604188139023,1
1.4964093154160691,93.92866558164529,1,90.6347500310315,0
8.38577404319031,87.03764722366108,10,54.378585768013956,1
1.3392765138040357,86.85491512927156,0,60.16998524067007,0
4.304526631255204,95.63102613276087,10,59.32733471698259,1
5.880699780589712,99.39609708777998,1,60.8186817724798,0
2.332907187644147,74.87696391766357,7,92.24475565076065,1
7.716824313121691,46.532896961869945,4,47.43844896988599,1
1.0751923375492471,67.54779446652618,6,86.15365496715263,0
2.5173914359063314,87.25606878769867,6,65.98279825313415,0
6.227171468681282,41.66351948571095,1,47.43589300132976,0
7.4294880583356315,43.41324630136894,3,66.91056452016879,1
9.249787924245245,44.02946694296928,1,43.680913447183016,0
7.349469867411615,83.86214549969864,6,37.57255082549244,1
7.046013432293794,70.06999771379033,4,88.67241924824357,1
4.549070317155978,62.133876611235614,0,78.9525416401462,1
1.0115598297412127,46.33702271570416,1,44.34852931497082,0
2.0814333286205975,83.93441501235336,5,95.96063111810543,1
5.8109909028043525,59.261188633053976,3,31.707886133887442,0
7.076168972599778,55.91944420388003,6,53.32961309351269,1
4.757034555068163,79.13915209321306,1,31.515712694407565,1
7.576111103755512,73.54065355581051,1,39.96083153025333,0
5.696760657989609,61.7446385087981,5,42.6055563314388,0
1.66758576034881,78.48924824833529,7,86.72344074113974,0
2.7281462587115395,56.27329122304709,0,99.51277693733692,0
8.559984009195485,87.68981569625961,4,90.71241922277386,1
7.524214719619955,53.759137018459235,0,74.45930921474266,1
9.052857883112456,49.53026172292094,10,80.60464010401955,1
2.058015242088429,86.9463645699325,5,66.59746958144797,1
9.912002811535665,82.47352184187599,6,59.578052465359434,1
2.884660425549402,50.95833854210791,5,78.45182515897075,0
1.1060188865797782,46.97474516139628,8,98.11816802065675,0
9.976806451481988,90.30394530920152,2,32.02258296494219,1
3.529664969006018,86.59590893180129,7,51.985946522681814,1
7.012175072613039,59.63544242197985,2,53.10418621049843,0
2.5901408275867466,79.491844492802,10,58.997559907406966,1
6.222056789792275,47.449611192868645,6,73.8824502831014,1
9.136314878091033,70.42285954286069,4,65.96272137357909,1
3.8816305068559473,41.12381752362519,0,31.311033431805384,0
7.032285784399233,63.496112855293326,10,58.81267048697601,1
2.6911322991857487,44.490569288284306,3,73.36140931663122,0
6.623158588468527,68.50883080941296,10,65.33773074513388,1
4.028053166357592,65.30089881117365,8,91.044330492692,1
2.900874327291565,66.66310159828336,7,57.90169694676143,1
3.8186384563327165,42.71987812287964,2,30.879107587883805,0
2.609569616570194,61.69698047690994,1,49.94289622881492,0
9.117244970540945,85.38903094599499,10,39.49708388782918,1
4.574681976854159,62.134862401217205,8,47.51612264169776,0
3.2075137447693063,82.91031715657485,0,55.34616126258125,0
5.035670569143396,62.168723418023994,8,77.36589566248088,1
3.88482550125846,65.39436648941118,6,52.69189967087259,0
7.699773284319933,73.83352676975596,1,91.88764225447065,1
9.740979206969449,97.04091620842495,10,50.96975365727426,1
4.942302910278821,46.53162679879931,4,39.58533884990577,0
8.749300599750164,41.97482611967042,1,41.82057922296461,0
6.092767662036575,76.47743102860271,4,95.42059047173731,1
2.4151209858481013,96.94582533570559,6,61.837012990913095,1
7.215604678732074,99.38338795328289,4,58.218824764375015,1
5.620910474132381,69.04985484352011,1,34.823061676896835,0
6.855458709268931,68.08489726510591,10,81.3324748147343,1
9.007186713144984,78.69782624471176,4,78.625676804369,1
4.963911135904414,73.33808543229819,9,56.301838460433046,1
9.1105986089562,78.04528345684709,5,78.42344847787157,1
7.756021128534894,92.43996553227365,4,55.72162323593669,1
5.397444332901863,84.77837016925656,1,35.121061497597104,0
6.428999220921673,69.81264350120773,5,81.66695641154432,1
3.930230192671103,67.71186754001018,5,97.56409053643942,1
9.852375697648968,78.37610491078696,1,75.3803369721858,1
7.006160467453564,67.34237706521785,3,49.35228646500488,1
1.3946216724696692,67.4667610759384,6,48.89441998254323,0
3.939597151732079,40.97835410719029,0,95.02843175408306,1
6.609829903831518,50.443848244438506,0,51.23032151784511,0
1.5069995001931582,69.31081839974519,10,83.77345633679727,1
1.214957721872285,89.35920754302215,10,75.00404876128091,0
5.0502181557502235,56.72362040362745,5,71.48212678788991,0
3.99421161723403,71.35860598786894,6,42.675241698145946,0
4.944687472298493,60.69772508555393,4,32.40877321331672,0
3.3642397889200466,46.288239372375344,9,64.2073991929522,0
2.482459722486828,97.49790898427804,7,99.17110250748495,1
7.202290212823039,91.2804322150181,10,43.70319329633941,1
5.631140046410205,44.70954546801438,3,67.58104381073865,0
2.8013879012443015,83.18723574809708,2,76.96855062511855,0
3.876304836339985,60.85479426145001,6,63.857440156567165,0
6.326271168969933,99.69098842370755,3,65.48536646180358,1
1.6500641344523006,58.14391118973866,0,76.28592529915159,0
2.327077083395616,54.324306721755995,10,87.04338479034806,1
1.659210436966511,74.07343289832431,7,53.33013294377011,1
8.310855994427069,90.10756980059224,4,92.9492662132401,1
7.771683098908083,51.55113230918788,7,63.94306110181185,1
7.779816386913314,82.56416618315987,7,76.33142305222663,1
7.446928091284253,43.684394988467304,4,37.4559543857707,0
7.024468813028823,95.13608458662983,7,64.47355004644712,1
5.292927238403575,44.864494968837924,6,31.127451231013865,0
6.780503471564034,94.85388258064975,2,57.371731718802764,0
1.345253993091772,69.44843496716217,3,33.813894039826266,1
6.593179803911061,66.88546676775519,10,92.7886586358905,1
8.000899349831894,98.39842477002259,6,77.09635846111249,1
5.503225243459512,99.42305066189314,3,85.43134493608352,1
4.217619955845132,79.01068755766072,5,62.737563912859216,1
3.4968406132088123,47.62715751142291,1,89.63284169120377,1
6.785218451458742,70.37020513931215,1,91.11284128723833,0
7.235210787669178,71.74978605733975,2,54.97727678894155,1
8.838708398762883,70.86678568811858,9,56.37984358750529,1
4.081006742148917,74.16951031120058,6,65.57684960811801,1
7.9279507664702695,41.12348282766344,2,32.95704465294852,0
6.052202417704041,82.67363688823013,2,99.70378078751261,0
8.94552841610271,82.74365811717928,3,55.14268637953269,1
5.750308974660586,46.92818651067328,9,62.959031934970824,1
5.658668455581705,74.21436654674804,5,82.83299546942558,1
6.200893732968182,74.10167094614647,0,50.82594506477601,0
7.74383819628191,80.947025211424,5,44.1141996488053,1
9.682214309456148,45.12386152810487,7,38.92150846872231,1
1.6620701879418909,77.59019843596579,7,66.96121163568938,0
1.4809114215191546,56.84511704478047,5,30.384880125192886,0
9.437953036666046,70.42017942977031,5,79.66644837026806,1
5.768880629663855,86.3994131622446,2,62.29726503283725,1
6.534127131102425,82.33875618178081,1,67.22759779536206,1
5.341812414352559,47.1341810606796,6,48.424325422464335,1
1.8429170734672704,75.47108722696439,7,42.477713849199375,1
7.912804405767999,98.14699185644432,9,78.99927698731865,1
7.725021805797282,49.406166240100134,5,44.719147353845486,1
3.805329893435308,91.1744252635249,4,84.60601708922336,1
3.7561532070556036,82.15288483322661,3,44.257076365821895,0
8.540572428149666,86.44019877458558,0,72.88781721383242,1
1.6512153196719397,56.91749962855873,8,75.07104448448756,0
8.929946335209092,57.27333576279055,10,65.39519137150504,1
3.30995520906323,94.3611673465893,9,99.77535356917738,1
6.336862729799446,61.58992192555352,3,56.30901078769338,0
9.423947611015999,43.78092344156863,1,91.83248016088464,1
7.103102513829818,76.035802214767,3,41.845973463681744,0
4.72986831220333,47.48906014251056,10,53.60476107176643,0
7.205807880148736,87.79577448447449,4,40.17569846279964,0
4.095816726847332,78.50478655006344,1,72.25371649454314,0
3.495325747142675,92.48359031327249,6,74.67801100996428,1
9.970149501412116,87.09023498695811,2,61.74527891591086,1
7.757112080618089,46.72681890029177,7,80.41127347564054,1
6.802479796436359,62.864240586065335,3,90.73567181555947,1
4.197606788973869,86.47361499487523,10,84.35915170776622,1
1.4424474623954335,65.04048839597954,4,46.916364984719294,1
1.2795118843164004,98.3419290867987,2,52.42794785122351,1
5.987631299039189,84.14442699360696,10,56.61935878320042,1
7.85829448935146,40.929995001419265,4,44.26363816723999,1
5.8364127139946955,92.79914149365018,8,55.28653655999929,1
8.567065647452031,46.048287092113455,10,46.66319738022206,1
1.3008387978389946,48.431423450805156,1,99.70094988210678,0
4.300768687833461,84.06954403666305,6,84.82752382718844,1
3.1336335205676025,91.89811356582882,9,90.20119490077745,1
5.025456713414099,72.18097767397336,7,94.55028277954625,1
1.6513875387471022,57.34298397674675,2,76.5500694118827,0
9.587184774139653,61.07893271519053,10,42.31835973119952,1
3.009298609624248,60.573359775763365,3,83.09682486328798,0
9.300769979352262,59.60068622857074,10,31.09280266390297,1
4.833038395330136,54.57458030929899,9,37.926130744746125,0
9.869717199296963,76.53202567775398,1,32.07091208194484,1
5.986525451141897,94.02431911390403,9,39.481158139678996,1
9.377495777582267,58.42494478500047,8,82.64029677488011,1
1.0481408982480056,51.20165784768473,2,91.98363979725002,0
7.734149255628101,90.31465998228549,8,49.51881963232799,1
9.127455877922639,84.5069998533822,6,38.3389037609565,1
2.2574851028105867,95.85022189359464,5,49.10717820594874,0
1.8651326655893634,49.931184136294576,10,75.29796267101034,0
4.8211534646736,48.655078846995494,10,54.51421281957257,1
9.403110155196416,72.4857636582998,2,97.28022168930228,1
5.881479041713948,76.86601929010573,10,39.16851575054945,1
5.747108173495589,68.81040651157537,6,99.32397666560895,1
2.2701350646938967,75.93799817943253,10,30.8716184013467,1
1.007105599838969,50.82278613250428,2,61.618507601028696,0
8.291260816709151,68.776825249845,10,47.62682412264264,1
1.788171066876144,79.48555365638006,5,69.639982838751,1
6.7046483686179155,65.96238695492222,7,36.75855823867504,1
9.231548090636723,80.76684014899587,4,91.30760125903204,1
2.8778672184258793,67.07147683323038,10,39.556848028790796,1
6.987455526132197,60.01597485053664,10,71.1172532707616,1
1.7082871903675851,58.21630282522554,2,32.33428041381802,0
6.433796294538517,64.65412353931528,5,51.769446799828685,1
2.4753854885788247,41.38537736093205,7,40.480603159372144,0
7.623582044636602,80.11150830676682,9,98.44926520215236,1
3.7110816531451736,90.70633845881571,2,30.841495734128628,0
5.170519079241816,61.27762566658711,10,54.667673835907266,0
6.394874878248595,42.761988168503116,10,51.19432541353753,1
2.541460695996156,99.20653584313345,4,76.01615141072273,1
7.674740367558588,55.82189532706401,8,33.94645767229316,1
3.723763065731331,47.59726730144638,9,86.74324401740834,1
6.961346739214782,62.18515047838167,9,62.656665769477094,1
2.4245474562943627,84.31342243801339,2,61.69407995329066,1
7.193058932857152,57.634995813433946,10,45.87529162674482,1
2.1536926552941558,74.48219223516926,1,64.30327371122098,0
4.828208466429853,64.93359966622853,10,55.47254187347499,0
3.224854663649891,47.06583953659711,7,47.15955053765882,0
7.735377244853643,59.81722074952661,6,41.80668568950222,1
3.358315040561871,83.492230342844,8,80.9834897511458,1
8.935455757558566,76.72023383988673,3,39.94300813403143,0
9.026381902659516,47.18670279301366,2,41.7587397298621,0
2.7679718370050725,49.79934458285851,9,70.39499430843046,1
6.524613505069518,78.44400155844673,4,45.82542551255662,1
1.789458775479679,88.80492485925214,10,62.15635197907108,1
4.523833896414663,60.968469757490155,0,68.70421469645125,1
7.4198955655114505,75.71864511060701,4,49.210082988728175,1
6.934809221649246,50.23861532512632,2,54.048797560865054,1
6.622306024659472,58.68258021431943,0,44.71447789366418,1
3.5428677729619924,41.21621234038316,2,62.2297142413605,0
4.402224544909618,86.09655686797134,4,99.46799365361824,1
1.9265153023025756,64.06058918637801,4,55.38983306077985,1
7.471205383902409,88.96753441923724,9,75.73312654704775,1
5.534999171121462,82.50237976136358,7,74.5126115713532,1
7.378890691110891,89.72465594370861,10,85.05372829943988,1
3.240491723171855,57.139520174972965,0,79.83429060753025,0
3.919944057715596,51.10652382567071,6,30.82458137804119,0
4.007938035341032,98.31434095910024,4,51.645196475257066,0
1.231681687724946,83.03966722245218,2,90.91634345145444,1
4.069430855475612,90.04253607560022,3,67.76851530039873,1
8.229741161662302,40.78800242259602,2,37.29568603320599,1
9.075686461747647,61.267697217753195,7,49.329582137189036,1
5.663964840723347,84.5690014346399,3,49.83702807048072,1
5.099515256972982,44.678969979399,2,91.12241480737629,0
1.2774215682943324,74.04039577413613,1,68.73808897494112,0
8.912839038268444,65.74436604730019,2,72.58265345917798,1
1.1170919208328545,41.056990428466435,6,55.69452834200291,0
9.502750721891907,54.158534627167086,5,34.221726881707916,1
5.402946238192816,57.08751934400286,9,35.267379809774496,0
4.077410442172539,46.711596780779345,4,59.426777913943255,1
9.31796591358394,77.89221458455962,7,42.424571488671695,1
1.2195189379908706,54.54387257511334,10,37.29837916740768,0
6.232824053821784,56.657169977163306,0,48.35704813818255,1
5.940392720494039,93.89431589200885,2,81.94324524204737,1
2.9738836109024387,68.02738556158837,1,35.11128130779906,0
4.859986882151896,63.52768881815634,1,61.37581364664922,1
6.870376053493932,83.43226229888303,10,87.826101169482,1
7.544180771937348,94.57682781297473,0,48.75473705983701,0
1.006451728359218,41.50218017424663,4,51.13119506612887,0
9.431680870819138,66.89433079332379,4,91.89450950228021,1
2.4807283515353116,76.64688136467683,2,75.50025061846317,1
3.102223908001233,59.113785887559374,8,85.83984665936694,1
3.371261011244634,86.3444633273945,5,50.244295158068496,0
1.340381228968318,98.28862421621643,9,99.77456669465518,1
2.1074691123129243,96.605641975017,5,39.86274589369842,0
9.877149306497458,55.95895236279651,9,97.33559613229997,1
3.8369506363955743,53.58029670624916,5,93.14693834061805,1
2.037709813051444,97.44943186127327,1,68.63262543736462,1
1.9629213505716099,67.51770924588796,10,70.97075359700031,0
7.475139709029747,52.4978633850815,9,84.25335149340957,1
8.691117976293768,82.41981781782509,9,51.474747433444236,1
3.3125706955762286,57.065219434227494,7,66.9228847438161,1
1.1881856110171147,56.03481850426314,5,93.16630556106531,1
3.0078101660082024,92.75494258466708,2,34.77743260644028,0
1.508641217170816,49.748749202614206,9,93.38700685500535,0
1.9305544296703736,43.86357678797418,8,81.01445575024732,0
4.883573078628782,56.151186410301236,1,83.88913802576272,0
3.0692653377546932,76.41672477029223,6,34.53026721236362,0
5.643512906728811,47.38527120419623,2,43.142966823348395,0
3.2814437793147135,68.29568033660763,5,94.76832595326857,0
9.464835709926529,77.64022662551919,4,38.68360139311933,1
9.153495711336381,90.92421955559044,5,74.18279989048352,1
6.101254945094194,53.79217547213526,7,84.78847847847766,1
4.1898159278864755,89.04077940296736,2,46.189741715320565,0
4.43032193831262,54.09437566787432,1,78.9153147899344,1
4.7066705483004725,80.60599247437844,7,34.590355930666874,1
7.548213899214496,65.8404142889473,0,64.913788212985,1
5.064750959669541,46.88087454272021,1,53.4103182424784,0
8.710569518553076,82.85580776931093,9,75.20194121510869,1
9.49685307337328,53.06575711294107,0,92.23033922497672,1
4.023515380410405,50.59740556147549,4,38.78436426863251,1
6.046250332381121,61.49937571536299,7,61.52153567305595,1
1.8555088314930799,79.19741468556902,1,59.62356645524592,0
2.8042214298972308,54.03978872743767,3,52.6656666875745,0
4.721191900391441,51.019692326913145,3,63.61167358504896,0
2.85582444311601,40.59721754280186,10,91.65099344942766,0
8.889044417098457,68.29858582610342,10,98.15633536360946,1
2.4245763045318824,65.71873415891096,6,30.199002116869522,1
5.100947393977828,54.03206461824258,0,81.73220801791882,1
6.451293164138881,43.219129840581445,8,73.05568402191146,1
7.226775173447599,65.75535247575021,2,99.61585030304417,1
4.447624327538561,87.29230666429788,5,36.29519771220687,1
8.821891618522557,82.91692787963062,9,86.79424111043922,1
6.11487235970133,91.64769339161022,4,95.37497256187095,1
4.955570024027966,40.57496126278934,3,93.8480942345972,0
1.6051657064683296,97.9851590082759,8,69.24008929524706,1
5.182205216006485,60.4847351576469,10,52.928930151170235,1
8.386622567341572,99.42386776551788,8,74.79326859216187,1
6.530869163991839,55.15716763610648,0,51.425039665626365,0
8.489462083562065,68.29218325469469,6,58.85884815102798,1
5.44610503539375,61.23566059451822,9,61.20074893543017,1
2.0661553458503366,61.34564289965816,8,51.13651234902177,0
1.1227586125229296,90.53692592489296,4,53.92791553208171,0
3.7289759204673207,84.78513638424033,0,30.51191832770292,0
7.2819142434801325,99.52908611380289,7,50.795520463315356,1
8.112339135475244,76.81088096305075,4,63.06137619120059,1
3.661775511582965,67.79539626367016,5,42.110515915215245,1
5.460885287949224,45.40443177681347,6,86.39092037971011,1
4.790070139906735,99.79368517083141,9,67.63459154900028,1
4.6947050591628505,73.09183917593697,6,85.57164677256378,1
3.0821384188013545,82.0286481814085,6,38.96724026599739,0
2.2273399452651255,64.40454323147868,0,87.43578804310349,0
2.770197024080918,72.86294249075415,6,97.07840490302956,1
1.497991484470115,96.55466391357322,10,54.671779022561665,1
2.7831766764121935,49.98516627589616,2,49.876668312730004,0
1.082808078628415,57.54235505981528,4,75.27820799860012,1
6.645325605723804,49.12358366668194,9,74.51398773796834,1
3.847378666489146,87.53295422828648,4,37.872762723295025,1
9.758302402842178,43.722715625309775,7,94.87311492905496,1
2.7434534569866806,44.8978989910803,6,63.53393087598119,0
4.112457132786345,57.90964676724212,6,83.50914902834165,1
4.220570427773799,70.85129085526067,5,55.152237332849865,1
1.0760634645621447,64.37648803357519,6,48.30756493690428,0
8.55287157735513,42.688978640248436,6,37.789032726006155,0
1.2879501412989225,97.44949347225709,4,49.21631003340724,0
9.461618512563172,97.17217122148503,4,99.54018018684074,1
9.028669159842586,56.76137939444559,3,76.05721287183196,1
5.819697244773672,83.89153691611489,3,86.19476310297986,1
5.892360174201628,74.71452468299343,4,97.09563899874387,1
6.884001306605407,54.248601700337446,9,35.52939462571421,1
4.483450107413983,55.73029310449692,8,41.52860980144955,0
6.825000550580699,69.46919045862703,10,94.95759843959993,1
1.4029154981963818,65.15421648984162,5,69.51875771619635,0
1.4864286461475391,57.473759693875856,7,74.43944437840906,0
5.115073776575899,88.45069577830893,8,59.93439976704765,1
5.946600709954314,68.8877750582431,3,87.01001143526716,1
8.990358763022371,79.29088374334768,6,66.20709506190587,1
1.9419457051710665,51.35641001007253,4,87.8290620823531,0
8.403831344745004,72.01045975098921,3,99.45306225053291,1
2.8904260356286264,59.07856296679729,6,75.27087489888336,0
4.5467528365902865,71.58481662369269,2,67.01695086842884,0
3.849421913446716,86.8495500046557,0,55.56104979856586,0
4.601397455788591,86.1347926054757,6,43.62875097350533,0
2.35445948265327,61.25324068205656,8,75.96604512888999,1
5.532130669631995,81.65662702477835,1,34.38460341882809,1
8.214783308482305,96.47739702365662,6,96.94013097339679,1
4.973806093410072,77.54015979549439,9,75.32886438529601,1
5.415522183083792,48.90460740295823,1,97.15539412875623,1
8.638908267531828,80.7825177567457,2,49.05921572071597,1
7.354523031742278,46.29426318095868,9,96.25610697656218,1
5.414089676678063,92.32662452758163,9,72.84875995309679,1
3.319260833702617,70.99962974811642,2,86.71847763068357,1
8.9643407216047,63.10844417869477,3,42.5246311900059,1
6.193183615215025,43.42039567898154,5,65.00772600204758,1
2.9903284909962404,62.847024075526576,2,69.82722562602954,0
3.4220777737420933,94.19240007494736,8,57.49980973741671,1
8.228197800426212,41.25897977717819,1,47.72629146526559,0
1.3973100587870992,68.4788894669083,6,93.33423190498479,0
9.92882968325938,95.86948546663734,5,35.954121712356,1
2.173165117433126,63.69045998590126,1,40.77909637712289,0
8.164616728572437,65.69054124772902,10,52.43573731922608,1
4.552977850945146,74.7136033119472,2,94.38390010479415,1
5.429945649587202,67.77624001463101,5,69.49472592106568,0
8.9258551971812,50.11610147425314,9,56.12215842816691,1
4.716200706302919,41.113332344191626,3,58.187475065220355,1
5.83744378305911,76.5886994787221,0,88.64443147258942,1
1.4436969616825295,95.24839522046872,0,31.874570221237324,0
1.0211272648070784,46.38184798162994,2,30.793734076407276,0
3.203198857015533,52.65716315516521,7,33.225928729445734,0
7.125247836268906,62.21376914949841,10,62.844350043374675,1
2.0913840402322306,88.52453374126719,3,70.68745762257225,0
2.0238576292409447,56.15561898825865,10,73.71281673555745,1
4.698645472323129,92.9232642567261,0,81.17959870804337,1
6.830533347474039,43.297472479003986,7,43.280665062219036,1
7.408647930231375,96.4573972755361,9,48.359927330718044,1
2.606056066885373,73.6448246724259,5,47.04549111659097,1
1.716293326348382,79.52666070926227,0,40.4420468677462,0
9.463573305509899,62.06137135218118,9,47.107690348257364,1
3.3459974430589154,86.91965713066361,9,72.9556851301788,1
8.680118478478516,49.993975005064364,5,55.64881156013698,1
8.771423054165364,42.93470951670922,0,83.75387058514136,1
7.9527033258629,63.73101658645343,9,67.5493159540147,1
2.519502459873131,91.22174283886237,9,44.84274169817507,1
8.396213133287803,85.29561019826167,2,62.716740040833706,1
7.92325503317428,71.02935822933748,1,71.53581618120722,1
6.370506910955954,74.32826482992121,3,90.63364800001722,1
4.034818316520575,47.793569577925325,1,88.3602320046198,1
3.3625774383988967,90.44089051705492,10,59.853588486142094,1
2.0970029087232307,87.21758097785181,4,75.33730733682843,0
5.587813602107842,79.38822363321657,3,50.84633457659952,1
6.267347879588619,67.9714621797363,5,74.3102316614835,1
4.234050914642085,97.86755609677076,6,93.89547115204925,1
5.2782316091278165,92.74191831258827,1,73.71799387645302,1
4.271630116323401,78.66582961087711,1,51.26402861917987,1
6.769054515886311,62.30805986303727,7,75.0788396359342,1
9.11133287016907,77.08133672089075,8,93.19282695830431,1
2.475282358422504,74.52645559183992,4,39.59328515405147,1
4.432679289128111,63.65451927009498,6,63.77128425267902,1
2.2678174355577516,58.40043830128457,8,52.47356649550425,0
6.624493933670488,64.42064753423935,0,46.90272177253742,0
7.559834585397362,74.43468436200388,7,57.734628340939985,1
9.387214593377102,65.68809068266566,9,57.57776321868004,1
3.509847336348684,55.81446929208303,9,44.730309782525865,0
9.551900852788872,85.65779906564853,8,58.25375899577849,1
1.5693640463860732,71.88804975744478,8,74.36122741976945,0
6.427124770281294,44.060509793536,9,31.801237564262482,0
1.5141944740899698,62.09899033756753,6,99.24576488535888,1
9.043967689857503,93.09480743271962,9,50.71610274397358,1
5.768281513630487,85.31419187199711,2,73.65517551535892,1
7.024135156865165,59.39480703664043,4,49.848426161649705,1
8.484165333194074,96.29098912267054,1,57.547511433366196,1
2.3527956023557186,44.59617450149261,10,68.44662330615404,1
1.3473240574432046,97.67408223353134,9,72.82967518455132,1
8.90993031321567,54.74230554908054,2,83.93205646640617,1
3.8343990471303924,40.545650818145155,9,85.41786704224742,1
2.1608101713444876,66.02848219109961,6,66.30922253858347,0
5.216151133783779,61.53822578122052,0,35.300802798462925,0
6.38475468126417,72.34534031240763,2,69.04484912191762,0
1.278735430802591,87.80637163419073,4,63.43061988485372,1
3.4740609243137897,90.54584812902682,10,45.07706250856947,0
1.2951988684920641,64.07379997670151,3,30.711401039285242,0
4.783018502759491,65.79074462238101,2,52.11761819265031,0
9.055900261596198,48.89066381976842,5,48.16418254476185,1
9.843871703442122,42.85285653286981,5,63.80371528452074,1
6.733427981532648,78.47289941410148,3,83.3121098475701,1
2.4547392440613263,43.86625753316154,8,60.7328007758704,0
9.152644509993753,84.02980716528737,10,96.60978940246729,1
5.646230408800545,72.34540870133485,5,45.49193226774867,1
2.383743808926263,51.914978693565004,8,45.46664290977068,0
9.295540025064952,72.37137661075897,10,72.31146939871348,1
7.8172214565079265,50.97986299612593,9,92.73838156500415,1
7.585347454508364,66.32423245062472,9,77.03002970930257,1
7.382626334149642,87.97361897453374,1,77.15747606887777,1
2.803058389867981,67.71515760463825,5,86.4400182109267,0
2.8990602253677347,48.92195909785289,3,76.80756799142041,0
7.194636985845295,83.4297209093767,1,83.15433915561937,1
2.977504750993572,51.20610497620053,4,90.62892231267783,0
4.948045271227439,84.31299246220657,2,30.553749528847717,1
8.038016430345472,68.76113735295,5,91.99360372759125,1
8.055572662880568,67.2245055456581,10,45.068506441686615,1
5.079355952732737,91.08610227144848,7,93.84738337482554,1
8.129709444477205,82.51621146044013,3,48.632830669669616,1
8.547596165782512,41.97464781729636,3,61.86672575361348,1
6.892981761558342,57.77045887609614,4,95.3718358863683,1
3.0558326707757812,92.25523965099391,5,37.68227688969553,0
3.4661060234699277,41.099570112711916,10,82.16981898768046,1
3.833570398678618,72.71520677571823,6,57.47140470907556,1
2.051236969605568,83.66954015043663,5,31.687052295592764,1
3.4584365833295063,77.31136512907455,6,95.73931469103168,1
2.8856730188127893,85.63193212626618,8,38.248020363453584,0
5.09795874827742,83.54151093488474,3,84.18992396047135,1
9.175937930850385,81.5218417091868,9,56.89891027671871,1
1.9403228507856227,89.29239165553912,0,86.74080498176112,0
7.48241131552656,78.7414401069723,8,82.5201085349405,1
7.185547039718149,64.14510965541892,6,74.32529794805465,1
1.861787787970219,68.31454659487525,3,95.7455761933723,0
9.3031516441522,83.00348696088703,9,36.92464365224372,1
6.116249819411376,92.57836178000764,7,85.90053899588618,1
4.273529690221158,56.33312805038654,6,76.95496971186586,1
7.80884725145776,60.524607758264246,1,52.03045197768817,1
3.3162891256147065,95.84436378174476,0,68.2180533969518,0
7.241588533416884,74.71070754456673,8,75.12393759606498,1
1.357400868150225,50.73770902810006,6,81.5390004486225,0
8.554672338483448,79.82170833474297,9,43.09418043939635,1
5.033537623191866,99.44572933236279,0,37.14794646931724,1
6.730236229221475,89.407213868224,3,37.143912386323464,0
2.991140378260153,84.74446819308417,4,50.57080633465911,1
7.0936634139260315,52.482799255976154,4,40.79212078366874,0
7.950162483039489,92.56838708104044,4,67.49491010826603,1
5.258918681959589,71.54733061213278,10,60.59279944036787,1
6.559542316556149,93.35740132431734,2,92.51465945085306,1
5.106933314401587,59.78966976549276,4,80.21817390006048,0
9.04682232332061,43.72306315812597,3,44.40685454433144,0
5.480822624628873,68.55855811958477,4,33.2008907258713,0
8.576278381259371,56.190256289072664,6,79.64091046615863,1
8.212168524432236,82.91375738657788,4,89.20792873732046,1
4.694543392135209,97.42639317136195,7,79.06955344585194,1
3.0707604267172752,81.45844906909383,7,75.06560564301793,1
4.654739193037939,93.21603578255221,2,47.45205479314403,1
8.435956381976982,67.18144081607238,4,64.62224508577609,1
3.048692822374531,86.2984442317181,3,80.74731880838414,0
5.719927112719744,90.58260620030221,4,43.53623409207063,1
8.254870731646728,82.65253765501254,7,63.358048064410575,1
4.181297276155409,70.46663716417387,3,38.191978957625494,1
6.779886733024276,77.55196657692208,4,67.15032895697468,1
3.210684166439331,82.03041974073281,6,70.14761094138234,1
1.9835150083134394,55.18506419328561,2,67.4769941329436,0
8.149458025835706,88.57475565489909,5,62.862523317620784,1
1.8907176106783614,97.0194723380364,8,71.12177702543877,1
3.442432555716261,67.91435891079615,10,99.77596647834245,1
8.695984797976962,82.06403098659264,3,73.57755017932578,1
4.118223583708005,84.22155434742123,3,82.67974056146124,1
9.75740814562745,79.73485285128882,5,43.44846308502618,1
9.817609012964738,72.82690649971813,5,67.10163836394932,0
3.4144841840820104,92.89887727448863,2,30.52537714420839,1
1.368804000249014,66.93560255613366,0,32.20204262654042,0
7.345569557848412,43.666177389196214,2,52.57362842420325,0
5.0588785238350935,90.67338254272961,7,62.66203343984054,1
1.9067755956361867,80.43887633899304,7,70.29457863369024,0
7.367705370802385,90.9555175899788,5,92.16030570381153,1
1.2805741820072911,48.312846546681655,6,84.0229454958899,0
8.831770214430179,41.84517643058298,1,50.99838715796134,0
2.2478727620197336,96.06247242295008,8,82.0438923244323,1
2.145806908720525,48.86369835103446,2,68.45737580813099,0
2.5810506817172607,88.5791399242271,1,84.54269008523792,0
9.6423972264286,89.39259653083815,4,58.773471637250395,1
7.238524242284614,82.52231203294018,0,36.43253218986136,0
8.21234381917273,47.87573266557226,4,73.29414384907996,1
4.578714871594777,80.04391747364846,9,68.99262924508973,0
4.0268145475446,93.34519499961195,3,96.75224720834998,1
3.1103560610485292,65.53189868805299,5,41.3491097402722,0
5.32583225481168,64.81101126271594,4,75.92930609710854,1
5.966458601807517,66.57149857476514,8,63.18514225000633,1
6.685973592874799,44.936313440572384,4,56.52457192226058,1
3.3140665359882506,93.52153414179841,7,85.61972947687212,1
9.537886728126916,92.15097183883063,1,86.74551891844436,1
2.5278264838642226,99.87455930741717,2,80.0220411843903,1
9.690878572897711,75.1109884899048,2,35.852105051517945,1
1.133705102567534,85.07149818708314,2,54.157749979211815,0
5.330131226351611,52.16031437843828,5,33.27251297248323,0
4.000310543049065,80.05172909345018,6,54.05768320204061,1
5.0421107253722575,78.98397092544344,6,75.3542445011706,1
6.135981210827102,94.07252415049675,6,66.30947403165132,1
4.920302422114381,89.84756337034445,2,79.2055776835596,1
4.733621652714355,96.30798775706579,0,68.60232533582007,1
7.594510738719759,92.13000836209645,5,68.90696435138724,1
7.172886475778181,92.12163369393112,2,65.76756532285845,1
8.499441538322632,43.823399601323096,2,55.5027746922688,1
3.24963083115546,90.75771716175736,2,61.25954158031743,1
6.485756587786573,76.44870367018709,8,37.87064212297808,1
6.266753068535685,62.82666710595767,3,88.41559152661421,0
4.327640297854199,43.390877463283736,4,92.24481469259257,0
5.374517877124128,80.6604264860828,2,83.63895694226211,1
3.8240392897515587,59.69210503225705,9,70.85102085173543,1
2.276599578552867,68.06657589916209,0,69.84254736335609,0
2.9242108959645954,80.90370622330806,3,62.922654030260404,0
1.94962281761081,94.70647282144857,0,46.19427121113934,0
7.1476261767111176,89.52621493629991,10,56.866267746154136,1
6.946546537982364,67.03582774621599,10,99.2934069536806,1
9.555457344218855,63.26698944678273,6,40.206210873829704,1
7.567105722825172,54.38678433064285,6,67.98782819193048,1
1.468412548805183,62.34560507055809,3,90.65680592870568,0
8.958206565360587,46.6627832375139,4,61.710117671442646,1
8.764076466511533,98.26633050188528,9,72.39271859011131,1
4.9898828869542875,74.43504663757474,6,87.94552066877375,1
6.2727674547512935,47.66835056771277,5,68.32929506730483,1
9.784704992252669,61.16836055595435,3,81.20284130600314,1
5.790739274633497,72.82234861723936,3,54.30906673058314,1
9.147896455384808,71.97313819845218,1,81.31162510498538,1
1.7473488202916778,42.13020212311794,9,32.87149216489519,0
2.7194668183781454,97.05046205374668,1,40.70295063017186,0
4.966794490971861,56.52254088849668,3,74.6107323409656,1
6.262811275035743,40.97108013591347,4,61.426818593706265,1
8.346050666765201,44.58664053701695,3,87.98442628721003,1
9.894359036288682,74.81169419487861,2,53.938213329237826,1
4.499663468267048,48.26713124050581,10,83.70458193978294,1
1.4267407252607645,42.503487571210194,1,39.73790070777321,0
8.210543529657922,62.77758798476268,3,95.1102605224799,1
6.439426471745273,77.36567154041131,10,59.290753664440025,1
2.786885729813815,46.710388290496745,4,46.16313047813605,0
5.453456109592781,58.79966992907893,0,85.24064375715497,1
7.68079220980352,65.06564029747253,0,96.35203141405896,1
7.933706083617794,49.56760586720603,5,94.26572099583785,1
5.496565707988858,70.36443390800261,4,46.655725100042666,1
3.7469307711597324,45.11284521410626,10,77.04053895819554,0
9.763683238346442,42.79110978070412,3,68.28005948229995,1
6.9702634986084355,71.19012202930809,0,80.75729184499886,1
4.674137674116688,54.873818365052536,6,64.08529939980427,1
3.5241690178418716,45.72242847388165,3,62.88342096683613,0
7.579926847032059,65.43475524925793,2,91.78947920844594,1
3.1796510103439095,94.90844437104369,6,90.987948929612,1
2.5453899007631935,83.4515467992493,1,85.13174276282722,1
5.7685050006586325,88.93695492082165,9,79.34264171340936,1
3.609886533797277,92.3148393255182,0,77.48566052494482,1
6.660146304312535,98.35766448378513,10,33.93273341245594,1
2.0614480738681014,85.79479441085039,3,82.46753297464386,0
6.8944699411058945,76.50447531636878,7,74.66731358614169,1
3.54966875197932,61.92555281813483,5,51.16879773757347,0
1.0021864099106146,50.89859419346297,8,87.407104032507,0
2.1424245190675872,81.19959243899766,0,88.2712950592727,0
9.402538400515846,99.6969991673165,0,95.25334670775294,1
8.80619175203822,68.04152107713514,10,59.28506234266817,1
3.1024812883261315,83.42076208556846,4,68.58749783511368,1
8.005347140909421,69.70554699958937,5,93.41679750082048,0
6.477144338565768,65.9160054018086,7,52.17609801973222,1
9.738142403048824,64.61833681359491,2,85.76498461373079,1
4.362450935806532,70.27748097590185,5,99.43766249793137,1
7.133145512654542,62.0137397119225,2,75.6354962922991,1
1.5718215018152673,84.92639930930847,7,98.85927844834153,1
4.566226121347654,92.456321595491,10,66.10687021936843,1
9.674358950693625,92.97311839871105,10,40.71373721958346,1
5.850827870051085,53.66192280554955,3,42.291711643717946,0
3.5909155300136013,93.75454832388945,1,81.19621373016923,1
2.0824386681574616,60.493073911306304,8,30.063613664952644,1
7.331755061633774,58.55845992911786,9,76.33215436859267,1
6.803704390867541,83.60536344389416,7,40.58902441870235,0
4.365448422433971,58.281780405177365,5,98.90580088604199,1
9.558472166792509,43.177984336582604,2,41.418926921804335,1
1.199825316890653,62.41706633861848,1,68.67247964838103,0
3.733514664686432,83.28793602150094,3,76.86120426604558,1
9.289625376696232,59.61750521621059,3,87.36473299139843,1
3.8884189448749633,77.77354335970878,0,62.148460314927924,0
3.2702755046965333,79.60716665578782,8,95.36591305788946,1
5.807983689381226,84.02416070358137,9,63.617246114582535,1
8.41421574928484,93.82782797865619,7,47.64419580891339,1
1.9283208479052494,65.95386995610589,6,71.51246522611792,0
9.487186386811626,49.98592459974742,5,76.06039058603177,1
8.155655930630477,59.13554292591336,2,65.51738001016767,0
2.6312522999639674,65.93003531043915,3,81.32274896855245,1
7.408071650783464,82.8334881596868,1,59.447654395355755,1
4.464628503738014,40.78732753369801,6,30.3035776670432,0
4.6206521026868685,58.94712300639274,1,48.51772565217903,0
8.049610831949797,86.79055486115901,9,96.21337298622225,1
9.66506327182659,80.25146219984173,0,83.42562772172934,1
2.1399028556247455,83.90439841513631,5,43.26736769731398,0
4.785672131909374,88.70864616635168,3,34.66570943499894,0
5.328474472758732,86.99414313267773,7,54.55578289154415,1
4.386806352594979,80.93098996916669,0,88.5411350244116,0
4.268702113446025,66.37969194223544,8,37.418558929006934,1
1.4704180080543687,99.01589973268923,5,68.03477099074074,1
7.169847585063609,74.14439173540443,1,49.250017153562354,1
4.925929754080409,52.16615256213035,7,80.83785156374537,1
2.7531442237953407,57.56877130628706,4,30.028722108617078,0
8.344301520718616,81.6137473582282,4,49.402188891037724,1
8.22304673336465,95.48437391196782,4,77.54752551314581,1
5.377524652800044,50.72320775235385,6,68.2725358411424,1
3.6860559503298447,44.94078974474718,6,84.5205938609357,1
6.742834532168072,92.89186288252037,9,41.037315340837694,1
3.5933692219966273,94.91667873477006,10,67.16828744346117,1
3.1240713729134084,56.58276071895396,6,43.70388533171562,0
7.57463188623694,62.637143462274395,9,74.74540975202699,1
1.3629271574885564,79.6112798498715,1,39.19397680845279,0
1.8529162393113456,59.79580125054849,7,40.40856674660498,0
1.061093566212308,92.62952249620318,0,52.97436691395523,0
2.3764886782788355,46.454722162831764,1,58.13344968509814,0
1.620910078394135,42.27893325761171,10,64.89917553621711,0
9.962221310019267,52.509172404567366,6,70.6494809004929,1
3.5992897295868063,57.16526669229814,3,62.81696738697173,0
2.3434121140232254,46.7755954773325,10,33.194710548255934,0
3.1689663219632616,43.941425760438804,9,54.04222638431574,0
9.425130143861212,85.33646281010789,9,34.296736182680505,1
5.6814420072195615,49.85659395413544,8,38.265864205806224,0
4.283362866770712,94.83533194397825,10,36.49764974329737,1
8.860523121182975,62.079979686885764,8,41.06668759829883,1
4.554912434941292,80.23634858328072,2,86.90443733495916,1
4.015077129619263,53.524126886128016,2,73.93006776460889,0
2.86554270294762,54.41936610951201,8,65.47466370605628,0
4.400171415184703,74.48255217205451,9,81.25802589215476,1
3.8501592041523343,73.63857550875917,7,97.28566432262328,1
7.095735633683269,86.12375368072489,0,59.23726016950209,1
3.606244342036544,85.46879834165595,5,55.718835980972095,1
6.194797717803053,80.24126587981966,6,98.4441494803248,1
1.5930294852877545,66.94783395360946,10,83.99312557520958,1
2.721602410268629,93.43842317683703,7,84.39778584436118,1
4.666647444502139,77.35470941327793,1,71.99596065153915,0
9.432543285178259,99.41190942774143,0,65.49059002729024,1
4.395267871441259,89.16218907606151,3,68.54141971739043,1
6.976667090798507,42.65858867429957,0,75.6459535484198,1
3.2957850017925834,59.23563442481907,1,56.37875453583246,1
2.1433021837590855,74.31254298825709,2,84.76063352030567,0
1.5268294007204513,83.28817227228923,3,93.64546605150711,1
3.748721486884762,73.02018986571649,5,69.98985803159951,1
2.4189492411721716,87.16782534773091,7,56.70329360470052,1
2.5660940321451178,56.95933916544068,8,78.69128494132696,1
7.84683377548255,51.0347230739695,3,42.751518792639,0
1.142542638503868,43.235001027386204,0,97.80008537597024,0
6.02029113161891,74.39882467429132,4,76.0591148253597,1
4.415152425341184,81.3159712405297,4,34.72981061605227,1
5.5589499991769245,59.56898302716169,8,67.08250500629133,1
6.065472134931426,76.8150510913526,5,82.52385244811956,1
3.820309250115504,43.12943385119976,4,49.44921475547672,1
3.6559797416585678,45.95760077780822,9,33.56926782081031,0
7.600616644014151,82.1052863355099,9,64.24137065299578,1
8.841492893090415,62.08418231303793,4,88.35371104257186,1
2.733234692126751,80.28004186618034,7,47.607406067396475,0
1.8785688448163405,89.90326721679509,10,80.19091796397755,1
9.080162257528233,91.15734624856701,0,58.5453477923764,1
4.149059172826588,50.330058727867055,4,34.17424406967467,1
5.961856515965327,69.17713434108079,0,51.27741348669508,1
4.235888300680031,84.03560341794919,6,51.97316836877727,1
2.1322210271144617,86.43883577601463,6,93.32650044796691,0
6.303984804529552,87.08055884373266,9,98.72237134731047,1
5.726267665926667,53.69004006283507,7,44.68374574154497,0
2.826942032720775,51.5520890634264,6,60.13589922026526,1
5.0668214018705005,75.40074809642175,10,98.36924178005846,1
8.172527536140812,84.46514786429319,8,58.508771204004674,1
6.313834927971022,59.1483709320516,7,54.441976862195105,1
1.8722559436029536,46.282309411745295,7,37.691705873788294,0
5.932193475062215,83.00478297460465,2,82.72991508717097,0
7.324644693606282,57.98186988280027,9,61.29038910734571,1
8.134330652026762,49.98176345870331,3,74.70640664471816,1
6.662058207708401,48.8634117038279,3,65.6899740851513,1
2.3739234808670537,58.89457285160297,0,42.21759970165152,0
7.391559399311446,75.56068395482473,5,42.34588569548539,1
7.096076614733647,61.504134321628996,1,95.78294277275911,1
1.2198419464656989,41.2397110956059,8,92.26634023184728,1
4.705729008312188,45.814506080668664,0,72.74438034924327,0
3.99655222266136,57.43019483191715,0,30.087097689243947,0
7.024708578282791,79.58226892882551,10,60.33069485545624,1
2.9452223107982864,45.91090440811203,9,67.12996036575998,0
6.317847306768327,73.63941121004092,10,61.460646518352156,1
9.218853656327552,47.19315224944025,5,94.78146126158289,1
8.18022134987747,52.69691964096289,0,32.86060890209842,1
9.293119625948773,50.331311653345765,2,75.84499546219716,1
9.80655370239421,44.03371813424863,9,51.968547905680666,1
1.0960311430554648,80.27978904319542,1,69.16339390590612,0
6.604671487397298,67.80421284316208,10,75.91421404437159,1
4.715554579830158,89.86320645384029,8,60.85749205431215,1
8.738690413016096,45.933450398939016,4,40.38620687567648,0
3.2663323180821853,48.68397600028433,5,66.33266907818813,0
9.829265402035686,58.38746388102704,1,95.30693161759123,1
6.523371725893726,85.95195921632849,7,67.51161252239183,1
8.141836620059479,58.34552938934193,5,38.60578863426777,1
1.7703959754049148,64.50512244992156,10,87.69141172668174,1
2.6511209628297854,58.096213977829876,7,45.52214210140599,0
7.8256330573078285,44.8134575080618,7,55.915188312594815,1
1.1978786983539125,96.36601737377124,0,60.01299881473673,0
8.351901873044046,72.91233952427133,6,53.778947309162774,1
1.125541168227203,87.2699912911298,1,58.31162161059823,0
6.91406955155146,79.50142553111776,10,85.68364393064644,1
4.285845282086253,70.85525674371851,7,45.635130693315766,1
6.503453674472792,45.38069539956281,1,62.929299174994696,0
7.264282662902024,78.56401271621826,3,31.400599561944215,0
4.082276972676738,49.32222135620993,1,65.53661435133958,0
1.97166203299752,64.8629901613766,6,37.818205111212194,0
1.6268128097343908,77.74678860882582,4,49.75651595643669,0
6.3004242030629305,86.9337400283274,10,52.74113760205873,1
5.685898183607004,81.10271054251717,10,35.7646837949337,1
7.679809082090193,80.29201174327773,8,55.2396314389195,1
5.587619590035434,48.94253255051245,4,64.86401813758769,1
4.8020121102779125,60.767712404295274,10,60.176679492920904,1
4.582784604126077,42.57473635961165,7,49.62977202266772,1
1.2380221233790072,83.16861359058788,1,50.63984724968867,0
4.020014815269914,97.15515887904515,2,74.35081247686612,1
9.784181417720449,55.84662341074455,5,80.28771169638401,1
8.8620001860438,45.26180254973856,10,70.35714563221484,1
3.964402603307959,68.53420460521922,6,98.33316284843468,0
6.29015864559735,91.40189338765413,9,96.14118442827142,1
8.625670709819445,73.11845171630678,7,36.892826837558914,1
4.971469030750618,42.8066290114068,2,48.29620834650196,0
1.1616207737513586,98.45633443167677,6,90.78758790095426,0
1.6705941563677607,89.71899459775605,7,32.07644599253352,0
5.593534492138359,47.89564462309061,9,71.45380166377024,1
9.724954381082906,95.30786539021054,5,96.81496778115131,1
7.23888587996981,67.04129731631132,3,77.51023723531114,0
1.6382457229471257,62.31387943449647,5,36.435331835363044,0
2.704247882126765,67.66319983163129,8,82.34724116721736,1
7.94190828895165,90.07431741225683,2,56.35392644106304,1
8.572957839606204,79.56878069720715,1,94.5073530106731,1
6.559251275697318,43.554907143983655,4,50.042139988945905,1
6.7998085266683495,97.45626226697026,6,63.12624241685999,1
1.2550370534504618,48.867048008699065,2,82.2625027548941,1
8.456772336233577,84.73407710412107,4,48.027797972247505,1
8.094476873537467,78.16819182568787,3,42.72476432059962,0
3.331316296930124,51.25168287679365,10,30.189569919225733,1
7.378090479689563,50.24392456678298,6,64.15732783527977,1
2.933691457824983,92.21965562228152,1,95.00322303926093,1
1.362971449463617,65.18169540997583,10,49.704102402666905,0
2.8102288833133953,79.2745908504483,6,33.0364970352542,1
2.6076598907886956,70.2442602314004,1,73.43018974803348,0
4.039731970613625,83.64121102455758,2,33.93189400935749,0
4.766045474579123,68.75454250235984,4,65.48385641313587,0
5.576850023479372,57.2427949153341,6,56.70707953975236,1
5.290784879574954,61.803002259789785,5,63.27966976205816,0
3.436071453687604,91.54466166702056,6,41.384820046046606,0
1.2625360171666702,68.08208157536362,10,36.31413164093991,0
6.445914600134357,52.806959934676556,5,82.42936144239529,0
4.56170346862619,96.0763232846352,0,47.196673204170786,1
3.6880494164879476,87.79602738990262,4,86.02968668025747,1
8.80246938547461,43.33996876337195,0,83.09130974281376,0
7.720689770183438,99.93657771883107,6,43.8865209500004,1
8.71988993535198,81.69560178640614,3,93.58033530905924,1
5.454845152412149,49.61599594243522,4,41.2895713996168,0
2.1783812691409974,54.23006087791579,0,85.80020239742878,1
7.265992925091451,81.54672887449281,7,59.43736045097997,1
2.854664019434577,86.78566331674732,3,42.81114209824135,0
4.971067021825451,54.34215658898837,2,95.66779216537147,0
1.5850071005399964,55.418131233956245,0,97.42802404803489,0
8.427775621806841,58.42724169232365,3,65.79610382629336,1
2.133465769427505,75.88110189019821,2,62.84221623387597,0
9.127877563443787,50.308970698076614,7,93.05892129493863,0
8.778075420354014,46.25459193308665,8,71.72956743260791,1
5.181244879953215,80.73184534513081,4,48.6227036299269,1
7.6993138387359155,86.74587638759022,8,59.76380797982299,1
6.575005664363379,70.05576426499033,0,88.51923549327896,1
8.227680781039703,61.829962616103124,6,90.16943151483326,1
4.886245907073208,65.92256281158859,10,95.74769624370595,1
8.07227635819915,63.30447003231711,6,50.17826210242945,1
5.162111353586331,97.59909449426051,5,77.59669298773974,1
9.468692090585144,86.08539431314841,3,34.78721686341838,1
5.377348907426328,52.48523289100662,10,80.81318588687262,1
5.163573447403566,63.05134912323881,8,69.42397830320226,1
8.065646754071615,72.64073748178659,2,47.483626516270874,0
8.394199225847542,76.77915172382131,10,75.82423406776832,1
5.990402028890537,68.09103376172602,10,39.462747146070825,1
2.6181803214556787,88.60759810071755,0,53.36644077143362,0
5.209824078618215,86.0563611674939,1,58.06395191557664,0
9.712652526187105,70.30947511769,2,84.39960146416156,1
7.7768757373526665,91.26576320690383,1,51.61490145694408,1
8.300463434912189,85.06537182654316,5,33.43242564645661,0
1.295429489373161,86.71491092323859,6,42.651848606381535,0
5.210735163707439,97.384046766005,4,72.56651915868115,1
6.819590202917999,55.98801647255216,4,31.06752663539382,0
8.470294152652672,56.05888974201095,6,85.45625905892737,1
1.4434628822449431,93.3371353414384,5,93.07840548509787,1
8.671949970776858,86.33358240314077,7,64.67783257028032,1
5.935608430677205,95.59273248613763,8,79.53412928571441,1
2.7758257351845392,43.78780961946718,1,62.387375335897374,0
3.8552969480473003,77.66542463569579,1,51.61343061603921,1
3.537365965764047,48.67770028740685,0,41.54064650735713,0
5.777731308596282,70.23383189755495,6,66.27136013443092,1
1.4651711192001864,49.34481591120665,10,95.09226977627928,1
2.426825426499312,47.684710539092755,3,92.29805168193879,1
8.314237390382042,40.73010072292199,8,94.37380602768602,1
2.1934359167213,77.81432874297425,5,97.64891420686035,0
3.1005664251231426,61.54135700140516,6,41.57505841865006,0
5.080335450437416,46.3112970927383,6,40.256773890258216,1
5.654087993019974,59.37026666387859,7,59.94329854946681,1
7.872494316527428,50.136645487095095,3,78.25180752920552,0
5.02599183999569,96.50168989009957,2,60.778574397579554,1
8.10878158931985,59.20029314568089,2,92.46480596580943,1
6.565116763409117,60.03721139736339,9,80.21775386527389,1
2.0178976548144023,90.39148020397514,7,74.37795638123414,1
2.4069829455355474,78.86534567716025,2,34.97264792354915,1
4.9333035290479375,82.61029644418008,7,42.27347992389921,1
4.572004537801356,78.16010823933763,1,59.97076279717709,1
7.691898426735651,96.77177703691393,4,98.34623385505914,1
6.2266342581761664,52.42004989348271,4,53.40860890086003,0
4.493197729020244,99.34235450534774,6,74.09828237610421,1
2.5368425510534705,89.85737065339079,4,99.22342232397158,1
3.0415339209294565,75.33835533258053,8,48.48175412297178,0
6.179509166221531,79.74229746377495,2,41.66669162691055,1
4.810949244098133,78.92955259003685,8,68.24332974938,1
5.6343475797460485,43.503773443549235,0,68.63232733579939,0
2.536096917720103,53.08098991191632,2,94.5320642755666,0
6.9661562711010925,97.68825307148495,3,31.850106663412497,1
8.672848667703704,72.06186573156276,5,58.51644131372725,1
3.3214555610821055,62.70121619571472,9,51.86437109205802,1
5.423628032486439,85.7223078033445,7,69.97369704190645,1
9.779745961188116,71.47113655934857,6,30.65312484024684,1
3.9991756649565486,40.789766285913856,7,79.77446658807891,1
6.355417104313851,84.17425580290708,5,63.94928197451169,1
1.8117613018021994,83.93305360317169,5,79.04824441203553,1
6.454135022314989,49.90892272659846,5,61.34643495524322,0
1.8066859597415612,97.39960530545281,2,63.193498323481016,0
9.633118917914398,53.43448789246686,9,92.68848096506835,1
7.440963868650803,67.46496204293196,3,44.762870403714075,0
8.093438093221359,46.88415767565488,10,45.22421141610339,1
7.336939246944731,76.19693916703531,5,69.16336165772131,1
6.307561324688192,62.52706720343275,6,76.21569921880929,1
5.049215029769548,61.19040773258233,2,54.82817634375038,1
8.725360417849561,89.61861263325684,3,66.36578171204354,1
9.611521007887568,40.57370277102869,5,45.94994814822726,1
5.491325556136732,87.87680625354534,0,39.51374356168798,1
9.383815442397358,74.28691394488473,10,46.67838550463768,1
6.249996189896658,99.16591080881194,6,94.14611414366101,1
5.845457682067899,75.36659323625494,10,86.12725981282523,1
5.09034459659821,43.32274804887747,0,39.81719747135472,0
2.8835898537710785,43.03871958662358,10,33.25922142806414,0
1.0334769473625327,92.98917918230993,9,36.522948029205665,0
3.1735560417045514,90.47284873066319,10,50.54029629222191,1
5.587508544432087,60.753404534921394,10,86.79513110269173,1
4.419639570337773,77.08194905086823,8,52.49621406249802,1
5.036367052023704,69.37548142333603,9,42.99586842879015,0
9.825833976076446,98.02984330816312,8,57.708877382057146,1
4.152451336023948,96.99765405261348,10,38.6837535638924,1
5.069646454240971,99.03034051244647,8,62.91517913180442,1
2.201639962175376,91.98692683805585,3,77.28879082524145,0
1.431619591932889,94.57309544650607,1,55.81940338059234,0
7.978685631332452,53.036726726028185,6,42.152804715849754,1
6.136148575647808,89.86040733938647,3,61.72382374731336,1
7.846343254395055,82.53142679225648,4,83.37424627337708,1
2.3487651899789648,97.7671905296842,0,35.36159761488039,0
6.1464589406442185,74.27570970655717,10,34.965598541641135,1
3.28278226907238,45.11003000263338,9,52.26775176029871,0
3.0525563521001793,75.84393347122918,5,59.05369511827132,0
1.1037341264768674,81.19485568127726,6,45.1530285009875,0
2.173066512121647,53.2192617227457,2,31.88374418414373,0
3.783413003497258,63.646803010763705,9,45.3691749339656,0
2.0519088453184513,75.9102048431008,1,60.47589103116341,0
9.872725963698437,62.446344238990335,9,35.559914110535544,1
3.777693836715556,62.49686303431984,6,80.11242800507793,0
2.1729155203209536,47.985198350367845,0,68.64705910871612,0
2.79174081545162,96.44480338465996,1,60.41081538617155,0
6.2893290550732885,85.02966306970579,2,66.30982902490166,1
1.5763917147830966,40.07460633196612,3,75.90641874119217,0
8.761907171270412,85.93679704132991,4,99.63589540202491,1
9.653497113134325,84.38769955947153,3,84.25840437790156,1
3.220726786006428,40.58385760933138,9,67.8254177737696,0
5.050857417317734,62.17625785682587,2,83.93736588389379,0
1.1992100592654737,76.40486141953184,0,63.2656959361718,0
6.766392022544993,67.16503911148214,6,51.763609190963535,1
4.7253345224733,86.67916712323043,9,48.33728944706927,1
3.4305261949140013,65.52749995806604,5,57.96354939702279,1
2.8615339955494763,49.231778167230225,1,30.15982927817281,0
6.886207698928844,98.58493745642971,1,42.38691374989906,1
4.7459532792908306,54.5223995665628,2,38.85733414341229,0
2.616933601269208,83.06153863247994,7,97.2239418442833,1
7.201981733381416,48.58937869984432,7,34.53934767524213,0
6.085650547330243,59.74075682703596,9,65.06809418982172,1
8.728048494365465,66.52165650582543,9,94.38025518657305,1
2.0572830898884362,51.533920271623835,9,72.52641531998111,1
8.070999417500104,66.99757458211657,9,64.66883546046358,1
7.061651081355331,49.429769379505004,10,82.00953708665543,1
2.03509843145288,73.54039233915341,7,54.736270413199264,0
7.253386568845486,79.82279515121164,6,43.56001082278283,1
4.9739255999184735,43.74605704168064,1,89.30977214327456,0
9.504863070002587,92.26792726493008,0,33.96075112826758,0
2.274502155561094,51.108453102522134,5,86.54557923608652,0
6.785500517341642,53.52174551921943,10,37.235626296804554,0
4.437820409166513,79.68099040498379,7,73.7897514534883,1
9.6113320353179,68.12506362606484,0,63.39331300583125,1
3.9697740576124882,69.96373595026394,2,99.89788189454565,0
9.659673185426202,47.689299073787964,0,57.15445427741291,1
9.11337265990674,88.34414931258449,9,97.01006885397203,1
3.433449117795907,77.02325476625259,8,58.26463527662706,1
8.23187599143785,48.122922598567364,6,77.71903436412937,1
9.960437816231554,62.43996202153576,7,75.05628881916599,1
3.273967019541541,88.62459596410181,8,36.051636633221136,0
4.930994523909877,74.10130275919724,2,82.03560728784524,1
5.681626629100837,46.518926747975826,9,44.6067327471619,1
3.6543802222347788,62.366622747357205,10,57.190866209701205,1
1.1373835568142678,54.56166390734408,1,84.75405229742628,0
2.98116319777774,71.04793321922358,5,96.10195806764251,1
3.537431959075826,90.60166773231937,4,69.18625593448922,0
4.992397311863685,66.17602808826518,3,66.35691507129772,1
2.5399223057206166,66.00052182209939,5,65.34463917695551,1
8.859289210225054,94.32105413962222,5,87.1595287221928,1
7.344200194582025,74.57112475043635,2,99.51812559380014,1
1.7668042980369578,73.97146524384442,1,74.3513730644639,0
6.850832060259383,55.714593512523365,8,56.50356985383731,1
6.882908287650584,76.46336487022758,7,45.306502006816046,1
9.605990562792648,74.55462804504378,3,43.917484274134296,0
1.0271878422054512,63.811088220511834,5,89.93057011230377,0
3.231392048252265,99.44173395395083,2,99.46464404267633,0
9.35012331437784,92.9134578968852,10,78.85933082946181,1
9.389205238584548,84.97517740460893,7,96.90802645015667,1
7.485277774335737,72.24073530478003,2,54.49968732150229,1
7.89186988942786,67.7235881136778,1,73.93166634063226,1
1.8233466213668241,51.09384371339196,6,65.81791875013045,0
5.624882513004103,58.34424844087742,2,63.74127105035302,0
3.0842469216009945,86.43764798939262,8,74.2661545312294,0
2.630962392522555,67.22493723625308,2,51.72371701403486,0
8.292729692109994,92.93617099417008,7,74.84356371071277,1
2.215343230124927,48.874668180731724,1,77.1003072177675,0
5.217864732967467,70.50082576081819,8,88.52793332193713,1
9.447204156274298,78.81794104127852,0,81.13369929166203,1
2.672488500088083,71.01090737847557,2,52.38421241875656,0
9.801940813644112,93.35361349509922,10,61.55600225552323,1
9.948591871849532,99.37379690974839,1,38.42645378466278,1
6.000554392141626,46.95007950048218,6,48.01058963354733,0
2.5312846615944213,47.79729424461526,4,66.46615419591504,0
3.8449439914680608,47.819446813607264,7,37.053254660516735,0
4.820435494088816,80.87062576423165,1,69.94244070598151,1
3.7839180192240063,62.36056572975028,7,57.31954061873847,0
3.525720218888642,83.99887967595436,6,32.43363928116669,0
9.750067382947218,64.32828837321873,10,60.411351712752875,1
2.3802834467417107,77.65640327992381,4,49.679812351440354,0
7.599951178451761,86.19148034073362,1,34.68841619337666,1
1.0036926049525738,72.89295463929523,9,50.535890297640556,1
6.365644024621392,72.37021542700036,10,50.58665866082376,1
9.24348703558647,45.294059517138066,6,54.85515694230924,1
3.591406846838971,64.6469045745661,9,55.65324784227303,1
2.6697337773194727,72.74662919349626,3,60.084005335177096,1
6.865118153905843,67.7188495399846,3,36.43706894071894,1
7.413412665685539,94.04692001130553,7,30.36944475924071,1
7.192274670567832,94.39183792716936,5,81.52051010397679,1
3.8738519201923665,89.3150428353257,8,53.61425145989966,1
3.2698216194339778,62.5178845223872,10,72.95282428202182,1
9.603269199658397,83.03794910125205,1,51.49243739532301,1
9.309695574429366,63.71730766417659,4,98.89311383121756,1
5.115849489035383,53.95561593854554,5,52.0797293021693,0
8.615744795389361,60.5741586130529,7,72.3531081764591,1
5.070911298708665,44.25787799713213,3,45.39798740307894,0
4.819501162652593,59.90665054027883,10,66.24616648638678,1
2.410866528393652,67.64453303567029,6,70.55315646692202,0
4.837654508427756,97.3288536868498,10,42.79768277484877,0
5.836752447398263,58.804635173177495,6,38.655878468859946,1
1.2025389468581782,94.14721235233124,3,98.15209031024989,1
4.997017046578658,53.731496549409826,0,92.52873307115507,1
8.032205965556802,51.45813386555496,2,76.20469924503018,0
7.120414507368428,71.13972738592989,1,90.27379898786782,1
6.716412899775415,80.35068215784436,2,36.6892261096803,0
9.185998855934823,42.65993504813689,4,81.05633738236807,1
1.16228808842707,53.263951902833,10,49.99230417517711,0
6.013428275730107,67.34101999007899,0,67.76452339533112,0
8.086139635687363,59.86026015899088,4,83.53697428696718,1
5.872018444311405,82.75726476089932,1,32.343553110087534,0
3.9150599732234124,70.669635762479,3,78.63867267693158,1
2.226255085827801,49.62154633623401,5,60.440675333120794,0
8.988067646345723,93.66792275890543,8,60.777101031468135,1
5.236861531488427,57.574340529001574,9,93.5094670046268,1
8.903036772871314,83.86786653786541,5,90.181547015077,1
6.272669101898515,86.7949467463246,9,34.027362132929014,1
7.067729049535007,97.78946201536613,10,73.282080163085,1
8.238350389406051,69.91044799144609,1,60.509231525515744,1
6.932399901401209,76.95013092786593,7,38.247012501939,1
4.58249356611044,60.092577608772025,4,89.57359704018901,1
5.622700455357859,80.69075760472398,8,35.0057751133392,1
8.227409722082918,67.80300915197918,9,32.24681766868364,1
4.362852667356858,66.25914188346533,8,43.82608779673109,1
4.493093110916474,91.32805174696634,3,51.23654796200647,0
1.8612110445220105,43.01013060992132,0,34.26165441992107,0
9.231259916995729,92.91774566991211,10,74.89180213722973,1
1.8193268345089755,91.12419026971341,8,60.600501692708576,0
6.833882597037003,70.38197521370735,8,58.85322031264593,1
4.718750309225179,69.4121712523377,7,40.17385137729967,1
4.650574512298981,61.70844208212941,4,60.64523585460866,0
7.115966529154155,99.65042750090406,4,57.31161611327852,1
1.6038435936689086,46.670159965230475,9,56.85499039448604,0
6.343352046562911,75.41291413771643,5,45.29969083102187,0
7.948286073751193,80.90089540674502,0,36.61061343546143,1
8.453914820979348,96.05980049301667,8,48.24955519493595,1
2.5347735045439777,86.8122098114057,4,76.70891154233678,0
9.076771450703562,78.63083216869282,6,35.10464057372302,1
6.90531482662698,47.00873900872736,10,56.762710887132606,1
8.936693207386146,62.42401100988805,7,66.00633614426468,1
5.367526453991784,48.330498552879114,4,97.42062688239434,1
5.8783001058748185,92.87276394793082,2,89.06775014702436,1
9.27134449325804,84.97726933381858,5,94.16293329109598,1
9.099185890192047,85.45220720783375,6,87.40010790463793,1
5.033447860321018,79.13539106641264,3,71.23802049190792,1
3.469713684721136,70.42261221620258,8,90.25507631724088,1
4.538533911078377,48.99826356780983,10,69.56732156744489,1
4.489878956767748,59.7816932023031,3,55.04235951292993,1
3.5818018748451457,48.21494754861344,10,56.06394004334142,1
3.4172164389966992,83.49478857114059,9,69.58231993216887,1
8.749566428317475,49.613726561320306,1,86.66077359083494,1
1.6287572861619553,82.12681301030113,8,39.35568817479796,1
7.098500638896347,81.53532337575427,3,32.748565374200126,1
2.5553804631080705,67.55826873947734,3,85.26980383087643,1
4.100553040546569,48.11371924708314,9,75.33144484567066,1
1.5538873072135317,58.888049568042206,0,87.49172140976333,0
3.4297627316991584,59.20558654453309,1,98.36735688950655,1
7.915789640055179,82.02310798859762,2,47.59758079940704,1
8.965137920925327,46.824581164823456,6,43.6004382743237,1
2.9937443671213035,89.74411877296545,8,53.86849831795102,1
5.171930553330297,85.66043741115485,4,91.45736092114788,1
5.232916431434857,51.17841509045643,3,30.97747075683579,0
8.862177751837608,83.14986290673338,1,30.737258110262193,1
7.8651914758822485,80.11079088806932,6,45.1750470837374,1
5.617694965312449,84.88724800665557,5,56.31414070134087,1
7.03672480424596,51.33571332692167,6,51.16422618205685,1
8.6261954851843,49.45541932938812,7,87.74424899424027,1
1.0858505862299044,54.18903915536525,8,78.28056699526613,0
4.626010279450437,61.95230218893854,9,88.64835773446148,1
9.165188505493708,87.61989886214806,4,56.86322061876365,1
7.662817277595563,84.275436248731,10,71.70671993110659,1
5.885572369006672,95.52709553671198,4,66.08188144378374,1
5.7668007433162005,43.517773545916924,3,63.23085839104213,1
4.12993087843994,40.69337686085114,10,50.1672246839821,1
5.6846848027736305,81.94832978204795,2,79.64544413438978,0
6.898448795171079,56.75724974764994,6,66.68207241816933,0
4.7652673458591375,60.04473373202905,4,35.5021946762261,0
7.427378317529566,72.80812155487072,6,30.036566903548014,1
8.751090045343473,46.14478738760791,1,31.42233341986578,0
2.3921636336637504,78.56166499288298,8,35.31650246733778,0
5.0639232053568195,59.50884677386901,8,55.966793379319355,0
4.67218082156573,77.9629074580595,8,51.39659810261108,1
7.187183236447553,90.04041478440314,4,40.96496650263104,1
3.248807187321364,50.266680000245785,9,66.08145112462009,0
6.762258234570487,95.85238557487122,8,97.91269893120267,1
8.897403175583392,71.84128846374662,0,41.2487647097623,1
4.763184398142604,95.3756659104381,1,47.541402493914035,1
9.19914129981298,52.46380493210669,9,62.34721157318238,1
9.938473650401306,76.27375987625425,4,74.8588527012187,1
1.9548284495315686,64.23322703941628,4,72.01749936059517,1
3.097478691863728,86.45333146936079,5,66.48394955881608,0
9.553417763338839,76.35453659279779,7,81.60877495356965,1
9.62494917833248,69.67092741749912,0,89.21618914940075,1
1.8793654784808265,94.77912438586051,9,99.92768351919878,1
1.1349865033942301,62.627023850300816,8,62.585738496404645,1
2.4499002093078004,53.19881229389089,3,99.64696347885169,0
9.964115050440235,76.4860712111255,7,81.13495871945096,1
2.619996549496182,77.44170623036882,4,76.01392258251252,1
5.522928460498209,66.34567729431252,0,74.7778145966434,0
8.635759537874598,69.19660262136294,8,93.75210063328855,1
1.183614496193857,97.573204857994,7,96.35540142396414,1
6.440400840326135,83.96114148380808,4,42.49453295699209,1
3.493229039826619,46.63610508895462,10,64.53966887457037,1
8.761014247957585,52.72780425223666,3,95.90148951047571,1
3.5511503433767126,98.53459806613354,7,56.74789816941134,0
7.18080148253718,83.58793322761187,8,46.287357497553984,1
7.067976692026572,94.90270756867919,6,37.185722482539695,1
2.99344193973676,58.23168783932332,3,71.80523224808036,1
1.313192798815151,84.51201160519554,6,79.01909808126555,1
4.683246164068576,82.84016251141068,5,43.688359046405566,1
3.6027383676928273,57.68139912636251,10,77.15466792204609,1
8.280799746523378,73.04897952704232,2,92.97334345285087,1
8.203277696098109,77.64490667621772,9,47.0505618008176,1
5.1132155697336295,68.8679086496479,2,38.53999269561814,1
6.45861002790897,89.63072239948076,0,88.4796780875908,1
6.4383356438823265,89.97214250787937,4,94.15125054703707,1
8.44442333584861,91.0360328980934,7,45.040335971212556,1
4.825021727108778,88.20541414588976,5,80.49663844642649,1
3.4790201181145815,69.28500863182867,7,71.36436241366602,0
3.3853142632649273,62.88629788894043,6,46.74375171922584,0
5.825730513539837,89.88257702286224,1,87.65603821467025,1
5.042333824589913,69.41208751337601,7,62.93061902774916,1
4.961086938864426,54.78228391767891,3,79.02337121212548,1
1.820236051807365,70.44061193933298,10,51.099598104419755,1
7.46743366621176,48.510989315154525,4,87.10471200497778,1
2.923630191837196,81.49776943592792,10,48.500017100428295,1
2.7725826718784923,60.155276897434376,7,55.53510702751062,1
4.714824882496541,55.63952790684726,4,57.40284344971485,1
3.0500050745602127,97.3905247740847,4,44.44987873806288,1
6.254724405772138,86.61285974549845,5,91.20585953315575,1
4.343170054010244,87.2241701634359,6,37.94414879669804,1
5.040205503335111,77.42331815675101,8,69.41903457694502,1
5.83452389443626,90.35036863061782,10,86.99055944638945,1
2.8318197023362437,85.54974886980287,6,70.66334599602864,1
2.401764605789768,75.92642224801699,5,52.882754684697574,0
8.923797125862443,97.66746411110304,9,84.69485421862417,1
4.903513325482789,51.49569698106538,3,64.94241722158125,1
4.708842486692852,96.60278313968506,10,41.4108994766716,1
1.3205093524555733,64.0862897199319,9,52.180429239693744,1
5.481786723286539,71.7039390040892,1,71.4357872869906,0
5.987527494499001,47.36435917265854,10,76.11435589585909,1
6.029567838591999,72.40644633530746,10,68.3692463467466,1
7.363280523905959,76.6724051114916,8,49.04066049295541,1
2.597336514919106,99.86209250851144,9,71.56268481261138,0
3.2700082080755695,98.51154466429159,10,53.27160732358939,1
8.296574187073714,97.98383751245723,4,45.744475243208285,1
9.524535551590546,60.90328360612344,4,96.18700612858787,1
2.2233947263058855,99.47598992470262,10,52.041138218709676,1
5.478845990546963,67.32868909570665,2,53.493431830998475,1
2.9275862746562815,91.11017552571403,2,92.774351833476,0
1.540658515194842,52.97919814113832,0,39.98850828073378,0
3.9295300431352187,70.34999077939614,10,70.92164109342372,1
2.2931886266579147,97.96072576765633,4,84.8597444703565,1
7.389397660908217,96.82188381540564,2,49.15658054705075,1
5.803528723043,81.02409266928561,10,89.08567426804407,0
2.294510238912798,87.86885935318358,1,83.87542853110533,0
1.0831742956496293,50.58560179614408,10,64.02658470867239,0
8.273413441217915,83.29951296904945,8,38.31009933375031,1
2.585749655478228,77.08304850012235,9,97.90750116686573,1
6.455949779986894,45.49310414507477,5,73.69611568229533,0
4.03229721769071,46.78954039538058,2,66.1968882934683,0
6.26937344483532,46.506617065075716,6,91.98147096367974,1
3.840882642840916,83.46141608979013,8,59.494934675750315,0
1.7824560462302874,48.50291249485434,8,69.45489457408584,0
3.0065500770197824,68.06393626686823,0,90.08890919050694,0
2.6925270983116802,61.41890835266547,1,57.50805280776335,0
4.852174171956794,73.03024844621306,7,84.06741060414056,1
6.924554050835416,82.38858923316417,10,47.92964410271937,1
3.3742546745172177,81.08335223327992,0,79.16555714937007,1
1.1086294177055616,70.9311949548626,10,65.7304404541629,1
5.670436278382812,67.86009241662313,10,41.54347573262163,1
6.451835404230748,63.868935707335524,2,39.520522227737025,0
9.665834446016287,91.71459689826276,10,62.03817449349736,1
6.305237227839221,59.8511082923587,6,79.75929763177925,0
5.240553034403277,55.561949270049695,7,72.2307192074866,1
6.1606146330793345,84.59892961931628,4,89.83075205921708,1
9.351105668758244,61.58580770180359,1,57.27631545137363,1
8.455403310414816,90.8199159854361,2,89.0549497095044,1
3.906808600274272,59.67332311822868,8,32.59199187875052,0
3.1352892729142354,82.1166894744753,10,55.60632315693513,1
3.3637025112946626,42.70654037712016,9,35.10881410202455,1
5.539789357436917,63.133772806619206,6,94.3470919351635,1
7.6964450610572,60.59381049805309,0,63.271852373046556,0
5.528972864646659,89.0007243565554,2,52.13095115298964,1
1.6101675624530132,98.02332419369861,8,64.47413938059404,0
7.512226303959828,67.65287660157769,6,67.29922526307317,0
8.253731158038585,89.49017662922549,1,89.2362730252031,0
3.605480786077477,81.9816820574419,5,67.96994153771499,0
6.9771316535501535,98.04315925982159,8,60.19669960988068,1
4.83932710948954,88.66651086056947,3,97.29481131638497,1
9.002074201546986,44.648683957823835,9,97.7990696648961,1
8.607030023446658,82.79690334293417,1,32.689174858606144,0
5.72888798478678,72.12998292534242,2,79.4792029861861,1
7.22354991232235,40.98616347593963,6,56.02306458853091,0
8.950147309198936,55.078777523526625,3,77.26397688865536,1
5.461453090704479,95.30531470161358,6,74.58456758395005,1
3.8192566643993975,95.56368236720517,4,53.10731593462393,1
7.7829952411862315,87.93102761203806,7,99.06611061145068,1
2.980596293062226,98.90677619667937,7,54.99766175897345,1
4.496780332054378,88.39271347745229,4,74.23871120184825,1
8.791545133961144,40.61225123711471,6,86.93704840031435,1
7.519801062423836,57.27006041809071,10,40.18254869166635,1
4.634299047227493,41.837450934265775,5,51.03978739741859,0
2.9327005216752164,45.64647812425357,7,43.92809030024975,1
4.203715517490129,53.130449017046566,8,84.72756973591567,1
3.556937343046897,70.21351277953134,4,86.0845979369852,1
2.584803591494685,90.85192020772107,6,47.916070301723046,0
7.68999622209091,91.71800536942649,0,30.2891132396947,1
3.2686289816515437,76.9721115134378,10,59.63453456228996,1
5.087507231509875,95.6905563439741,7,78.09963298434204,1
4.472735021524981,70.00373959541248,2,73.57515258477687,1
9.838696407720677,93.3421626479921,0,61.19898537669004,1
4.5198301973339845,67.24391537992072,5,51.13591458562178,1
1.7198423451707932,56.63350044531293,7,63.20711394649835,0
1.8084317731487562,94.98477508602566,10,31.05719666777858,0
6.316783492177583,63.27610454073216,2,35.17094336176266,0
6.394271965644391,70.20424653066769,0,41.387375361110344,0
4.768830914343894,59.73163795184063,2,73.77837499097333,1
4.886593230808267,79.77025601744378,4,45.315944776032886,0
1.485393245567841,99.70187350036213,10,59.63652433283865,1
5.64891859350336,41.53081293188618,7,73.4987588584085,1
5.542655278423165,93.99088036042609,8,88.14037651479819,1
2.345943867012501,40.23556341935593,8,68.47595643353438,0
1.934554474998348,61.85367286877266,3,42.39885529383936,0
2.1121524153954145,50.11640837737086,7,96.6217667482495,0
1.9092542184213266,85.44050684035308,10,36.301060468282245,0
6.487373759830838,43.03665044543041,4,55.69835037091178,1
2.768343871626268,73.20909721505967,2,94.49267584927507,1
3.262871369687171,57.69556803071876,4,72.16334246700319,0
2.5621492973629576,48.02021493188213,1,76.38565828573971,0
9.620517740036528,86.30909272615844,10,51.11848511557423,1
8.691557168366518,53.0450100553154,10,35.4976988745134,1
3.0744535361636878,53.42051272329633,10,55.6032684267808,1
3.9480966452991337,56.50460710827538,5,58.151014977186804,1
2.8890355807449746,75.20600582968164,0,48.91906530929761,0
5.426883635147414,79.57995590144489,5,45.08397733779029,1
1.1764947922682825,41.056151422080696,4,54.88560952015786,0
7.042312080071161,54.51217816682742,8,74.75918137345052,1
5.7084233483587745,65.85825055031697,6,96.43243229828035,1
9.087750354709929,59.91861712967399,5,79.26465157551291,1
2.4795341589557274,93.05023951065317,10,84.57221594619028,1
8.236983214550186,87.26252385318513,6,51.424687867453514,1
8.127649130200442,77.55341293232965,9,37.32847379096344,1
2.144630702951982,60.28254495982239,4,50.405948182840056,0
4.5870330172971485,82.0403406907696,0,58.1857947937643,0
2.531373770300652,90.61828077074767,8,78.29169425339117,1
3.2924845041179402,75.6898226415392,4,95.7550996921297,1
3.369215573474899,87.06768801360275,3,86.65047600495828,1
6.006127546231955,84.94629768398487,5,48.6480199913084,1
4.702698385844189,74.30423866961934,4,87.42104769594098,1
9.529595236056748,58.73099300929066,0,58.822274267843554,1
2.137331277523046,84.7469294800763,1,42.28071730438645,0
9.763229213651789,52.40778198145639,3,62.28774419988443,1
3.0757477619283753,86.76930078829203,7,69.42543816768938,1
7.955865427436677,88.27280152855198,4,83.43835765507711,1
4.050729335555393,89.32869277422239,6,54.49275441956644,1
2.2877325587558253,68.37495825870747,1,40.27455247271121,1
8.721002667216158,51.5488460662253,7,36.604748310426174,1
3.779748093128169,45.98341600396412,4,37.871218838059015,1
6.92969863804158,84.60167502927546,3,96.50163937743119,1
6.09799316577964,93.1756830717888,8,96.62258786244851,1
5.245806784517869,79.0503015302144,5,97.81295117837402,1
5.462375253836852,48.64960362330218,3,51.174220798697846,0
7.590141226830588,96.09378691105445,7,43.41300943835111,1
1.7899562271109652,99.34612087235917,2,98.664013104139,0
7.013625957621146,66.00271659609533,9,99.17848630864279,1
9.06230891258721,75.68951735642628,1,35.48453093652208,1
1.5200937731787774,86.63371120009947,6,82.67696702643312,1
2.265880053103001,84.18338740300268,3,50.20647729189796,0
7.449687430318282,98.06723151600696,3,93.65091210905202,1
4.935534834201558,46.89298546472733,9,36.24575112379635,0
4.631937587323195,74.84349196856834,8,92.2004415085674,1
2.232699710898123,81.51588518038552,1,30.18348861429939,0
5.560930366460092,93.4059054512602,0,66.53845111132361,1
2.138907800767395,92.44657766308904,6,53.48946932507933,1
5.289584106794863,98.6799876136774,7,59.91336275648736,1
7.8725376906549105,70.72470723626074,2,60.364919988618084,1
3.3243792209844716,89.84565200879359,1,75.75222113949806,1
5.327075513617546,65.63690248763966,3,31.61679863146401,0
9.928143724571521,65.33883267136193,1,78.39548757767005,1
7.179853810186335,55.200901868371545,1,31.553869032137293,1
8.572210941746787,89.09423722115379,4,42.96916322292594,1
4.733628459044912,99.14890634881094,9,72.47191560894414,1
7.910748308132698,55.380503700835476,4,36.05062051593726,0
1.3645825564718965,43.36789528126434,7,99.36325614072366,0
2.106200642880205,88.93254624514044,8,84.90688617203824,0
2.8276353362805593,77.21380315208538,1,79.3966148765541,1
4.617567321536976,97.58192803306027,0,48.737670438957046,0
8.611703904931868,55.13435314461714,2,33.39954245868675,0
4.116394457091374,44.261659480076865,5,98.51466973240055,0
6.891590741639166,69.5465356519901,4,40.349379597204376,1
7.383828653231351,45.127961377908846,7,88.13971389915113,1
6.275641186795073,55.70740006616245,7,43.82621894568125,0
4.215177713531226,47.5586716491501,1,56.18667568721149,0
6.193480075421898,53.44793077960472,8,78.55127132813192,0
4.080390335107716,46.36867916928351,3,96.17554240367888,1
1.7548636469681087,97.23435996563713,0,31.38476492561656,0
9.93523580367413,56.71376280698413,1,48.25377105168978,1
2.1446420826925983,66.63385515955393,10,83.54759843046062,1
1.6511354545245163,93.91670845805334,5,42.13756844227347,1
8.906776742864404,80.63929527768846,4,37.801858317112725,1
3.716511948036056,77.08224883370646,6,33.23292980128194,1
6.852672766661568,82.33379142165023,8,65.1742996626274,1
3.9610515669600956,89.7293354263229,5,83.7413555959508,1
4.523088437150241,92.66015607110566,5,97.32141952848978,1
3.3590167481511686,78.5583802399016,1,48.72401644645259,1
4.087396052137092,93.40043648164345,6,38.49606811139602,1
4.696303605278888,72.12385164552862,1,58.17872912158842,0
7.483744621831086,56.6374513761054,6,33.88082110112604,1
5.603825748113126,92.80460253303066,7,53.19517562072615,1
9.492086954412793,72.48836964478522,0,75.01559933473123,0
1.3769235445489796,94.36825525403405,8,41.771621650152454,0
5.527614903688254,42.41006883703487,7,74.23137257048239,0
6.258023099485463,63.850945092474134,8,98.03643263117503,1
9.281772874668466,96.8683011017481,4,90.49399436513929,1
1.4424267125928483,54.97900556549816,3,54.97843982080914,0
6.161496264416944,96.49217476230956,0,59.50473984098936,1
8.682669356751614,97.234147667755,8,59.35244901966493,1
3.177349553073129,92.92853885355166,3,90.1930623268213,1
8.886631136715437,73.82008270559793,3,99.56789505602119,1
1.1713906834686263,78.81636694483831,3,87.8126977266702,1
7.5920916622035675,92.17701990699214,1,69.06827246686504,1
9.398018990517878,86.55382494335106,10,36.81562285424183,1
6.91477895476056,77.8056309673247,3,96.81389040616982,1
4.951263195824032,98.93556447224216,1,90.20320601526473,0
1.4039291482544622,81.14059818002164,7,88.89875941159801,0
9.28102431990366,98.52891954686567,6,57.427252601924565,1
5.232666004224173,43.44330847642544,10,61.301996502034676,1
1.260970699023532,48.337622244532746,9,38.3763243952546,0
7.208389641958857,67.08753076002944,1,95.65110886018572,1
5.336535282186324,63.09276765305891,1,96.02640542866497,0
2.119107856981697,86.96409048142166,1,47.81088875025107,0
2.9284462837923364,49.63684158815222,0,78.72054676813639,0
1.5804161241026164,98.56571074668932,5,44.24428161896155,1
6.168641857377162,58.90395251565484,5,57.506295625772495,1
6.598265313268083,65.73542246440957,0,51.16669604593395,0
5.551680685198999,56.48470194640137,10,57.27136983880884,1
8.353919197023535,74.76181703959284,0,51.6280895979876,0
8.749079391772122,43.517722025355035,5,54.170392796033994,1
6.54061957014814,48.98065033422693,10,85.37421823329052,1
1.114808317366875,84.74786220512345,5,51.00189991149264,1
7.257066901729621,51.190035004288234,3,87.028682508952,1
4.761992952283164,54.13086709339977,2,69.754552505063,1
6.090017349037483,87.57893414349027,8,84.63113401073451,1
6.841725418169959,45.59807070143522,5,94.32234553174295,1
4.152129528943691,66.24842936625046,0,39.689746535549446,0
9.253886546546148,41.38380321983362,2,54.07231756454042,1
2.2057738007480308,60.808443959074225,0,33.88902470659941,0
7.043606265529337,81.93888415664526,2,58.48370244363154,1
1.039236219609224,45.4061967830337,1,46.6182051504732,0
9.321859948646628,93.30007760672561,4,70.01750307514934,1
2.0125371991428236,94.56994257644297,2,84.8372897031661,1
1.8539580713281718,46.299422507508105,6,64.045618439902,0
3.997068697470198,99.4439461825466,7,53.353578985678325,1
4.3620965743517255,57.85177320372934,6,40.678945610875154,0
2.9287006509059075,45.046100267896364,1,31.878110557757257,0
6.266094948344122,40.30402686983574,9,77.45181078971372,1
4.986226882377672,64.51137374583175,9,32.13820556148435,1
1.3075803013697866,77.78859914236706,6,94.45870290465169,1
3.8768685602977055,59.93075499419879,9,71.59610176038926,1
8.293896222158534,90.20304192847736,2,54.73067216564918,1
7.207313813756818,82.996376533903,6,32.93395132504356,1
7.523837682218924,61.00969191808196,0,58.94405869532812,0
7.283052316751712,84.05857999651627,1,90.71096742959656,1
3.7987571924472996,96.429264218155,9,97.88763364971031,1
1.896975298690983,45.585759912581025,0,35.944986971179375,0
3.452204656297864,58.366237609457016,8,84.39966752276248,1
8.486067701666434,67.7995563470016,1,48.08503305828856,0
9.82423718004764,69.87940766528612,1,56.56058294874053,1
5.444623132674052,72.53173869316441,5,68.33707923437325,0
1.0873031943073799,58.037614392318915,6,99.6310138460407,0
2.260403309208061,80.03557875894094,1,44.61704283615016,0
3.898725177846392,78.70507021178977,3,39.1348868291,1
6.2072681373365475,74.66929037629683,2,71.64838905356547,0
1.6758428122478257,46.8257033026526,4,89.7134298430684,0
9.490215688388934,68.61807346575667,8,75.37510585150858,1
4.285753059559607,61.373613249362535,1,54.33034808928197,0
9.213257961323407,69.46230819028736,4,98.38877975271211,1
8.024696224813196,95.31198613090156,7,99.65224592486155,1
7.79893545264023,68.8318805895045,5,83.94543719437934,1
6.460476218040088,40.83884751037071,3,86.16914092436606,1
6.641054353466601,66.33020428504786,9,83.25891637618147,1
6.742029116946233,89.23889080296293,7,48.03626706038112,1
6.658492483230239,86.8036553930901,2,40.518489719176785,1
5.983554082585251,70.80340441169086,3,68.80474533308197,1
9.877726166346001,54.98614077155892,10,96.79023383455952,1
7.590615106831265,67.90531977487271,8,91.48046024556693,1
7.992517495532691,73.8221331650915,4,37.480181484349394,1
8.852165335753067,99.99228629644803,5,33.98938165641284,1
2.9407578645326424,78.65068541016264,10,91.16395514412676,1
1.7542374318555471,81.6558958037568,1,72.91105505469568,1
5.346049929387388,69.48724861408311,8,51.30247287620017,1
5.6267262605734585,61.26937304695179,7,69.3237704235741,0
8.46263601954926,88.77717901883236,6,45.51680141216624,1
4.994052213541021,69.69593946035417,8,96.28662659553106,1
6.137677229898815,99.68140779787151,4,87.903838892554,1
5.743638446621125,67.42723445608264,4,97.35666117584702,0
1.3438250538165195,44.08001701885464,10,43.094002666968294,0
6.536934069372226,80.95468822540496,10,89.05692983922064,1
8.45238957196827,42.79848705554866,8,69.2199935376274,1
2.4175049326822347,55.0300958130822,10,52.749439648314336,0
6.348985605339362,61.2242951667942,4,63.57643485248998,0
6.342494900017729,84.36901513727966,8,96.1068782846126,1
2.4776646765072288,69.65415558445677,0,78.40170211348246,0
2.111172163576624,41.7187558786154,9,55.19408868756944,0
9.820467486788363,77.01099107655533,9,99.99297790116039,1
4.543472526877338,64.68617424559974,10,54.20200442319715,0
3.0467955585117634,95.31007059802643,7,86.96038483744687,1
2.5419209000893748,69.97373866841413,2,84.90641450901947,1
7.008415422249115,82.53850875636033,7,80.604864665088,1
6.485007675945509,53.13210953977281,4,76.860540510108,1
6.791969106886757,85.6584138718992,1,37.606577480515604,0
1.7920542476030703,83.25731862902035,8,99.64691606385729,1
9.041811251485932,94.24490251247849,3,41.27299715716366,1
4.503397571281434,42.02929850315195,6,71.7293812511383,0
3.8203246578732215,66.85004185704707,7,47.44034639969591,0
5.1612530252296525,80.74932416437781,6,41.81442626503038,1
4.510594591728655,45.709834004812905,10,69.1625760016667,1
8.772193028252314,64.63624402893474,5,88.54409155852136,1
9.363348776781029,96.52879618397172,6,56.386195952355074,1
3.7310789480464557,66.1560694534677,3,35.401822554223095,0
8.775422267139593,99.12428700883788,9,73.66312390359192,1
8.033708165797604,43.410343664789174,0,83.65011777463765,0
9.377269051102857,83.06978656845348,4,50.725915483125064,1
3.2117528096729906,74.86097417489617,7,78.34127725842436,1
6.192632351088812,70.03238062792752,9,35.305322571010194,1
3.4709012626640017,98.25084408910055,5,55.299987185772366,1
8.416850414359368,47.77902402946772,4,63.1891974198852,1
1.0479177151395782,93.7599371008548,1,84.73745549799872,0
6.083372465977565,81.47442466819662,9,53.66991964109981,1
4.052830881447262,55.53976439797796,4,61.75898546776426,0
3.9041533637003822,94.1001487379376,9,73.98478125091835,1
6.804156914784253,65.75769507166079,2,73.68559733932456,1
8.663360043825946,88.85363968438425,1,66.24321423823821,1
6.482758522539936,63.330191022844,2,52.993229682532565,1
8.678556807820502,91.05584964599446,3,76.89472522669057,1
3.3813740069292697,78.19774710670292,1,88.6008041570937,0
5.67551669288483,48.46279801502363,3,40.7669863004289,0
5.054828851603684,78.97978980817166,3,53.83232479936341,1
1.104804095527866,51.48068576211236,5,76.8123881397055,0
6.011309288266661,64.71535767364976,4,82.90428443210376,1
6.953718917315574,50.21773505512202,6,84.70217522736824,1
6.32722963977163,41.32096694002711,10,75.72904136411327,1
7.6265190890507935,52.71319236699745,6,63.4789147848562,1
6.142055756077694,72.18232142344755,2,75.20597230992155,0
1.6007522936568122,68.89365806664077,8,39.453116970092395,1
2.0480097167624027,70.08982573216382,6,44.54328527581374,1
6.368271197895572,54.86121270679608,6,94.92717284505034,1
3.4748127277627616,81.10967203685118,1,94.55196879951295,1
1.7168061613128924,82.25579720922075,9,80.67186774603408,1
4.86642469103692,61.478069533579934,2,52.89330463200879,0
5.988903382752898,92.87020530845047,2,75.41880031113138,1
3.958713895146459,78.64139299813287,5,78.14541265334447,1
7.4839033200320015,82.7823565155179,3,66.05804558149906,1
6.793935472911202,56.64039507633636,3,82.39680788227002,1
3.9953652498250474,40.03669810933522,0,32.078364989293966,0
7.793852760177045,91.92253672612657,5,47.93545573244872,1
6.838255382797319,89.34546307478851,7,85.6115259797946,1
6.737008408461119,47.39151328256981,7,95.70903105825691,1
5.980849307083613,62.44630809737839,7,91.32614774427167,1
1.1025070127969752,79.68035850331495,4,80.15453582780118,1
7.268564651292002,79.1266514331237,9,41.58477626219809,0
4.3843761199824085,91.62102008851339,5,55.8103660933041,1
9.4834873914279,48.41608969812572,4,33.5148882027991,1
8.361862939694849,65.79638486710712,3,74.79032623660478,1
6.28925022578181,45.83346507558549,3,61.49042649316422,1
3.269637836373425,63.37571490631769,3,70.11083138959842,0
2.8334565394989992,40.906446735262264,3,98.55470395721524,1
4.063463539097942,93.89638390660761,5,58.15767115151888,1
5.289111492220167,71.62263980972087,5,51.46971077966238,0
3.664589590350524,90.98813564814122,4,40.54232162142388,0
5.634365458532345,43.59428206020183,10,40.05268772239636,1
2.488333829618673,53.64748662837524,10,66.30015610379557,1
9.7994153154295,55.562799713270834,8,82.44596663432246,1
1.9713209946849448,63.201489678327285,7,69.51237243040504,1
9.387497256889349,88.17198234385276,9,91.13048656402202,1
9.222202102624253,63.19347242388956,5,52.111069646575984,1
5.728244336375482,52.27921177877962,10,71.653261417411,1
7.52419244652476,43.8994156203261,8,76.28691977668532,0
4.92443468175329,44.76950490116125,4,49.64831937079385,0
6.670311197881944,85.60283235765864,9,57.74128742663746,1
4.065183436790068,66.68817946219798,3,71.36579120104753,1
3.7104311780690082,83.57086732000091,5,31.465145434623306,0
6.2040680755256234,80.93722730582185,3,92.06276402190096,1
5.483167067655823,48.12174770561547,7,37.77448337557401,1
6.2158273223498295,48.573276051536034,6,33.32905299193021,0
3.5799452315832068,85.32052092604803,4,45.05247006933206,0
4.302620486352957,83.27609760912503,9,65.16225741647426,1
1.7550816456601837,62.68184601245862,5,53.00881826710834,0
1.4704873504498515,44.645335799970404,10,60.810192553378926,0
3.2811141670571464,40.72588130190713,6,35.8989769354521,0
1.668221733974912,57.289416967704696,1,46.31732408058019,0
1.9339723777126663,40.553336415233616,8,36.83625574046694,0
8.316355648545434,53.804357266222205,6,46.079461057887755,1
1.3498632731502038,65.17004441268031,7,79.23163187897693,0
6.930485145412685,47.284945918717256,4,70.27035563189898,1
3.453019739338605,46.25666546989277,2,53.37796471789399,0
8.843911126373138,93.7862461431242,1,48.285908683851474,1
5.364930561197496,75.12820174137335,1,99.82694829062396,1
3.7501881339504317,96.0673412057669,2,83.75073785161551,1
5.6587504212049105,60.74956982714075,0,87.54309326049653,0
4.437622171407419,80.62869623974979,0,31.84552454476612,0
6.078709582028472,52.281500477307425,6,34.17107557853872,1
2.030795814937134,77.10041903679647,9,79.88301293937893,1
9.97291452531296,47.77514380059907,10,43.42829989278421,1
4.830002899270458,40.12483835057714,7,59.79588046450881,0
4.134075757366318,95.89190808457474,5,42.891660624924306,0
7.391888634846384,73.29366257051257,6,42.39503339805543,1
4.275094658457992,95.61643976692237,0,37.63538661825376,0
8.499468745258818,60.02989142212432,0,71.5982077291366,1
5.088436519243827,59.66716414970541,8,81.75109611147533,1
7.476025719388915,64.0393001063819,4,33.97912216047809,1
1.967078947976979,82.3624590374901,6,49.28862893691843,1
8.615072669996007,73.94851805117045,5,76.08578790510752,1
7.621461881002989,95.52129442594708,3,57.46212157244673,1
2.905451006157691,41.52645406794636,0,79.32661212399593,0
2.30757408771208,82.49175627835218,3,83.14597493265666,0
3.8466311385306193,59.819661361993255,9,32.26058251445033,1
9.784635274287139,50.81401910910767,9,56.66018448048456,1
3.311484171103528,70.62373735120593,7,81.03972647866732,1
5.105144880519699,70.30382705079975,10,56.48911884899594,1
1.2701820314560268,48.2206617213057,0,30.40832420900943,0
4.575047766096093,52.11376336797339,1,53.541205266295776,0
6.141880138897925,64.48987989409329,7,91.08569295062708,1
9.578121512571686,64.52868474353892,1,96.63572255847569,1
5.650624404460579,59.05348837718108,10,69.23616498287171,1
8.37196593559919,48.91270909059885,9,51.44520721287181,1
5.924148783120105,40.26242074605877,8,62.624497372584436,1
1.367065120919663,98.21410374568123,2,46.53424689214707,0
3.835074476707966,96.60995378223562,2,41.76879859744205,0
6.179945570479929,69.01902275056811,5,64.5474693502423,1
9.555345693380119,99.70310519650035,2,81.56787922024984,1
8.7321732377611,80.4192598469346,8,45.57253782265096,1
3.055200527609629,44.13145225645249,10,93.6676119094194,1
2.9809884701724716,47.06309194495764,7,41.77593471254668,0
2.8105567040251067,94.96665063217827,3,69.08881035249499,0
9.302490066722529,77.80313212897771,5,84.34682809754332,1
8.673995377915485,90.59101759944107,7,44.93719378822577,1
7.973950890276539,93.89617897803066,3,50.75111128774043,1
4.534616028018048,66.87652067694316,4,33.603897418329986,0
5.5394263386889016,42.911557094601584,6,96.07638778022145,1
5.178985703156376,51.29682093383932,7,64.08805353641353,1
3.280582968034354,43.994316838146105,6,34.50143225375879,0
5.5452524153389025,51.32439074191044,7,88.10887692182895,1
1.2744689306747903,64.6319755873526,3,69.85409113347471,1
2.1862933614771327,47.09180863089912,0,33.8699302276928,0
8.979306365520518,50.003994868320596,5,61.56275994302828,1
7.7651179032828095,66.74930692430075,4,60.408212984560365,1
4.805815681531784,60.41025702330937,10,40.225721340787565,1
5.654353260554895,68.05948745128245,3,59.42609663610974,1
4.329989973639797,65.75032166554372,1,49.796491110546626,0
7.667018804446052,78.66868155879301,0,78.99593266793875,1
8.057684613088716,96.23137293255127,8,30.38443648876967,1
7.869566711828432,46.47186030665455,1,37.44631603956333,0
7.5035055235100465,45.95560895855169,8,94.30541663335639,1
2.8405390482351622,91.16836666545412,5,60.333332912479904,1
4.041729813164309,70.38380227914755,5,42.33273822723885,0
5.2286089148530746,85.98430141410654,1,85.52585058083258,1
3.9771369228489006,52.92531421643689,5,89.6114820053509,0
7.79446180142496,89.73175439005311,2,44.784980945133,0
3.964181718249592,95.43079745156176,6,79.95199946833498,1
2.2440887810680343,78.12898093278929,9,73.05949838168638,1
4.5913640684347365,46.352741288428135,3,82.15396979273285,0
9.819229895041422,93.71768884938032,8,85.15288934679509,1
3.032932716402183,87.54926364220428,4,76.26550994752827,1
6.509427930489061,85.05266659086939,9,96.93518709223697,1
4.896757448557357,42.203691334354936,2,90.49584514668231,1
1.6392211088439397,87.93775151541827,0,46.02800414866246,0
5.390889453982536,48.277060628101424,0,93.94960573906113,1
7.3194789578348125,53.3431705718133,3,55.17181107745214,1
5.618979782450369,74.62809009215545,9,80.8579295958916,1
8.84895457371923,55.89884637501298,9,89.36072217434925,1
3.600433149918244,79.68089237871519,3,60.54592985600344,1
1.7762425417356842,76.4842268619449,8,33.605598252366846,0
9.429090504922055,46.488975880795756,7,96.47630041441428,1
4.403767145753971,79.36087477549037,3,35.07360369770515,0
6.1876499630827,95.43729458949579,5,54.36767138154468,1
8.128028135171764,49.666594311149986,6,71.75131084401619,1
3.918822974880225,75.82372125657324,9,38.227569534620315,1
7.4454808435985,60.51192231620165,7,88.67444286124876,1
2.2187696483604524,67.57670030641624,3,44.23955090435139,0
3.621643724849547,57.22001074473819,0,99.02025643163542,0
2.302395725228679,61.24783818086172,4,94.1503408395559,0
8.30107502561222,41.734709395993434,0,72.31892610525043,0
3.003843117041068,98.89310427503324,10,76.2007062501166,1
7.456631998646893,77.4879953243649,10,67.35245276060715,1
9.489685575210872,70.04233542963311,3,57.37727780429828,1
5.749949881619893,63.0229209700196,6,54.61956679517424,1
5.860262730346189,72.36247352944166,6,92.41584347181835,1
5.149302112880308,62.80635992294824,0,70.36338082796375,1
3.933011290542785,61.59447564962039,8,87.63056125493603,1
5.280895278324254,67.8367925033208,1,65.98497307109028,1
6.425267790400834,56.55898202027145,4,51.49174455694363,0
9.873924149535934,50.802993998007125,5,36.42316336408039,1
9.439881033864019,73.39635389081761,0,52.658776210582204,1
8.759376624638096,90.56592616901807,1,91.6082259845569,1
9.002174821343726,49.16969066355354,6,79.83728217186386,1
5.210642649628387,41.96406043625312,5,85.00809369097087,0
6.916998944597183,54.808704709242164,5,84.14039512703901,1
9.055600506425927,98.78323860722864,5,38.39806920620333,1
4.536556884922177,89.72548442460035,6,41.1202396240481,0
9.655862305109219,75.7519632117158,9,52.20674741838153,1
4.742074558622647,95.75493491458815,8,51.07201450675386,1
6.409743988538941,66.71674701023468,8,34.62567267790122,0
7.388242419451347,98.99683615451043,1,40.74300566984448,1
9.555328117683445,57.77812270715704,1,89.93611984967457,1
3.2015464664703943,54.41834497095634,4,71.23313865871924,1
7.71517880414778,78.28289206882066,9,53.95980949457491,1
5.68734027529674,62.68923807702163,6,66.85345285043628,1
3.4170142655857694,77.58193251857547,2,48.29193741048023,0
7.989461558167515,58.299731098161146,2,70.86896221430224,1
5.970000521564619,77.07509541027946,3,35.224161826512905,1
6.948764385847082,56.544775635102184,2,93.1855489275186,1
3.906109617201109,43.058324129133396,2,46.83126092785302,0
5.331465566448445,94.728154115391,7,87.33528513563289,1
6.556188258892604,92.99231211240773,6,76.19992064271621,1
4.6441973284285964,98.24788895636031,6,66.61048596963337,1
2.7853528586293117,82.99163057328428,9,95.08575225024569,1
9.654764430837735,80.96327066411817,1,40.97692262248076,1
5.603207860383557,73.54018420448985,10,38.34942291882998,0
7.605283332589305,47.55654498115136,8,52.53020922764064,1
4.699424742004523,51.3541186569562,5,88.11548585628483,1
4.196185876231447,57.36818132035217,2,32.46410193331643,0
4.664478686204125,93.40938175440365,8,46.7583995116538,1
4.682769794070849,50.378171476184505,8,59.72915341806673,1
5.897621043477582,95.37239046927344,5,79.90586919767458,1
5.891228829832269,71.36714398308503,9,50.95191473275882,1
5.474384342945845,82.93417812838433,5,61.36787123614998,1
2.213072064256943,46.614669200833994,7,53.5795343609813,0
5.46467930650478,56.142012926554656,7,36.44421783079916,0
2.5219351037858635,97.51111649088557,5,81.70731893818774,1
2.1352220766618863,55.96899681578388,6,62.296557751113816,0
9.393811456070509,57.791303223468766,3,86.87584836696675,1
6.444550118329338,51.85584309046477,0,78.62850419378971,1
6.935410523121258,47.74441991840977,3,34.04706401326687,1
4.616143033000274,53.99545848723988,7,65.00531303473949,1
9.180828027233778,78.53961351704791,7,99.35989365307616,1
6.741374406216989,67.32206401021381,1,51.5509183306159,1
7.922528825712287,73.22535018027392,6,64.50706703427497,1
4.317062221249424,47.34188972596146,0,75.64227105718282,1
9.640106927372129,88.12698682977401,1,44.15859202659269,1
8.384151611424835,87.04568203479087,7,79.17550472555293,1
8.685536167130893,41.295394668560526,10,76.18436735091754,1
2.5497484068317884,63.0109056706183,9,56.24723267036414,0
3.4386688708409756,44.12623611826887,3,49.91074871191694,0
3.5706393971521937,87.52634676489748,2,94.33718908946693,1
3.4381830092218406,84.23618098754227,1,38.891650088799594,0
8.698673458938591,94.11928565758936,10,60.24215539185295,1
1.286963156877329,54.184237537186874,5,83.688853975549,1
1.6848999008269687,67.37775298766793,3,40.369596683277095,0
3.4652338356691335,51.06927262986386,2,95.30492734786591,0
2.798856771844993,62.274096068447164,2,66.83766847352045,0
3.0867365249456356,71.33459509401304,9,65.33709581409705,1
8.181488703279701,43.19984739031534,2,59.69941875595184,0
6.068139345028422,82.89222464064312,7,90.72151340461838,1
1.051935951636712,72.5976016222645,8,96.3908986169609,0
4.863904891337757,89.7375410326404,8,56.60476183524445,1
4.67096434165323,56.306830071471836,4,67.96755551750499,0
2.0255074250008915,94.19926631615527,0,52.079619298251004,0
7.085276097413114,99.9216551818266,9,55.76117331699452,1
7.31887469541542,95.15790630266046,4,31.983349243580612,1
7.488038971468879,86.67354854998925,0,85.01548390872918,1
7.556238510027328,88.74212817242685,8,97.85331985313321,1
1.0004754423906712,74.42465455267518,9,83.8668586293381,0
9.5852872346205,51.409231774756634,7,66.27479945330205,1
8.327878903491968,80.62244110886303,6,87.92569951987804,1
9.135835269303568,82.76518012359588,1,90.05153301581515,1
1.1407896577669072,99.12310841607434,1,68.11658416497951,0
9.404729162071654,72.4780789753793,3,95.60102399759171,1
8.288096758192943,56.28214090150338,8,32.11191351398932,1
8.534972286628287,81.02035130437041,8,30.706720687997635,1
1.8395864624977167,98.76254917998727,7,35.70215549152711,0
7.649002260267379,50.63283449614564,10,34.050040081741614,1
9.639250206778819,59.55987511213616,4,59.72276914475406,1
7.106926072763446,72.51285722636086,6,95.82247727453907,1
6.135052641621458,50.21287809292029,8,77.26564849943554,1
9.510667099740973,41.3332383711963,2,76.16170028711197,1
4.9864340956099245,60.21898734647503,3,56.94202296358157,0
6.393642096794308,91.92224809006348,1,67.36365193254653,1
5.287044641449295,42.60810395942289,8,51.29222875810962,0
9.395615992242693,65.73574354101504,6,66.24864175818655,1
1.6847625408895652,85.73204637556495,5,82.26626361003173,0
5.5100773074281335,97.19095581465311,4,69.10847249773092,1
7.182571972468945,99.12852394026594,6,59.3210287456494,1
8.127158845800132,65.3181628365245,2,89.14454447489679,1
6.247167826997227,97.02305766274705,4,50.12100158563263,1
9.180259697093085,42.125138396851824,1,63.70408495471221,1
9.477923021954846,84.75501627991338,4,98.47030894467404,1
1.5788730087422516,78.56476207801677,6,97.71251399658829,1
4.6213348558723695,54.971311455169136,10,30.439923166269455,0
1.21113119549039,70.43911004077893,9,67.25633862525774,1
3.9647499163699864,47.773224265629736,10,53.58434812126116,1
5.831813961735419,92.29582905709366,6,50.385670882273196,1
9.19715437458954,61.47388513273888,8,71.73765250260763,1
8.618988902188626,77.56266822794299,2,61.2413026235929,1
2.1474975400478717,49.52657717723574,7,81.29894570854489,0
1.8372733726680615,52.36989067787243,4,31.899393325351404,0
6.303406048810003,99.51738224818912,6,94.88235925949726,1
5.789061752129044,85.18518366647976,0,69.7315304489495,1
3.397398772870215,97.71831218644425,0,77.88466915504823,0
9.095077760984516,57.75106991272265,3,72.32105322982659,1
9.346297685153981,49.87377259718922,4,99.23921244167413,1
4.623502945061464,70.18410780872986,9,99.0408908907467,1
9.012723014021683,69.6800969336406,2,72.69240045037085,1
4.455540048366753,50.49679082547927,5,77.87743063761636,1
7.6313514864673015,83.99317417488462,2,73.29988917591228,1
5.283479957929517,61.70665206632404,4,51.74766467577105,1
2.103248408564647,51.181913855831034,10,43.482948953105534,0
9.351407811133194,59.919003672597306,0,58.193420626948466,1
5.086869340397829,73.81952197810091,2,77.79297756111278,0
7.610383362901633,83.58825593082659,6,33.91841480186816,1
4.30456432988163,68.91345316344908,2,66.0013644767696,0
1.169927907186112,71.53569938970242,4,58.587812918447284,0
1.904773228226523,48.3367561565649,6,66.92393888999331,0
5.465975315409319,94.88145548249392,1,90.21586431640834,1
7.209679214137261,95.72345187952266,2,33.332709628994074,1
4.012617939213511,81.00559542508023,3,83.45368345531912,1
7.259396132598853,41.057884536041485,4,76.68369243535386,0
7.287720304887604,72.22445295419956,8,44.26935866811846,1
7.335423165950478,77.75313832531681,8,81.39285686696718,0
5.432696686184576,99.6792533774866,3,64.74603628152704,0
9.233975351093536,99.76401731168781,8,63.671735697442145,1
5.40276866182554,91.45667411953345,3,63.81493604626843,1
5.052386741469744,43.82985952156681,1,96.44638435758934,0
2.794427371095643,97.19658344672379,9,96.1055154435755,1
3.7688957862070285,76.75967482911994,0,93.95256326796869,0
1.3810104326647301,88.05320622875077,6,92.07194514815657,1
6.701817642545532,64.43157098115121,3,32.631166409974774,0
3.236821695343836,59.180168274075385,7,58.04164489784999,1
3.737397290369186,67.79464872902848,7,92.6413944467958,1
7.937330694978891,48.812470778129615,7,82.85885889626476,1
3.944990648453085,61.42396832519836,5,61.96618616298827,1
3.1797630281182796,91.45704998609672,8,84.12771260520162,1
2.5215197422033517,42.27702917565289,3,44.573007806953456,0
7.973725619637603,49.052682809476266,4,71.98594718099555,1
2.167356321910242,47.506969578969134,3,67.30987973241622,0
5.083783842253181,64.18453256201369,4,70.14829154075198,1
5.56237104469475,99.8192140534517,1,80.5256793962518,1
7.186509214171432,50.40147581268296,4,96.4861463873654,1
6.699551340996959,48.72895897595561,9,48.4808237562884,1
8.296486056506573,94.90334378656927,7,83.06355427566407,1
1.4027629053361435,92.92303101795794,8,75.15986781673818,1
3.6679665230145746,41.93442219979327,6,78.66015471984308,0
3.5212070689784176,85.1023576107589,6,60.0243765507028,1
2.314152150328974,79.32794208858577,5,96.12050173843753,1
3.602604284707988,86.06444859116255,1,63.57593749913177,0
3.7878878272861307,69.67014728775533,9,38.51142525793839,1
5.696960157347305,99.48275310689773,10,77.64850863861122,1
6.9733403103363045,42.63082112265779,9,39.02083796337652,1
4.429904622506326,54.06229518422835,8,52.58725008500305,1
7.4752320818204305,63.792759218416904,4,45.960397415046884,1
4.02548804721622,66.98667649394218,5,67.72540757234356,1
3.612553095832843,95.28204416197113,0,54.325271825977374,1
5.870692502713219,73.60026184463553,4,41.18972657857256,0
1.2134472427521155,42.70665973122363,5,85.35700550923923,0
1.7181021127060032,64.47177780553972,9,62.794413430668904,1
4.7617258922787435,64.9894247421442,10,61.811432771190056,0
9.486214402525809,97.92945630626708,1,92.0454067382941,1
7.493606018590812,75.9518254612665,6,67.7177052310891,1
1.7931391255050197,78.13906426953633,3,79.69272671055163,0
8.616862115027864,82.79518187507625,4,52.964579934537795,1
7.590706935473629,86.2023589409274,2,69.29026433289381,1
6.498518731323879,78.10306421214935,4,80.84902804142459,1
8.382636645482595,54.23166106803613,3,50.75304023203134,1
4.6369886296866145,92.44275486046985,9,78.19739040873128,1
2.9935094576846746,83.92718802463781,5,69.81342146915927,1
5.608210501978834,84.51222910581735,1,60.393521422069405,0
5.939575800341264,99.79340435408494,2,79.90786931526289,1
5.844937348089209,88.15159209179896,9,52.183305887712784,1
6.085664123320948,89.7490841893092,0,80.01519226901553,1
9.538344264152627,97.08433094260951,6,68.57798518312552,1
9.120210607866083,49.06803999093363,8,47.192269858690665,1
8.881453329030455,69.86364258868407,1,76.77928268818222,1
8.212751298177643,74.83402141544725,6,91.9335075826197,1
9.490852965387568,59.75654375334746,2,51.70097952437317,1
1.8864517751146292,90.36420063367034,4,86.86323195163777,1
3.3861093530116557,85.74517729874341,5,53.52912494847995,0
5.455503510891264,83.25298447048743,7,87.47848668979753,1
8.618810438110646,99.82896638549002,3,33.580572712275206,1
5.546491403704592,55.562882404503426,1,30.50507197129473,0
7.732312654074298,84.12743510052528,2,37.92834358881376,1
2.250639147240246,73.08426849435403,7,91.17599654421781,1
3.2717243167890415,58.779350949632565,6,67.360529714176,1
7.585984855339051,49.63521224338755,5,71.58709065597083,1
2.4826060799895164,93.75303022405282,4,88.95438278526467,0
4.162203411894341,75.72732896247072,10,33.54520635991442,1
3.383796320322143,89.49603025844768,4,57.097492980959416,0
4.148755248002306,72.72069904009268,0,75.01632516143407,0
7.374916441701733,53.19862483924118,5,58.32761150498147,1
4.31062463028521,60.25292878601952,8,32.24911404532199,0
5.997369903471462,62.89233054841279,7,75.56605579182924,1
1.899386893489687,98.37608875022214,9,57.398090620095914,1
8.24515923911165,40.33799670288295,0,31.344630114699214,0
4.328997630833124,99.13996138147041,10,41.936286855735105,1
6.836807431300082,98.82769810658984,5,45.23075279837794,1
7.528506414956494,99.76904743180819,2,65.74310868482362,1
2.8869482990053035,68.59529073517808,5,43.046243072338115,0
8.96207486458015,97.82853817725999,8,55.29290906981822,1
6.546018264462576,63.735950910989644,5,82.54660344837629,1
4.858526275763333,41.5776664401032,7,86.54039225247419,1
2.6410166522039757,53.460831182305874,5,85.67890865149033,0
9.48070844111086,96.71777469624308,5,78.65579952837953,1
7.795613837184626,40.825881600124,6,67.926862022336,1
2.87222106459924,72.7596481253785,10,68.54412059927108,1
4.039396972518021,44.53609533368074,9,96.73712917904814,1
8.28706832279266,57.183794705654705,10,91.45081222561456,1
7.26109896893805,45.2855710427132,3,75.48488837681789,1
7.892058634441519,91.57171726678338,7,62.79464606499708,1
4.970809919916391,75.46424257886235,3,81.03492910333976,0
7.448286363779502,94.12638794309876,6,34.39011282570962,1
4.478443505775223,81.3011919724137,0,96.12257376631422,1
2.901366252443768,98.26174787470597,8,68.33056469232825,1
6.69409331357224,70.59265928562439,9,65.19533179466634,1
9.784125330389148,78.32263490577247,8,50.35843785827189,1
3.7954087425579663,74.5785291933434,6,30.23726463383613,1
5.148726329912857,69.05562576679677,7,34.28702346981412,1
7.066012339628682,90.75756192538076,1,48.410592058836,1
5.873556539102391,78.67150814022162,9,67.90823810937047,1
8.590850161381443,88.07873589132836,9,35.85062218056529,1
7.855684358225643,87.18183619614479,6,98.04364062572985,1
1.5246748347612133,51.46270963931772,0,58.76725480432489,0
9.985791105313966,79.00981195105862,2,52.14222320011628,1
7.771622083475205,51.97888115088005,5,66.76375359201495,1
8.775129846647019,74.99922869462625,4,34.54906144335849,0
6.860779408858117,80.64608106677804,4,89.53154715015407,1
8.70656615242086,99.8341042952552,8,62.21939946479423,1
2.011446774358385,41.8325186889843,5,42.48347880051851,0
4.12964052003384,45.47454364682326,2,41.32141006149386,0
8.887788492440436,44.62160178227389,1,55.26680476171265,1
2.81489690140203,63.901677176004405,8,70.13539693168886,1
1.7041788872202046,89.29530168914883,9,59.18341005573525,1
8.093070459506972,90.64337996722814,3,71.77581368874058,1
8.519375400789666,84.2187757432691,10,79.38344214305233,1
2.4638699637091053,93.81269450979687,4,82.39421336382001,0
8.689113845044439,59.37159665016715,8,58.06688917159843,1
7.180910160374527,45.28927865513795,4,80.19023180899678,0
5.680744148949255,43.48918167939101,6,39.90530472461205,0
8.472251735032465,91.12796317716318,1,65.91673401984292,1
4.7732432438706915,83.82617766122148,1,35.07603018019778,0
2.745945606010575,81.91691836066725,3,47.08739412073848,0
3.563674089495523,60.38058031274013,7,70.82306826498933,0
5.5464761646398335,62.79431131709357,1,81.82944798793443,0
5.7819771340585815,97.48681173395914,9,36.671655437226654,1
8.250227437971102,43.8282846458761,6,44.49488927184038,1
8.122174512871009,86.42390421626756,0,99.43287501703455,1
6.232299014841174,58.57799942250359,8,53.63603504060991,1
8.027069350289288,42.34327710475336,9,49.882853694618554,1
2.725961124643039,84.55420664454736,5,35.967996405862124,0
1.450580743839649,59.85471314070247,10,78.63899357354948,1
8.8627044037123,83.32885112456779,0,65.57773690950054,1
1.6799904438649262,82.45926298708721,9,41.028561449489175,1
3.220195867695976,72.0872125259869,5,74.3028763516085,1
7.257870546619461,86.64238775263293,4,66.80322501527492,1
4.685031438645782,74.8622994502746,4,69.54617086461226,0
8.886825729239579,57.19821117089564,4,99.63983638988242,1
3.681818151960426,84.04691806386515,3,32.0028909559258,0
1.1068421200242335,75.34838895266341,6,94.04805126624659,1
3.705900765046697,40.76363690139523,8,88.9323533107613,1
6.202675442663485,94.09865066621856,3,59.07399772621102,1
4.38344537862964,72.7386170994588,1,91.66624475468538,1
5.813854801828797,92.1176359287719,1,75.39928696609945,1
8.88938306951517,92.96421033893468,1,92.25481616908473,1
9.212365488073317,66.6979994041053,6,71.6311617584202,1
3.393766581887009,70.45959978707386,3,45.130446752342564,0
5.159264259429106,64.94526326053611,3,70.33549688362413,0
5.94229613717306,66.96620651848272,0,42.534357355109606,1
9.542012111994223,93.70882953830366,3,39.85795493811051,1
9.987555872479462,87.28864083807466,5,75.78428623449966,1
3.1186652395737395,47.591540578934676,1,96.32336315749093,0
7.5428188421123386,76.61846689240576,3,71.19471854452115,1
4.402279560098757,99.75439842318053,10,85.70513430875586,1
1.072973771975919,75.73304207394915,6,41.78550542863545,0
1.0832727019231212,87.15229753558633,8,75.79472563322594,0
5.145094068060302,86.14368840287025,1,81.30842300475302,1
5.395014217039011,61.01905155233972,7,32.913016436005286,1
1.203127269160984,62.31095816223753,5,36.80150219305634,0
7.182346750968723,83.44458530742419,7,84.71066163698444,1
3.646030497354578,69.99901189629011,1,60.79650150235209,0
6.039037913823544,74.23424254782327,10,58.39067020175479,1
3.708271658488769,82.77434742189025,0,94.42587178574246,1
2.504208833823765,86.65450162234302,6,99.43760770475392,0
4.664563647389878,56.29099466398428,8,83.506917583395,1
3.0904602831145067,48.80762556621778,8,85.48156420228463,1
5.813208792272513,57.50767880342352,1,44.58246983015232,0
2.7894567725783195,70.45229950552454,3,43.455780963799924,0
5.575653789801644,60.52847903782235,0,98.64779706991455,1
2.416406633819808,74.10176553085563,10,78.65642034847241,1
7.038772385372065,43.20794344753771,6,78.06968585855705,1
7.7854391599728165,70.58502469682603,1,50.03315797351864,1
1.993548108249404,62.07909441626248,3,92.05355454044245,0
5.210221708336053,72.08000529357295,1,33.11082780359962,1
1.6378453058938622,65.35200129309861,0,49.22132495252839,0
6.383642009878022,57.05355103825255,6,42.60989268600367,1
3.3796386813668082,94.24647432745815,5,79.77672550665153,1
5.74862011154837,51.085899305281416,1,80.07449932737359,1
5.657149084458621,80.88193453483358,3,67.43120415063254,1
9.319189115744203,95.47868275494486,10,30.368168670182254,0
5.941749003118506,72.32019758112598,2,91.1628725331413,1
6.246986317464841,92.58450931476892,2,96.89109930961583,1
4.614878131879422,47.491088705997065,2,44.1618718560719,0
9.541716428645351,69.62732621538449,10,88.95629090779846,1
7.994673184956486,67.42151682885637,3,98.13005162144682,0
3.568647612725574,40.48712842221969,0,52.888188635548524,0
8.597886271986088,66.59544048156008,0,42.953978001899245,1
4.891567241665809,62.141785382955874,6,98.42780364394962,0
8.458004291802347,80.18792366647692,4,34.18203042778112,1
8.40599261464152,96.29978671459111,2,49.317244935413754,1
2.6998316808656897,45.14746529572219,8,81.94204867312766,1
7.310270182452192,59.64858320287739,4,73.21474371415704,1
3.61578672375878,66.64388424365512,9,77.91574991631822,1
3.677434029934014,67.311122682063,2,79.56640783398151,0
3.6671326919252265,86.48858325053523,8,78.03009568258878,1
7.530114228039534,66.60373995000646,0,53.956886595395815,1
3.0684343761328248,41.629678087219204,8,51.805015862638584,0
1.008152517214812,82.60624567556988,4,59.99265811922699,0
7.437131681343698,93.0897817087403,5,86.53785031848545,1
2.5406626945161275,70.83428275298037,1,95.67897247450117,1
1.9403415577705119,74.86651130191032,7,61.867227489659456,1
3.1376450853465414,49.776186338142764,2,36.00362960514022,1
4.419104700904336,53.238756680737424,0,95.68089726293266,0
5.2831569472588065,54.110214347476706,6,35.629974599489664,0
1.4011303664136774,65.84451849287771,2,41.137672455227886,0
9.735159993646244,95.68871325373853,3,90.73746090556688,1
7.444567480776023,71.30708600289316,4,68.6034978359528,1
3.9087465879190253,51.52585871208116,0,54.68803385041741,0
3.868275315568576,55.96526415213698,10,95.16367806060966,1
5.036882944316135,63.04090178363106,10,97.2354472188146,1
6.636203404867296,77.39553854156796,8,53.153388589409204,1
2.31735759930071,66.40198918024032,6,90.78969008004026,1
2.700368323884571,63.546690650615496,1,77.49701963131899,0
8.734911245501959,73.88371602393968,0,49.21439610292377,1
3.306294315001653,54.51009969726793,10,95.90028767523074,1
4.421754981776598,44.73419635507493,1,34.41483788432887,0
8.841446658551053,41.46485888933333,2,52.25596094378713,1
6.968330464598402,55.075549808027624,2,57.738312750040315,0
4.075406914075195,45.49552204866812,7,78.34572523034801,0
7.153295911521587,60.18043831124601,4,32.6903118493661,1
1.1771489384327234,86.37601242158533,8,92.28438312938275,1
7.620783940102287,82.9776598292103,2,76.13720604391366,1
5.383144364646156,76.65565736728172,5,49.25159818025567,1
8.318639325560152,91.15001463276872,3,76.083946572363,1
9.591738868058215,56.9240574726566,7,67.58467439434598,1
9.332096945451115,93.10322518179794,0,53.53930334523947,1
9.183385391098067,63.954350180150755,3,32.00175292833751,1
5.609529603404984,64.0535990959976,6,68.57704734894797,1
4.241279027250442,64.3210968175313,8,35.752706035825355,0
5.185317922576055,45.885661974458884,0,86.71234490700823,0
7.209064029820247,98.52942989986335,7,36.19679565596723,0
8.955979991840682,48.31040666950955,1,60.01174927451237,0
2.862876727001076,60.45314346815107,3,60.41862545254487,0
9.263738426155328,59.15801921960543,3,68.93411634819485,1
8.336622087729001,44.480765969002576,7,32.76555230845081,1
9.809704136604111,49.1356078067126,10,44.26827132766512,1
8.922265959535185,42.69150017112315,1,43.96508288034769,1
3.51943596722716,57.5442696136308,6,71.92794302833724,0
1.9536032020964291,91.99941544173439,2,48.45448728447669,1
2.0101696479242976,60.36653234424307,8,40.09364866146049,0
3.621009867204485,47.42150992404275,4,31.284715060895312,0
6.5276535158608535,78.74163210303507,7,88.83813846955465,1
8.238882934874553,99.79605472329463,4,98.0083737984585,1
9.093252762834082,53.939427371915656,0,79.22833953157247,0
6.613780459323095,56.77426032223417,8,58.889869788402116,1
1.0506818147324837,98.31082325684731,9,38.540765934423916,1
2.6768509886668017,50.72657725302923,10,63.257339604648735,0
1.8975358346803115,70.67284404754983,6,62.0125206317053,0
4.26992028012109,54.37912798096569,3,59.3913416255693,0
5.512158942703714,95.94111387407463,6,56.48125068407289,1
1.3905746072070477,98.89126087457764,4,64.77274220360286,1
4.136301782160897,88.88187076720092,9,35.12264987034444,0
2.6126170716279034,58.88702894876863,8,32.68062177099915,1
6.823631496329865,64.2092485168303,1,34.47721986043686,1
5.17845132391906,54.53834101998528,3,43.99989360831439,1
5.457858822405179,93.4454780205395,5,49.4649178910026,1
4.84922609230115,94.8734966612895,10,41.86203336961939,1
9.604177394379104,65.13223973476283,4,47.634169933363296,1
2.932616126094069,79.39198419418011,0,43.008617768520324,1
5.6499783385948685,49.93319078648163,8,40.552028172385434,1
7.624156315288023,66.09615402180454,8,50.50878631898914,1
6.011599718211063,77.88994640040985,2,57.82588408827809,1
9.36118797145121,63.12418711108117,3,82.09867422454826,1
4.401715200771557,61.455971541187594,3,96.88849599866289,1
5.173082251958602,40.05993953601656,9,94.32757171278593,1
1.7967008369325557,88.25760782662684,7,63.31536478267093,1
6.480991999467356,93.3602567212869,5,62.29415622839798,1
3.5939077160329544,98.16781177274993,1,38.79885266070703,0
2.4427813556401197,83.15628310415293,3,98.02180886220769,0
5.9007816361405725,72.92753874219306,0,83.20684580085927,0
5.7907923704191955,56.157071188522565,2,89.32977823787624,0
1.6828447710164278,99.9579685578099,3,46.39145659559895,0
7.283939081450255,75.38517127192634,7,58.07601888524813,1
6.613949715857676,80.86924433982676,2,37.18515725750963,1
2.7011555447184747,80.94436971731906,4,95.85691737435454,1
5.224913759386395,90.71510774543088,0,50.00804533889622,1
7.48290624830704,40.58035233081515,3,71.72068336441427,0
5.764921664871489,53.21481642588231,1,40.65540202655027,0
4.559401685652132,79.93204001020084,3,86.19576585268243,1
3.9010461227284927,93.70874420947408,4,43.04412670845794,1
6.493544799796482,81.12032691528137,2,86.65690737428653,1
9.451978284792165,64.8094774896208,5,58.12337835613805,0
7.045703564297351,61.693329752215696,1,70.44299115992823,1
1.6727131327268396,84.27688049699923,4,48.879614653055626,0
5.146164761339204,84.4742618282316,3,91.79435194948009,1
9.017417183595647,76.42347955034143,4,83.1907910698458,1
1.850161832209782,57.48802144584022,8,54.79917747679644,0
9.89988140923789,95.50928910343262,5,70.97548301621816,1
9.541624542808792,73.11279652711835,6,39.02919213179604,0
1.7044703265688828,87.42954137489983,10,41.233060341146384,0
9.400719884045994,52.8584957297099,7,67.35743344110382,1
4.26819331233516,60.642447316883676,8,74.8419136711947,1
8.602382503682762,92.47477098324055,4,69.02021996102948,1
4.765450039419443,43.0064217963981,7,69.15855985107322,0
4.967696014322643,70.73891867539973,1,81.960309863187,1
6.708187818797883,68.90232879064054,9,93.16852365343519,1
7.970296773483851,85.07381133448493,8,57.13182818274983,0
1.3041023585342377,56.913626235959946,1,67.5853306822727,0
6.338403959744208,53.14400931157597,4,92.51167890656075,1
2.6805969468763386,95.56797032639403,5,62.499505957728125,1
4.1135456607688266,74.30257911750789,3,61.16042695504092,1
4.131717995396949,46.28137409701927,7,83.65601199949677,0
5.221543061990382,51.58216973285926,9,91.41107881390931,1
4.00722770688556,99.9295635708549,2,81.63705762179126,0
1.9662500660560098,51.73653977513155,10,37.00870735956103,0
2.310658646729063,76.62853068122072,4,62.53396954260876,0
1.3009418700498792,65.20768473973709,1,44.837873609256924,0
5.232241767958789,93.13594569099013,2,52.214352917388545,0
9.590029253676896,85.31011553771967,7,62.81280823356505,1
2.041077012833049,75.81708377570895,10,45.5070067933495,1
9.516380437027738,40.64433890787895,4,66.11535695335124,1
7.600253632588842,92.78771244960757,2,75.0293117652235,1
6.737489226407469,66.68004825032298,4,91.24288338754585,1
6.807499797912066,95.89465918111459,8,44.80224324965398,1
8.440548835566538,69.73234077125207,2,51.73955213270979,1
1.9622787794183925,81.65346935096353,9,58.40603367636307,1
5.5427889120898755,44.157558967998526,6,45.71827387506033,1
7.273820244346827,84.70909921160714,7,53.242804946360934,1
6.281384005662073,60.27976187871538,4,91.8345363943094,1
8.49501163920965,61.08154085990685,2,39.705835440782174,0
1.6504453811021635,47.11935068256339,10,61.062331556199354,0
7.216309355492493,48.81142891841213,5,51.76768830482003,1
5.80624957346246,51.14554337237261,2,35.401530523637966,0
4.412447775819491,59.69237011428534,8,36.728773040520885,1
4.062474840106278,93.51819476653633,1,84.94159387395953,1
6.587493694967736,62.09561429380483,2,89.6633113471974,1
9.018958371798384,83.46176239379311,6,81.89853204277345,0
5.465583334910037,44.96485023339228,9,67.74603380364178,0
8.42250847669228,75.46592795631955,7,84.08616256016748,1
4.619407436595708,68.91347387622638,4,40.641103038591126,1
1.921550165138589,98.67747681727027,4,84.61411204173206,1
1.5535516281277468,90.77246619273778,4,59.64326531259485,0
1.4620093419130982,67.28978634631898,3,82.52208740309985,0
4.42135127761903,86.50856584272033,8,45.94245760938053,1
4.035139757522579,51.58232447762665,5,88.27803945112498,0
7.461433212603126,73.74017964350668,7,69.76815820365971,1
7.685393514263792,44.47714333412249,7,30.51362572491054,1
1.4576857195036586,60.88534193510098,4,66.34870176958425,0
2.9901093660011346,53.551730897330216,8,51.71956355977485,0
3.4683566514300974,83.13458891951265,1,34.025130331886224,0
5.928507857285285,69.40544147286168,7,61.31167122917822,1
2.300637015162552,85.06422873088063,2,51.80291086213242,0
2.2054709746000034,70.91772625788673,6,44.307311472967946,0
9.494100002871622,45.18906652909831,8,54.43854017516111,1
8.23782616568003,84.1220589839516,10,42.57250513560369,1
2.6258941188205327,89.99375583926835,4,50.986844271586094,0
4.659110271149419,94.21187355476755,10,38.07340637649561,1
4.20059799331809,74.3195167184025,7,35.901881315573036,1
8.119036666588666,85.21512153996972,3,93.70135986960238,1
5.591916248303098,85.12266021295763,0,93.19360608702253,1
2.150647632941203,49.34498558793666,0,87.96036390641913,0
7.650928568406195,49.853241247574246,5,46.12278739371284,1
4.57199180402427,44.253130348547565,7,80.81234271850761,1
3.3663182286893236,59.19481810841809,9,71.27984925847869,1
4.379487598186481,68.41051526446387,1,33.58633895777687,0
5.479809072462067,99.87387116525301,10,92.97100255938471,1
4.088039647753085,65.85960052409017,3,99.8587460989513,1
3.1771519533258203,83.57455531044225,2,79.6105007602606,0
4.586518259235823,81.60382157635208,8,46.2055470618817,0
1.1725561967490843,52.26891701503477,2,68.80867159211343,0
7.9524806148668254,43.510429086966184,10,37.65663443034793,1
2.538504042108272,72.76040509201525,7,50.914545379818385,0
1.3951415226757353,82.01833553886857,6,80.2079213589662,0
6.883288236145713,99.89510741117536,0,51.075196250349634,1
7.9654251594130505,61.51666313687024,7,40.30441333812546,1
8.324462184335589,93.7818737248658,8,30.522982988053332,1
5.4415826439454,62.915947352151186,7,70.07600829624464,1
2.8483136622098675,81.36470250583076,9,97.80693659612439,1
7.635049095248441,75.89517583102312,9,63.889310868961864,1
7.2974176943890345,43.17872759815582,0,44.882835845311405,1
3.2164366069285593,44.70330561821551,10,62.42960160833266,0
9.130669802765137,41.24584538346766,10,72.14586046484632,1
1.939343122745461,62.25004507563937,6,86.09578217885107,1
9.844194156321931,84.74806292596065,8,61.687502753163784,1
8.742230298797182,50.36532363944336,4,42.10664452116197,1
7.191087809311677,76.35117810303375,1,43.160696459823825,1
9.448748994518496,57.329666801864676,7,92.98082115141173,1
7.5008005149133705,87.81955743874433,8,46.53693221234459,1
2.7141129732704132,87.90376894017945,6,80.96123375706378,1
4.9794052430153055,86.52487089798541,4,48.82641460523462,0
1.643527218984718,71.4900108280826,7,80.43934422756774,1
4.5069168005930385,57.074002604791104,5,35.48546108561755,0
7.674427177634878,88.56664263271807,3,44.51751345371943,1
4.477990158377357,51.16603371635449,0,58.60909038461902,0
3.972647579213207,57.38557612171936,5,66.072160604196,1
6.358201502592807,51.0368623696373,7,54.706574359000854,1
8.849840760990055,80.45260962325887,2,70.14614294437916,1
1.4282487329150118,81.17416168694908,6,52.77588856132982,0
4.469233912297619,79.15059956720518,6,77.49072620089714,1
2.4241666763373644,64.93608801188007,8,65.78449284496594,1
7.258188256586827,46.01026043208599,0,79.3576490998438,0
1.9515210438802137,94.67017507090128,4,60.16852728506642,0
6.983269827222201,70.46385784073429,7,91.3550095927052,1
3.575627837181166,64.41833169466548,2,56.74929410995371,0
2.7902513236350224,75.3294935948976,4,51.56935686153925,1
9.427173020424869,51.56742614914635,0,68.99595124818629,0
1.1667211907136028,47.95292674629246,8,65.64207178064085,1
4.939995447006121,64.33151328747661,3,66.26686513559119,0
1.194642932156144,53.63324164599463,4,85.72910636625295,0
5.3523374329389615,54.65741767222987,2,71.20177385138143,1
5.5094264001497635,93.55068926671177,1,91.9685821217894,0
3.8949622425527233,71.8455506311495,6,73.33678883374822,1
2.1894559977252133,69.00814385940106,10,31.519080086608998,0
4.387487839610278,81.36877562371583,4,90.9275480836816,1
7.050366459393095,97.09288682060438,10,88.78491448865819,1
8.041562277800132,46.731913868233846,9,33.41949072566613,1
5.776755421493281,90.01207402655544,2,38.769912100459436,1
6.3085095499578,75.04115079207075,1,68.94492075209364,0
2.8055473401218745,48.76992122871023,9,32.999679750492945,1
3.585972999048845,57.828959121339494,5,58.78175848403896,0
2.4570604904712257,68.94168498788437,9,98.27524536547939,0
3.243658150041502,81.47062867464538,5,42.09433047857401,0
3.023981022029786,54.55642101720713,2,44.426707626453805,0
5.675039077521138,72.0927289280554,8,77.3443867064455,1
6.0641988021165645,81.08029764495171,0,33.07847463356017,1
9.50452678739354,66.92444505085038,2,87.44803130583847,1
2.7601358239137075,91.78155766721055,0,43.93218067737712,0
6.7750813914534636,92.16754617042426,6,67.20879148624951,1
8.355333420887707,68.24147305842675,1,47.41342126587909,1
6.0421731740474725,98.37554262453398,10,76.121735597693,1
3.2950328725096814,44.53510554432684,10,71.1051264567241,1
3.362952070180002,40.2017426993762,3,96.25078136202214,1
1.3532774776389993,62.84009582823514,3,61.19205289039402,0
3.7489980389363353,76.06582368235055,7,91.24152739070007,1
7.701433111030421,77.75200944697966,10,70.30752855652258,1
1.4276598148639934,68.58674417762971,3,94.01238565322627,1
2.973657542543476,47.49299879443877,2,50.42754446375816,0
7.3560924867860376,50.229851307273655,9,68.48327335581999,1
8.04386406540589,91.12887903112055,2,57.30207490974408,1
5.097865690557356,92.07466790435568,4,34.61281222180172,0
7.28266904630784,80.43391227164321,5,70.1986061908801,1
4.491569517894028,79.85307833673295,6,85.59598804097887,1
2.4392192052171477,75.86092768166844,4,68.93425393837703,1
4.583345441706159,52.17555314211929,6,49.553951490893866,1
6.2197103818282855,65.6950420155942,3,48.468032567908196,0
9.532479536676012,81.75367908780272,4,46.648697865621806,1
1.6187585687980959,72.23513632020033,5,98.57421399106667,0
5.5665468446046455,41.114820043305954,8,57.94536788598309,0
3.9602780038965193,97.2134084032059,5,52.18088345499861,1
5.574805248490251,90.6889631543286,9,59.29276530216685,0
1.215779026388785,55.63270084658427,10,38.1058548561539,0
3.817228192314232,76.98753610997777,0,43.721366979844866,0
8.378813327743046,95.39436302369126,10,65.62314992533942,1
5.985475604691738,45.76066072681908,6,85.91930147736647,1
5.055242435345057,70.18176884780203,10,91.34986830803993,1
3.5697256454380564,67.37458155077766,10,90.61893373085275,1
3.682382705122203,64.61230031701194,2,96.13256078967031,1
4.44791290231526,90.13531653357549,5,38.80400666447303,1
8.520136389681044,62.838768801847436,1,32.867919903905964,1
9.704918861274415,43.81979999446045,6,37.40118526346257,0
4.947898432153371,43.95026452985815,0,72.05195773327158,1
4.540175548729857,42.56467639147654,1,68.92832900436022,0
8.618956982378766,64.54872531244223,8,76.98470441492188,1
4.842147885726733,83.1043766619016,8,55.976344829101,1
5.968163550660861,52.223347715830926,6,57.41121641659146,0
3.0784749813887,78.78811122589298,1,68.19025629007757,0
7.691522822011677,81.22530832622225,4,35.533927940135534,1
5.787894864437037,55.312127440935875,3,85.99105162952715,0
8.281310952163075,76.03345936363775,1,94.59988836683858,1
8.026594570258027,81.09210040161085,1,57.114164051049585,1
2.935042914430257,67.99681736812754,9,81.77006990836112,1
7.440719955019862,60.202995836805705,7,68.41843041938144,1
8.200489671562343,77.14909309445963,4,46.520601602986716,1
4.1149651670415555,98.67082523968341,7,34.74584528852605,1
2.553482016120471,65.61048456213868,1,47.21292374761158,0
1.0236894002162935,63.50410577710726,1,72.34343082510344,0
5.058132877838333,67.8560141455668,10,32.81608432182641,1
4.171894583849574,44.573103606702894,10,88.53335115071863,1
5.9941885044286805,73.1897967802834,2,97.92143355519534,1
2.6923698332990718,59.72184323303581,10,35.8451338360192,0
8.736989928998277,47.28532733987575,9,47.26885515070434,1
3.319796940652987,67.97540446704241,7,77.29435308109711,0
3.0378664457888496,40.203039194438645,7,86.42562263975678,1
5.326426508359203,64.10711470976554,2,54.21958641813877,0
5.489659213698468,46.34411607558703,0,66.06669012285205,0
2.9357670590658356,41.45756220398682,6,92.42315820740598,0
3.446746540533242,89.46850277467013,3,56.90788393645773,1
2.5273471523972044,94.97492819695809,2,35.70767914237565,1
7.4661416049085005,52.460478901546395,4,99.64258853269561,1
7.930801281286737,72.35789583005567,5,42.619614382425134,1
5.160956477133544,56.6774894278591,0,33.414727231910355,0
7.426783204165157,69.61464632033093,8,58.74575181916659,1
7.62341852743701,66.19787925364962,5,38.50244649054024,0
2.2444797491002775,56.14306330482914,2,98.51133690980573,0
9.69560222351083,82.02361477811786,0,56.65556992435839,1
8.389287523867878,47.589457559215255,8,87.80677930363757,1
2.8403511507624115,43.184366930282025,1,42.362377265311565,0
2.675485321714632,86.06052598223675,9,39.717032972512946,1
2.1309503102162446,79.95580187324079,5,75.45051910335204,1
2.2454070628772653,69.91156744878387,5,93.65170950668846,0
7.7334561912582656,68.06738622835249,2,38.01755184719896,0
5.226888312564612,69.84468276948557,10,71.24777759654455,1
8.046407554658805,66.22144456592036,5,35.94576439925895,1
7.716294049151848,63.57353774987075,1,86.85140608083204,0
6.441514421546994,69.98143617316722,7,93.65141395001918,1
7.177299459208116,71.71091026958563,0,74.01560122571034,0
1.165201519412276,81.51413884501726,5,78.18401717788959,0
3.805998821245198,82.67242964404136,0,33.88055252284158,1
6.7403996133346915,62.65774480840868,8,35.1084030820258,1
1.0841045813761978,64.81243136460932,8,42.5769389194904,0
1.2967924931433408,62.42183018417338,5,49.16799271323141,0
8.666991842233449,72.19214641754263,5,83.18992817878977,1
7.156223755228646,67.20121227485171,8,60.48004729090294,1
3.3883275980830954,93.3757877881716,4,35.47747807226876,0
7.1916655610683815,81.78167601498836,8,89.6851543599279,1
8.13211002225337,93.91938302526674,4,99.56786918038728,1
3.7611485479909113,82.54821949356554,3,61.8518404893542,0
1.324336397492687,98.25952891142884,1,65.82348039029,0
9.39501212218961,78.14420669531614,1,35.49566074406756,1
4.106618544660675,97.81300828978328,0,56.811220162110835,0
1.9583358695623574,49.49019342456556,9,56.02630519230816,1
5.426711842538326,43.148660849764234,2,97.60540590870903,0
7.916210160977204,74.74751111223156,0,76.23020564121845,0
2.9948258315580323,99.00959234798648,5,84.7528212172845,1
3.4254104512002703,65.0563148381438,10,38.98324354186625,1
3.1844348811872485,52.722601731577576,6,59.18488172198751,1
9.925057475485104,71.29248695161084,8,43.40869616150615,1
2.776633603574883,78.9279174747333,6,90.21322847988966,1
6.179681952695116,58.91072173095334,3,40.66606626804604,0
9.327381774912679,82.88616150995557,3,60.72098533020014,0
2.3220691199000134,98.50687042274355,7,33.755519722762784,0
9.737687780809303,93.81778730263702,3,74.40060059403069,1
9.52729510956062,57.49512241073172,0,63.73473249634326,1
8.961147883524363,59.6034209886759,8,64.8576740708078,1
2.9310086919700202,62.292473466975316,2,37.11332374142434,0
6.70649550409885,63.67316670361872,0,65.97868296519482,1
7.848023256651161,46.019169951596766,8,69.4648443547789,1
9.874251353767868,85.71777033335735,10,97.39880606741326,1
2.6238143987323337,61.92035581664203,10,32.32558782998545,1
7.894233095673668,92.78919860232713,9,94.58995266440942,1
4.049210529344016,95.61643738720653,9,63.56951205521092,1
2.580638190112021,41.465878558461284,4,44.7080167843682,0
4.792392470924694,99.31018419569237,8,76.58822580658577,1
8.144523209337548,82.60136389001107,2,66.19365520770718,1
5.183648233336469,71.22353355957773,5,45.872851150080976,0
5.837707901827437,63.3716565023532,10,73.8778792084897,1
9.95643469180109,71.11108795658278,10,63.12835926294147,1
4.591983696016834,59.47748343870667,6,78.23102328533676,1
6.538606792383159,77.36126882179289,4,78.23538496905748,1
4.287197814538347,45.57881658668747,7,63.0970723307633,1
4.535070816958345,77.26735617470861,9,57.355734764514914,1
7.260766781008673,56.52069100830665,5,34.42709689989123,1
9.44098278485395,41.05808974314078,5,64.569261857259,1
5.881230554430893,73.16234596977266,6,47.018052036189964,1
7.9155993605390185,74.70686535116178,7,33.7273225237956,1
1.8028590293526743,65.59414028269217,1,53.12661613062047,0
2.9004223368873427,44.33717395301901,6,36.12283131094636,0
5.519184768275792,93.60057716825149,8,70.58192760499983,1
1.1801055126589732,76.68584843367333,0,65.25683452991535,0
3.275694808863029,46.94279797413817,0,85.47002981772613,1
5.656611608424695,70.65583459564886,6,48.73434805474747,1
1.1346507843067064,69.83525895690829,4,56.00703458290019,0
3.3809165760343753,43.62411212757562,0,78.22652720468844,0
5.626277375282825,76.41158221617685,0,99.5061164162058,1
6.158343231831211,88.49958393529386,1,93.29188302125182,0
9.331765237497748,84.94048325490868,10,66.45774289104345,1
6.80811060925547,52.178164849851,9,77.45631071066296,1
4.732622222769944,91.73755177325268,8,67.23456286031853,1
9.37316059419761,60.552529939561055,2,60.43638723331236,1
8.063946850490147,96.79050269751647,8,72.16083826768075,1
2.800080290014728,44.30487785354282,5,57.05494577278995,0
2.177581252139378,69.17252131119056,9,49.61318490187425,1
7.082304721684596,75.82746263065295,5,79.39717319611793,1
6.038948490192855,54.859005908476284,6,91.03813890164875,1
8.1070625241348,86.28281132321366,9,50.161701423545395,1
7.649245450708178,77.61374078864301,10,79.4824132417221,1
6.626903804717635,41.08656623727733,7,60.38133025838755,1
9.87743954466003,76.50211544177415,10,51.145952602920644,1
5.802307570993678,69.48869406510678,2,73.47776849802311,0
2.0179518085154786,51.761752102210465,7,95.75901235709075,0
8.454462083343895,99.74489362357178,5,54.618403692872775,1
3.266680261111381,93.8297316896569,5,83.16355115258045,1
7.9957193332952645,57.550461701743814,10,52.028865773408455,1
9.613963864000462,72.46425524791698,2,86.27078668271257,1
7.271159625679071,58.99012839461744,5,83.1989307075965,1
6.36427144854821,86.52974509816468,10,83.59429401375648,1
5.143475581075365,95.8198859917873,7,99.83956476013347,1
4.279688793958629,61.52971641486302,6,39.83623002644901,1
4.177042758746526,88.33505494861765,9,57.21874631858863,1
6.727354351386316,69.9044525627923,9,74.1568516660891,1
7.761458052439713,63.794713678694634,6,71.33328307104804,1
7.106653625359729,96.30531112592618,2,84.64431592243497,1
2.7856909107420647,70.62428132314189,9,33.28367072221137,0
5.4458846212914205,68.0446300154479,2,79.35358181419969,0
8.124760649647566,80.34606411774058,4,81.64067696356378,1
5.281336703701506,55.674052061097065,4,34.27707811659437,1
5.829609517619445,59.48757224729894,8,67.70776500623046,1
7.9402244335373995,95.92275017431737,8,47.149489314235566,1
6.951387756385824,80.71179072621655,9,86.1139082959931,1
4.684104287941533,89.59822886626034,4,33.47295243356281,0
9.05871440074797,56.26670571612578,4,40.23149031071757,0
2.4631036179713073,72.62741139579232,5,37.311763990291084,0
9.959648037312922,98.2837760193699,7,34.5652393816109,1
2.0696732062861347,59.122233941693054,5,72.00515641121598,0
1.1345497399381501,49.62858857902251,10,90.79828457930748,0
9.010170110338882,70.65316049347985,5,65.76811872651766,1
3.204581575293605,63.269265323492576,8,44.740706533992835,0
7.567296647020488,49.574633967202814,0,54.06573879443802,0
8.299138374388624,93.31308296220209,3,55.22563554490378,1
8.730877519289052,99.44343463322667,9,61.61447783650071,1
9.9243481209775,74.11493084139987,9,59.437685616494576,1
3.6463573903599915,86.48060610240725,1,76.98058766736133,1
7.392190077345332,91.54230217277797,8,53.7938519725557,1
2.038598724527454,82.05892036130962,2,76.40757749683203,0
4.661283622211645,42.649362946703874,9,68.27414156965453,1
8.631745239813313,49.458053903009066,10,33.39561929356955,1
4.308922414531975,44.259351469083185,1,94.37704589515225,0
6.319858424820526,40.59277639852339,7,42.457017550232784,1
5.533960993521706,58.35978452543419,3,61.607019915743024,0
6.813563780008406,63.541357628893586,10,96.3318040859857,1
9.756049504489255,54.46178394015554,1,47.313324100464555,1
1.501619738512619,43.876278885179254,3,31.551518397790243,0
6.165653657514667,71.79178545020065,6,64.30348774491884,0
8.767259013252563,56.3991591974285,6,45.67518372281492,0
5.332444405735847,87.76222929181374,0,70.74192662432412,0
1.7067446734741554,40.48315729751687,0,87.19756788737396,0
6.044854171750938,90.55162307725661,2,65.78539409512268,1
3.988665017414384,97.28522073675742,1,75.15205414183853,1
2.394476068041423,82.96810378921418,2,76.63066770791855,0
8.641310619551257,84.01864391575398,3,87.43741476235482,1
5.694395616920095,96.01373869616398,6,78.1548766284889,1
9.3994877114116,52.54427711802094,1,98.33205062541072,0
8.254148541427622,99.6739340925146,6,61.9347877162557,1
7.236746143963006,86.40887220271252,4,33.51808614689107,1
1.0452295302878074,83.59424249966762,7,57.5818832437574,1
4.8504111097442495,61.66543473971757,7,88.79146298572603,1
2.777376534868291,72.74664912433664,4,39.31473573599351,0
9.19718119943981,79.23506729640081,9,81.51578968062779,1
2.5712558620872423,77.22057167903296,7,67.49630208044901,0
3.5745404649335697,82.29907830865484,8,93.0466267953471,0
5.651530909610493,44.94290434470464,6,81.18327667027408,1
3.3702725709827135,61.3389059699018,5,76.2366877396237,0
2.8887820955120906,66.04000099572863,6,92.08145505088335,0
6.391893925924772,55.637757872497986,6,93.57539491051591,1
1.8003657047952148,50.35763621615342,2,56.944169310471395,0
1.5235098284883226,48.33564879477177,5,94.94931182908371,1
4.350207656674643,61.983003535395106,5,33.82886013039724,0
7.485980090570761,69.60650203375396,10,83.37966395207924,1
5.993260824465532,43.77858640879964,8,53.557165948097825,1
4.8058882162010095,96.78748567543298,0,64.11778618959974,1
6.091764078021241,85.9145993716455,6,88.50249202098861,1
4.289063361879462,83.85110639112798,0,74.592710670607,0
9.425317018889016,50.37163149932361,9,62.02437171734003,1
1.494144018196969,76.22804608073133,3,41.47532699482616,0
7.060523311268517,71.78349680852004,6,95.74853568573117,1
9.021543983449755,98.94813074720163,5,53.27342335789169,1
8.234962378617281,84.86030620480948,5,37.081306653876595,1
2.6563693133930206,74.54571302297387,4,69.49027230141822,1
3.663337140822595,91.04875998820734,10,58.439585384801994,1
7.453431448363943,49.30565625164257,6,71.33578123061139,1
1.7584350326268898,40.91299178145863,8,46.34709736573425,0
8.306755298493258,81.41400000487138,5,56.511020556560425,1
7.470162501443113,45.89868761423425,9,98.07558616014646,1
7.566459843118083,46.92601839901055,6,95.55753463261314,1
1.9021723324083224,84.68084358547183,8,90.5067220670542,1
7.459844903346077,56.232090648039346,6,84.53846036863402,1
7.11836312697973,77.71787293413357,5,40.95918424076025,1
8.478302417396655,95.0444155655649,2,62.68514129601728,1
1.3743636063082256,58.9884718982715,0,80.95319501143655,0
1.2079960162101298,53.02864947039513,9,48.323729609358594,0
4.357063898907047,46.3937730244631,8,32.31519492099973,0
2.339094554642376,47.82774168518357,6,59.26692295269471,0
6.025460298131997,43.733361722730564,2,59.7598977485614,0
9.25614011356074,45.25854272978441,9,34.55701801956053,1
4.523317573006142,65.92027532854924,8,52.443090539764604,1
8.604553395453436,59.25190270143818,2,94.21100418512202,1
1.0021678706607982,82.39364885937988,2,47.52077649263307,0
2.516631791132658,92.2144994948201,6,69.84118720759109,0
1.2738118568867707,87.08639218854306,1,64.15173862077003,0
3.9533246246356177,71.83823539993914,9,90.34880467870194,1
9.173706361268525,46.146526973959205,6,75.74851706235066,1
1.8725691123908899,82.58603703649321,6,41.090064636364474,0
6.457687990694203,61.76972348361241,0,40.000810879049,0
5.0634634520749975,45.13902363492461,9,69.02410592684255,1
9.446213911292313,90.54798443275754,10,33.25264536490572,1
2.1026722828338444,60.29299103095033,1,57.547166219260404,0
2.9082506545200606,53.09492995069428,4,57.93077554060494,0
1.2658777175034395,92.2871238771306,3,43.74331848467694,0
4.905417246682363,94.1280321068203,2,51.070854653586956,1
3.5004960960818887,60.33825023149359,9,53.09637689806746,0
8.829153405012889,61.2880851568824,10,30.823101940695757,1
6.444467318779796,74.77771165498865,7,86.41239824926687,1
6.526816641781315,84.00648962863949,6,97.02123744502785,1
5.787196271931722,43.788952114411806,8,50.2486566918299,0
1.826653035062809,75.6006194313083,2,37.83898903567727,0
5.0051681535281975,97.1692037070149,9,96.74865002295022,1
9.995546707376649,55.72563383079722,0,81.83857148112668,1
8.517063617614134,94.52963284581602,8,92.37996997732007,1
9.041131487504042,97.01010044578561,8,55.261330596245,1
8.409037233218495,56.14921845826538,0,63.88435930337537,0
1.927375240878844,85.25211195312103,7,95.1167794259658,1
3.0470342865831967,54.3265004991736,9,62.16867129761224,1
1.0280948622076866,84.25666970392797,0,77.04667057364725,1
3.7315911239030033,87.84519827732956,5,79.33591563668907,1
1.9774666211184333,54.832342222638964,8,88.59796897924602,0
5.255140107714247,82.9521726149941,2,98.26252937779341,1
7.094147397165117,88.7262723318454,5,53.44295331699655,1
8.870547655342694,61.5147323264147,2,47.32155945265364,1
7.742954485818084,50.06216655938361,10,35.439416442979386,1
9.447270362006547,45.51787403905082,4,89.95762664756128,1
1.4850846135440992,74.52290221659652,10,50.48759103304403,1
1.109618518748873,98.68588715894279,6,33.47289567433963,0
6.9520430245259135,89.37701920133297,10,90.56893309734026,1
3.6041716920002163,66.15037833607317,9,65.69365994897086,1
3.2815091449519582,72.19725417129752,3,88.68192431847535,1
3.9779837892441483,56.77167312470914,3,68.8137371835906,0
3.4281645210312774,49.78395204160381,6,51.9610824135267,1
5.602927656714286,68.9248694939364,4,39.08471142052774,0
4.961336025017193,67.81009397003112,0,60.60130589393135,1
5.611856962389907,71.31579716822561,10,31.858432981543665,1
7.054422503503925,97.16827513383645,9,72.17216099898874,1
4.484174580740335,76.23371800868634,1,59.93652456990863,0
3.261769184279411,76.34631019734243,5,39.90665438990757,1
2.495804831278709,47.681485771664605,8,67.11641435689975,0
4.14526707579363,99.78933197060923,6,86.06374880125755,1
7.676258277215548,86.37069665408012,3,98.23602003261621,1
7.810344191003226,92.6322006456403,1,66.91509486589037,1
7.002148480157892,64.85802470985965,3,39.068567273026815,1
3.1062535777618714,70.12768574713749,4,86.74943300211517,1
6.29277621269228,71.32502854973659,1,78.70520122873793,1
6.136206954191632,51.64567235737631,0,96.77798732880392,1
5.35839578298753,81.36934937961743,3,67.46490984487976,1
5.949810877454778,94.1786034170474,10,54.997274058284354,1
5.426115693613013,49.82234908830514,5,97.39880843242808,1
6.089107294666974,45.17909640916987,0,67.69112070053447,0
7.439553591590159,84.29313433242052,0,31.113397341576334,1
1.9866537496309578,56.39210990037893,8,63.15683088785906,1
7.746631769341214,77.43175249703975,4,30.166462165267074,1
2.2229753511483477,81.74550027953083,1,81.63954693260708,1
1.5996519856933724,59.31464581490931,10,69.61615794910713,1
9.784717175993208,88.90867584554707,1,37.686077839327794,1
9.612925919833973,72.99933892685301,3,86.91079150728758,1
1.5439289044650764,92.13996447710817,10,67.55060660499726,1
4.98928097327466,85.79761315353684,1,37.984226437798156,1
2.6762044446979725,92.11453792224722,3,41.200761268118,0
5.3681040742097625,41.209682927073644,10,87.54726963095914,1
8.471595186996286,54.61037564431568,5,54.884081282562875,1
9.555505972686012,45.40047642675632,6,87.4767253094176,0
6.708273881063836,66.52498103136095,5,34.86523505564547,1
4.185151004906354,93.39760729691909,3,47.07013436058728,0
6.429930090801386,68.05241573601215,9,83.52078170076848,1
3.808011754976053,90.98278267482365,2,74.91914846440233,0
9.188412767488543,59.63069428115907,3,51.47771632952778,1
8.833604167952533,60.37420436831515,4,95.52185058297503,1
6.024085752516949,93.73370381961266,3,44.774636481491854,1
3.9231902384232447,65.5490287907021,2,89.4845698599341,1
3.640507080246805,87.38592926767998,0,78.70207100931952,1
1.3007619523455352,54.19861287291408,2,38.47819528231214,1
8.342387659227658,96.92804978065813,10,68.85809393133505,1
5.053448917351072,74.47469479183427,4,95.09353065123695,1
3.9261963556023796,85.55941411470411,5,73.32272342243655,1
5.239993194979785,45.37094198769313,3,67.01651788620975,0
8.368641914091867,69.55985354983173,0,55.6426233480299,1
2.1215278693676907,94.0623098640414,9,85.21516984831507,0
8.718903894176446,92.62231774259827,6,93.91414497185492,1
9.077579515975186,42.80883743405365,8,82.73217517002087,1
9.520371235304994,58.2219081477368,5,80.76745516807517,1
4.57739193180365,66.5992003887448,5,43.474325836879856,1
2.954263636339047,50.33588886134729,8,88.37904393517388,1
